reference,decision_date,period_start,period,outcome,upheld,business,business_clean,firm_group,firm_type,sector,theme,complaint_text,text_length,pdf_url
DRN-4753846,2024-10-30,2024-09-01,Sep 2024 – Oct 2024,Not upheld,0,J.P. Morgan Europe Limited,J.P. Morgan Europe Limited,Chase UK,Digital bank / e-money,Banking and Payments,Refund claim (s75 / chargeback),Mr C complains that J.P. Morgan Europe Limited trading as Chase didn’t do enough to help him when he told it about a dispute he had with a merchant over goods paid for using his Chase debit card.,38,https://www.financial-ombudsman.org.uk/decision/DRN-4753846.pdf
DRN-5116544,2024-10-30,2024-09-01,Sep 2024 – Oct 2024,Upheld,1,Creation Consumer Finance Ltd,Creation Consumer Finance Limited,Creation Consumer Finance Limited,Other lender / payment firm,Consumer Credit,Irresponsible lending,Miss C complains that Creation Consumer Finance Ltd lent irresponsibly to her. She’s said the hire purchase agreement took up a substantial proportion of her income,26,https://www.financial-ombudsman.org.uk/decision/DRN-5116544.pdf
DRN-4615912,2024-10-30,2024-09-01,Sep 2024 – Oct 2024,Not upheld,0,FirstRand Bank Limited,FirstRand Bank Limited,FirstRand Bank Limited,Car & consumer finance,Consumer Credit,Irresponsible lending,Mrs A complains that FirstRand Bank Limited trading as MotoNovo Finance was irresponsible to have agreed car finance for her in 2014.,22,https://www.financial-ombudsman.org.uk/decision/DRN-4615912.pdf
DRN-4781568,2024-10-30,2024-09-01,Sep 2024 – Oct 2024,Not upheld,0,Sainsbury's Bank Plc,Sainsbury's Bank Plc,Sainsbury's Bank Plc,Other lender / payment firm,Banking and Payments,Refund claim (s75 / chargeback),Mr Y is unhappy because Sainsburys Bank Plc declined his claim under Section 75 of the Consumer Credit Act 1974.,20,https://www.financial-ombudsman.org.uk/decision/DRN-4781568.pdf
DRN-5051261,2024-10-30,2024-09-01,Sep 2024 – Oct 2024,Not upheld,0,J.P. Morgan Europe Limited,J.P. Morgan Europe Limited,Chase UK,Digital bank / e-money,Banking and Payments,Scam / APP fraud,Mr L complains J.P. Morgan Europe Limited – who I’ll refer to as CHASE throughout the rest of this decision – didn’t do enough when he fell victim to an investment scam.,32,https://www.financial-ombudsman.org.uk/decision/DRN-5051261.pdf
DRN-4572614,2024-10-30,2024-09-01,Sep 2024 – Oct 2024,Not upheld,0,Moneybarn No. 1 Limited,Moneybarn No. 1 Limited,Moneybarn No. 1 Limited,Car & consumer finance,Consumer Credit,Car finance - vehicle quality,Mr K complains about the quality of a car supplied via conditional sale by Moneybarn No.1 Limited trading as Moneybarn.,20,https://www.financial-ombudsman.org.uk/decision/DRN-4572614.pdf
DRN-5076133,2024-10-30,2024-09-01,Sep 2024 – Oct 2024,Upheld,1,Monzo Bank Ltd,Monzo Bank Ltd,Monzo,Digital bank / e-money,Banking and Payments,Scam / APP fraud,"Miss A, through a representative, complains that Monzo Bank Ltd won’t refund £17,398.84 that she lost as the result of a scam.",22,https://www.financial-ombudsman.org.uk/decision/DRN-5076133.pdf
DRN-4691326,2024-10-30,2024-09-01,Sep 2024 – Oct 2024,Not upheld,0,Santander UK Plc,Santander UK Plc,Santander UK,High-street bank,Banking and Payments,Account closure / fraud marker,"Mr A complains that Santander UK Plc closed his account, and he’d like it reinstated.",15,https://www.financial-ombudsman.org.uk/decision/DRN-4691326.pdf
DRN-4664276,2024-10-30,2024-09-01,Sep 2024 – Oct 2024,Not upheld,0,Telefonica UK Limited,Telefonica UK Limited,Telefonica UK Limited,Other lender / payment firm,Consumer Credit,"Mis-selling, fees & charges",Mr L has complained that Telefonica UK Limited trading as O2 misled him about the reporting on his credit file of a fixed sum loan agreement he’d taken out to buy a device.,33,https://www.financial-ombudsman.org.uk/decision/DRN-4664276.pdf
DRN-4587161,2024-10-30,2024-09-01,Sep 2024 – Oct 2024,Not upheld,0,Lloyds Bank PLC,Lloyds Bank PLC,Lloyds Banking Group,High-street bank,Consumer Credit,Service & administration,Mr G has complained that Lloyds Bank PLC (“Lloyds”) didn’t fairly or reasonably deal with claims under the Consumer Credit Act 1974 (“CCA”) in relation to a holiday product bought using his credit card.,34,https://www.financial-ombudsman.org.uk/decision/DRN-4587161.pdf
DRN-4879431,2024-10-30,2024-09-01,Sep 2024 – Oct 2024,Upheld,1,Santander UK Plc,Santander UK Plc,Santander UK,High-street bank,Banking and Payments,Scam / APP fraud,Mrs R complains that Santander UK Plc hasn’t refunded him after she reported falling victim to a scam.,18,https://www.financial-ombudsman.org.uk/decision/DRN-4879431.pdf
DRN-5114990,2024-10-30,2024-09-01,Sep 2024 – Oct 2024,Not upheld,0,Barclays Bank UK PLC,Barclays Bank UK PLC,Barclays,High-street bank,Banking and Payments,Refund claim (s75 / chargeback),Mr H complains about the service he received from Barclays Bank UK PLC when trying to deal with a chargeback claim he had raised.,24,https://www.financial-ombudsman.org.uk/decision/DRN-5114990.pdf
DRN-4910346,2024-10-30,2024-09-01,Sep 2024 – Oct 2024,Upheld,1,Startline Motor Finance Limited,Startline Motor Finance Limited,Startline Motor Finance Limited,Car & consumer finance,Consumer Credit,Car finance - vehicle quality,Miss J complains about a car acquired through a Hire Purchase agreement with STARTLINE MOTOR FINANCE LIMITED (‘Startline’).,18,https://www.financial-ombudsman.org.uk/decision/DRN-4910346.pdf
DRN-4945152,2024-10-30,2024-09-01,Sep 2024 – Oct 2024,Not upheld,0,Advantage Finance Ltd,Advantage Finance Limited,Advantage Finance Limited,Other lender / payment firm,Consumer Credit,Car finance - vehicle quality,Miss M complains that a car supplied to her under a hire purchase agreement by Advantage Finance Ltd (“Advantage”) was not of a satisfactory quality.,25,https://www.financial-ombudsman.org.uk/decision/DRN-4945152.pdf
DRN-5075438,2024-10-30,2024-09-01,Sep 2024 – Oct 2024,Not upheld,0,North Edinburgh and Castle Credit Union Limited,North Edinburgh and Castle Credit Union Limited,North Edinburgh and Castle Credit Union Limited,Other lender / payment firm,Consumer Credit,Service & administration,Mr B complains that North Edinburgh and Castle Credit Union Limited trading as Castle Community Bank (CCB) didn’t check he could afford a loan they agreed to.,27,https://www.financial-ombudsman.org.uk/decision/DRN-5075438.pdf
DRN-5070077,2024-10-30,2024-09-01,Sep 2024 – Oct 2024,Not upheld,0,HSBC UK Bank Plc,HSBC UK Bank Plc,HSBC UK,High-street bank,Banking and Payments,Service & administration,"In summary, Ms E complains about the administration of her HSBC UK Bank Plc credit card.",16,https://www.financial-ombudsman.org.uk/decision/DRN-5070077.pdf
DRN-4545127,2024-10-31,2024-09-01,Sep 2024 – Oct 2024,Upheld,1,Revolut Ltd,Revolut Ltd,Revolut,Digital bank / e-money,Banking and Payments,Scam / APP fraud,Miss W complains that Revolut Ltd won’t refund the money she lost because of a scam.,16,https://www.financial-ombudsman.org.uk/decision/DRN-4545127.pdf
DRN-4808766,2024-10-31,2024-09-01,Sep 2024 – Oct 2024,Not upheld,0,Nationwide Building Society,Nationwide Building Society,Nationwide,High-street bank,Banking and Payments,Refund claim (s75 / chargeback),Mr T complains that Nationwide Building Society didn’t fairly deal with a claim he made under Section 75 (S75) of the Consumer Credit Act 1974 (the ‘CCA’) in relation to a purchase he made with a supplier.,37,https://www.financial-ombudsman.org.uk/decision/DRN-4808766.pdf
DRN-4778345,2024-10-31,2024-09-01,Sep 2024 – Oct 2024,Upheld,1,Santander UK Plc,Santander UK Plc,Santander UK,High-street bank,Banking and Payments,Scam / APP fraud,Mr and Mrs R are unhappy that Santander UK Plc won’t reimburse them after they fell victim to a scam.,20,https://www.financial-ombudsman.org.uk/decision/DRN-4778345.pdf
DRN-4776187,2024-10-31,2024-09-01,Sep 2024 – Oct 2024,Upheld,1,Santander UK Plc,Santander UK Plc,Santander UK,High-street bank,Banking and Payments,Scam / APP fraud,Mr R is unhappy that Santander UK Plc won’t reimburse him after he fell victim to a scam.,18,https://www.financial-ombudsman.org.uk/decision/DRN-4776187.pdf
DRN-4577848,2024-10-31,2024-09-01,Sep 2024 – Oct 2024,Not upheld,0,Shawbrook Bank Limited,Shawbrook Bank Limited,Shawbrook Bank Limited,Other lender / payment firm,Consumer Credit,Timeshare / unfair credit (s140A),"Miss K’s complaint is, in essence, that Shawbrook Bank Limited (the ‘Lender’) acted unfairly and unreasonably by (1) being party to an unfair credit relationship with her under Section 140A of the Consumer Credit Act 1974",36,https://www.financial-ombudsman.org.uk/decision/DRN-4577848.pdf
DRN-5054624,2024-10-31,2024-09-01,Sep 2024 – Oct 2024,Not upheld,0,Shop Direct Finance Company Limited,Shop Direct Finance Company Limited,Shop Direct Finance Company Limited,Other lender / payment firm,Consumer Credit,Irresponsible lending,Miss M has complained that Shop Direct Finance Company Limited (trading as “Very”) irresponsibly provided her with a catalogue shopping account and limit increases despite the fact that they were unaffordable for her.,33,https://www.financial-ombudsman.org.uk/decision/DRN-5054624.pdf
DRN-5115912,2024-10-31,2024-09-01,Sep 2024 – Oct 2024,Upheld,1,Bank of Scotland Plc,Bank of Scotland Plc,Lloyds Banking Group,High-street bank,Banking and Payments,Irresponsible lending,Mrs R says Bank of Scotland plc (trading as Halifax) irresponsibly lent to her.,14,https://www.financial-ombudsman.org.uk/decision/DRN-5115912.pdf
DRN-4898799,2024-10-31,2024-09-01,Sep 2024 – Oct 2024,Not upheld,0,Home Retail Group Card Services Limited,Home Retail Group Card Services Limited,Home Retail Group Card Services Limited,Other lender / payment firm,Consumer Credit,Irresponsible lending,Mr P complains that Home Retail Group Card Services Limited trading as Argos Financial Services have irresponsibly lent to him.,20,https://www.financial-ombudsman.org.uk/decision/DRN-4898799.pdf
DRN-5085314,2024-10-31,2024-09-01,Sep 2024 – Oct 2024,Not upheld,0,Al Rayan Bank PLC,Al Rayan Bank PLC,Al Rayan Bank PLC,Other lender / payment firm,Banking and Payments,Service & administration,Mr K complains about the service received from Al Rayan Bank PLC (“Al Rayan”) regarding the access to and transfer of his ISA with it to another provider.,28,https://www.financial-ombudsman.org.uk/decision/DRN-5085314.pdf
DRN-5065451,2024-10-31,2024-09-01,Sep 2024 – Oct 2024,Not upheld,0,Starling Bank Limited,Starling Bank Limited,Starling,Digital bank / e-money,Banking and Payments,Scam / APP fraud,Mrs W has complained that Starling Bank Limited (“Starling”) hasn’t refunded what she lost after falling victim to an impersonation scam.,21,https://www.financial-ombudsman.org.uk/decision/DRN-5065451.pdf
DRN-5033425,2024-10-31,2024-09-01,Sep 2024 – Oct 2024,Not upheld,0,Santander UK Plc,Santander UK Plc,Santander UK,High-street bank,Banking and Payments,Scam / APP fraud,Mrs W has complained that Santander UK Plc (“Santander”) hasn’t refunded the money she lost as part of a scam.,20,https://www.financial-ombudsman.org.uk/decision/DRN-5033425.pdf
DRN-4903360,2024-10-31,2024-09-01,Sep 2024 – Oct 2024,Not upheld,0,Healthcare Finance Limited,Healthcare Finance Limited,Healthcare Finance Limited,Other lender / payment firm,Consumer Credit,Refund claim (s75 / chargeback),Mr B complains that Healthcare Finance Limited (“HFL”) failed to pay out on a claim he made to it about the failure of a supplier to deliver the dental treatment which he paid for with credit it provided.,38,https://www.financial-ombudsman.org.uk/decision/DRN-4903360.pdf
DRN-5114438,2024-10-31,2024-09-01,Sep 2024 – Oct 2024,Upheld,1,Marsh Finance Limited,Marsh Finance Limited,Marsh Finance Limited,Other lender / payment firm,Consumer Credit,Car finance - vehicle quality,Mr W complains about the quality of a car he acquired under a hire purchase agreement with Marsh Finance Limited (Marsh).,21,https://www.financial-ombudsman.org.uk/decision/DRN-5114438.pdf
DRN-5116844,2024-10-31,2024-09-01,Sep 2024 – Oct 2024,Upheld,1,Revolut Ltd,Revolut Ltd,Revolut,Digital bank / e-money,Banking and Payments,Scam / APP fraud,Mr A complains that Revolut Limited (‘Revolut’) won’t refund the money he lost when he fell victim to a scam.,20,https://www.financial-ombudsman.org.uk/decision/DRN-5116844.pdf
DRN-4874954,2024-10-31,2024-09-01,Sep 2024 – Oct 2024,Not upheld,0,Santander UK Plc,Santander UK Plc,Santander UK,High-street bank,Banking and Payments,Unauthorised transactions,G complains that Santander UK Plc failed to refund transactions they didn’t recognise.,13,https://www.financial-ombudsman.org.uk/decision/DRN-4874954.pdf
DRN-5085244,2024-10-31,2024-09-01,Sep 2024 – Oct 2024,Not upheld,0,Santander UK Plc,Santander UK Plc,Santander UK,High-street bank,Mortgages,Mortgage,Mr and Mrs J complain that Santander UK Plc is charging interest on the arrears on their mortgage as they said it had previously promised not to do.,28,https://www.financial-ombudsman.org.uk/decision/DRN-5085244.pdf
DRN-5116720,2024-10-31,2024-09-01,Sep 2024 – Oct 2024,Not upheld,0,Clydesdale Financial Services Limited,Clydesdale Financial Services Limited,Barclays,High-street bank,Consumer Credit,Timeshare / unfair credit (s140A),"The Estate of Mr S’s complaint is, in essence, that Clydesdale Financial Services Limited trading as Barclays Partner Finance (the ‘Lender’) acted unfairly and unreasonably by (1) being party to an unfair credit relationship with Mr S under Section 140A",40,https://www.financial-ombudsman.org.uk/decision/DRN-5116720.pdf
DRN-5113995,2024-10-31,2024-09-01,Sep 2024 – Oct 2024,Upheld,1,Nationwide Building Society,Nationwide Building Society,Nationwide,High-street bank,Banking and Payments,Service & administration,Mr W and X complain that Nationwide Building Society (“Nationwide”) failed to protect their account leading to unnecessary stress and inconvenience.,21,https://www.financial-ombudsman.org.uk/decision/DRN-5113995.pdf
DRN-5036495,2024-10-31,2024-09-01,Sep 2024 – Oct 2024,Not upheld,0,Bank of Scotland Plc,Bank of Scotland Plc,Lloyds Banking Group,High-street bank,Banking and Payments,Service & administration,The estate of Mr S complains Bank of Scotland plc delayed its settling.,13,https://www.financial-ombudsman.org.uk/decision/DRN-5036495.pdf
DRN-5067988,2024-10-31,2024-09-01,Sep 2024 – Oct 2024,Not upheld,0,Specialist Motor Finance Limited,Specialist Motor Finance Limited,Specialist Motor Finance Limited,Car & consumer finance,Consumer Credit,Irresponsible lending,Mr H complains that Specialist Motor Finance Limited (“SMF”) unfairly entered into a hire- purchase agreement with him. He’s said he shouldn’t have been lent to given his previous credit history.,31,https://www.financial-ombudsman.org.uk/decision/DRN-5067988.pdf
DRN-5116632,2024-10-31,2024-09-01,Sep 2024 – Oct 2024,Not upheld,0,Santander UK Plc,Santander UK Plc,Santander UK,High-street bank,Banking and Payments,Scam / APP fraud,Mr D complains that Santander UK Plc won’t refund the money he lost when he was the victim of blackmail.,20,https://www.financial-ombudsman.org.uk/decision/DRN-5116632.pdf
DRN-5021326,2024-10-31,2024-09-01,Sep 2024 – Oct 2024,Not upheld,0,HSBC UK Bank Plc,HSBC UK Bank Plc,HSBC UK,High-street bank,Banking and Payments,Scam / APP fraud,Mr H complains HSBC UK Plc (“HSBC”) didn’t send transaction notifications on his banking App.,15,https://www.financial-ombudsman.org.uk/decision/DRN-5021326.pdf
DRN-4615586,2024-10-31,2024-09-01,Sep 2024 – Oct 2024,Not upheld,0,First Response Finance Ltd,First Response Finance Ltd,First Response Finance Ltd,Other lender / payment firm,Consumer Credit,Car finance - vehicle quality,Mr R complains that the car he acquired financed through a hire purchase agreement with First Response Finance Ltd wasn’t of satisfactory quality.,23,https://www.financial-ombudsman.org.uk/decision/DRN-4615586.pdf
DRN-5085795,2024-10-31,2024-09-01,Sep 2024 – Oct 2024,Not upheld,0,Curve UK Limited,Curve UK Limited,Curve UK Limited,Other lender / payment firm,Banking and Payments,Service & administration,"Mr R complains that Curve UK Limited charged him £99.90 for a service which when he tries to use, they block the account or attempted transaction, causing him embarrassment and inconvenience.",31,https://www.financial-ombudsman.org.uk/decision/DRN-5085795.pdf
DRN-5116619,2024-10-31,2024-09-01,Sep 2024 – Oct 2024,Not upheld,0,Revolut Ltd,Revolut Ltd,Revolut,Digital bank / e-money,Banking and Payments,Scam / APP fraud,Miss S complains that Revolut Ltd won’t refund the money she lost when she was the victim of a scam.,20,https://www.financial-ombudsman.org.uk/decision/DRN-5116619.pdf
DRN-5087432,2024-10-31,2024-09-01,Sep 2024 – Oct 2024,Not upheld,0,Mitsubishi HC Capital UK Plc,Mitsubishi HC Capital UK Plc,Mitsubishi HC Capital UK Plc,Car & consumer finance,Consumer Credit,Timeshare / unfair credit (s140A),"Mr D complaint is, in essence, that Mitsubishi HC Capital UK Plc trading as Hitachi Personal Finance (the ‘Lender’) acted unfairly and unreasonably by (1) being party to an unfair credit relationship with him under Section 140A of the Consumer Credit Act 1974",43,https://www.financial-ombudsman.org.uk/decision/DRN-5087432.pdf
DRN-4952201,2024-10-31,2024-09-01,Sep 2024 – Oct 2024,Not upheld,0,Bank of Scotland Plc,Bank of Scotland Plc,Lloyds Banking Group,High-street bank,Mortgages,Mortgage,Mr and Mrs M complain that Bank of Scotland plc trading as Birmingham Midshires (BM) refused to extend the term of their interest only mortgage.,25,https://www.financial-ombudsman.org.uk/decision/DRN-4952201.pdf
DRN-4938071,2024-10-31,2024-09-01,Sep 2024 – Oct 2024,Upheld,1,Barclays Bank UK PLC,Barclays Bank UK PLC,Barclays,High-street bank,Banking and Payments,"Mis-selling, fees & charges","Mr C and Mrs C complain that Barclays Bank UK PLC misled them into believing that the only fixed rate savings account available to them was an ISA, when this was not correct.",33,https://www.financial-ombudsman.org.uk/decision/DRN-4938071.pdf
DRN-4724542,2024-10-31,2024-09-01,Sep 2024 – Oct 2024,Not upheld,0,Bank of Scotland Plc,Bank of Scotland Plc,Lloyds Banking Group,High-street bank,Banking and Payments,Refund claim (s75 / chargeback),Mr N complains that Bank of Scotland plc declined his request for a refund of a payment he made to a bus company.,23,https://www.financial-ombudsman.org.uk/decision/DRN-4724542.pdf
DRN-5099906,2024-10-31,2024-09-01,Sep 2024 – Oct 2024,Upheld,1,Mitsubishi HC Capital UK Plc,Mitsubishi HC Capital UK Plc,Mitsubishi HC Capital UK Plc,Car & consumer finance,Consumer Credit,Timeshare / unfair credit (s140A),"Mr M’s complaint is, in essence, that Mitsubishi HC Capital UK Plc trading as Novuna Personal Finance (the ‘Lender’) acted unfairly and unreasonably by (1) being party to an unfair credit relationship with him under Section 140A of the Consumer Credit Act 1974",43,https://www.financial-ombudsman.org.uk/decision/DRN-5099906.pdf
DRN-5043623,2024-10-31,2024-09-01,Sep 2024 – Oct 2024,Not upheld,0,American Express Services Europe Limited (AESEL),American Express Services Europe Limited,American Express Services Europe Limited,Other lender / payment firm,Banking and Payments,Refund claim (s75 / chargeback),Mr M complains about the way funds have been applied to his account by American Express Services Europe Limited (AESEL) (Amex) following a merchant dispute.,25,https://www.financial-ombudsman.org.uk/decision/DRN-5043623.pdf
DRN-5064643,2024-10-31,2024-09-01,Sep 2024 – Oct 2024,Not upheld,0,Bank of Scotland Plc,Bank of Scotland Plc,Lloyds Banking Group,High-street bank,Banking and Payments,Scam / APP fraud,Mr K has complained that Bank of Scotland plc (trading as “Halifax”) failed to protect him from falling victim to an investment-related scam.,23,https://www.financial-ombudsman.org.uk/decision/DRN-5064643.pdf
DRN-5039090,2024-10-31,2024-09-01,Sep 2024 – Oct 2024,Not upheld,0,Nationwide Building Society,Nationwide Building Society,Nationwide,High-street bank,Banking and Payments,"Mis-selling, fees & charges",Mr W complains Nationwide Building Society (“Nationwide”) haven’t paid him the incentive promised on the switching of his current account.,20,https://www.financial-ombudsman.org.uk/decision/DRN-5039090.pdf
DRN-5018616,2024-10-31,2024-09-01,Sep 2024 – Oct 2024,Upheld,1,Revolut Ltd,Revolut Ltd,Revolut,Digital bank / e-money,Banking and Payments,Scam / APP fraud,Ms G is unhappy that Revolut Ltd (Revolut) won't refund the money she lost as the result of a scam.,20,https://www.financial-ombudsman.org.uk/decision/DRN-5018616.pdf
DRN-4755247,2024-10-31,2024-09-01,Sep 2024 – Oct 2024,Not upheld,0,Santander UK Plc,Santander UK Plc,Santander UK,High-street bank,Banking and Payments,Scam / APP fraud,Mr and Mrs H complain that Santander UK Plc (‘Santander’) won’t refund the money they lost when they say they fell victim to a scam.,25,https://www.financial-ombudsman.org.uk/decision/DRN-4755247.pdf
DRN-5114032,2024-10-31,2024-09-01,Sep 2024 – Oct 2024,Upheld,1,Nationwide Building Society,Nationwide Building Society,Nationwide,High-street bank,Banking and Payments,Service & administration,Mr N complains about the way Nationwide Building Society dealt with a claim he sought to raise with it in connection with a used car he bought.,27,https://www.financial-ombudsman.org.uk/decision/DRN-5114032.pdf
DRN-4985497,2024-10-31,2024-09-01,Sep 2024 – Oct 2024,Not upheld,0,Black Horse Limited,Black Horse Limited,Lloyds Banking Group,High-street bank,Consumer Credit,Car finance - vehicle quality,Mr A complained about the quality of a car supplied to him under a hire purchase agreement with Black Horse Ltd (‘Black Horse’).,23,https://www.financial-ombudsman.org.uk/decision/DRN-4985497.pdf
DRN-4831634,2024-10-31,2024-09-01,Sep 2024 – Oct 2024,Not upheld,0,Nationwide Building Society,Nationwide Building Society,Nationwide,High-street bank,Banking and Payments,Refund claim (s75 / chargeback),Mr W complains that Nationwide Building Society did not pursue a chargeback in respect of a payment which was made to a business which provides website services.,27,https://www.financial-ombudsman.org.uk/decision/DRN-4831634.pdf
DRN-4973418,2024-10-31,2024-09-01,Sep 2024 – Oct 2024,Upheld,1,Bank of Scotland Plc,Bank of Scotland Plc,Lloyds Banking Group,High-street bank,Mortgages,Mortgage,Mr A complains about how Bank of Scotland plc trading as Halifax has dealt with him following the ending of the term of his interest-only mortgage.,26,https://www.financial-ombudsman.org.uk/decision/DRN-4973418.pdf
DRN-4793723,2024-10-31,2024-09-01,Sep 2024 – Oct 2024,Not upheld,0,EE Limited,EE Limited,EE Limited,Other lender / payment firm,Consumer Credit,Service & administration,Mrs H has complained about the quality of a device she bought using a fixed sum loan agreement with EE Limited.,21,https://www.financial-ombudsman.org.uk/decision/DRN-4793723.pdf
DRN-5077897,2024-10-31,2024-09-01,Sep 2024 – Oct 2024,Upheld,1,First Response Finance Ltd,First Response Finance Ltd,First Response Finance Ltd,Other lender / payment firm,Consumer Credit,Car finance - vehicle quality,Mr U complains that the car he acquired financed through a hire purchase agreement with First Response Finance Ltd wasn’t of satisfactory quality.,23,https://www.financial-ombudsman.org.uk/decision/DRN-5077897.pdf
DRN-4770921,2024-10-31,2024-09-01,Sep 2024 – Oct 2024,Upheld,1,Monzo Bank Ltd,Monzo Bank Ltd,Monzo,Digital bank / e-money,Banking and Payments,Refund claim (s75 / chargeback),Mr A complains that Monzo Bank Ltd treated him unfairly when it dealt with a Chargeback claim he made.,19,https://www.financial-ombudsman.org.uk/decision/DRN-4770921.pdf
DRN-4978880,2024-10-31,2024-09-01,Sep 2024 – Oct 2024,Not upheld,0,CA AUTO FINANCE UK LTD,CA AUTO FINANCE UK LTD,CA AUTO FINANCE UK LTD,Car & consumer finance,Consumer Credit,Car finance - vehicle quality,Mr S has complained about a car he acquired through a Hire Purchase agreement with CA AUTO FINANCE UK LTD (‘CA’). He says the car was not of satisfactory quality.,30,https://www.financial-ombudsman.org.uk/decision/DRN-4978880.pdf
DRN-5049550,2024-10-31,2024-09-01,Sep 2024 – Oct 2024,Not upheld,0,Lloyds Bank PLC,Lloyds Bank PLC,Lloyds Banking Group,High-street bank,Banking and Payments,Scam / APP fraud,Mr M has complained that Lloyds Bank PLC (“Lloyds”) failed to protect him from falling victim to an investment-related scam.,20,https://www.financial-ombudsman.org.uk/decision/DRN-5049550.pdf
DRN-4778782,2024-10-31,2024-09-01,Sep 2024 – Oct 2024,Not upheld,0,HSBC UK Bank Plc,HSBC UK Bank Plc,HSBC UK,High-street bank,Banking and Payments,Service & administration,L complain that HSBC UK Bank Plc (“HSBC”) failed to prevent fraudulent payments from leaving their account.,17,https://www.financial-ombudsman.org.uk/decision/DRN-4778782.pdf
DRN-5090233,2024-10-31,2024-09-01,Sep 2024 – Oct 2024,Upheld,1,Santander UK Plc,Santander UK Plc,Santander UK,High-street bank,Banking and Payments,Account closure / fraud marker,Mr O and Mrs P complain Santander UK Plc (“Santander”) blocked their account without notifying them.,16,https://www.financial-ombudsman.org.uk/decision/DRN-5090233.pdf
DRN-5117172,2024-10-31,2024-09-01,Sep 2024 – Oct 2024,Upheld,1,NewDay Ltd,NewDay Ltd,NewDay Ltd,Other lender / payment firm,Banking and Payments,Irresponsible lending,Mr S complains NewDay Ltd trading as Aqua irresponsibly lent to him.,12,https://www.financial-ombudsman.org.uk/decision/DRN-5117172.pdf
DRN-4898130,2024-10-31,2024-09-01,Sep 2024 – Oct 2024,Not upheld,0,Santander UK Plc,Santander UK Plc,Santander UK,High-street bank,Banking and Payments,Scam / APP fraud,Ms B complains that Santander UK Plc hasn’t refunded her after she reported falling victim to a scam.,18,https://www.financial-ombudsman.org.uk/decision/DRN-4898130.pdf
DRN-4922225,2024-10-31,2024-09-01,Sep 2024 – Oct 2024,Upheld,1,Barclays Bank UK PLC,Barclays Bank UK PLC,Barclays,High-street bank,Banking and Payments,Service & administration,Mrs M and Mr W complain about how Barclays Bank UK PLC (Barclays) treated them when they tried to operate a trust account.,23,https://www.financial-ombudsman.org.uk/decision/DRN-4922225.pdf
DRN-5080793,2024-10-31,2024-09-01,Sep 2024 – Oct 2024,Not upheld,0,HSBC UK Bank Plc,HSBC UK Bank Plc,HSBC UK,High-street bank,Banking and Payments,Scam / APP fraud,Mrs P is unhappy HSBC UK Bank Plc won’t reimburse her for the money she lost when she fell victim to a scam.,23,https://www.financial-ombudsman.org.uk/decision/DRN-5080793.pdf
DRN-5088232,2024-10-31,2024-09-01,Sep 2024 – Oct 2024,Upheld,1,J.P. Morgan Europe Limited,J.P. Morgan Europe Limited,Chase UK,Digital bank / e-money,Banking and Payments,Unauthorised transactions,Mr L complains that J.P. Morgan Europe Limited trading as Chase (“Chase”) failed to refund transactions he didn’t recognise.,19,https://www.financial-ombudsman.org.uk/decision/DRN-5088232.pdf
DRN-4944645,2024-10-31,2024-09-01,Sep 2024 – Oct 2024,Upheld,1,Monzo Bank Ltd,Monzo Bank Ltd,Monzo,Digital bank / e-money,Banking and Payments,Scam / APP fraud,Ms D has complained that Monzo Bank Ltd won’t refund the money she lost after falling victim to a scam.,20,https://www.financial-ombudsman.org.uk/decision/DRN-4944645.pdf
DRN-5034554,2024-10-31,2024-09-01,Sep 2024 – Oct 2024,Not upheld,0,Lloyds Bank PLC,Lloyds Bank PLC,Lloyds Banking Group,High-street bank,Consumer Credit,Irresponsible lending,Mr H has complaint that Lloyds Bank PLC (“Lloyds”) didn’t conduct sufficient affordability checks before lending to him. Had it done so it would’ve seen he couldn’t have afforded his repayments.,31,https://www.financial-ombudsman.org.uk/decision/DRN-5034554.pdf
DRN-5117353,2024-10-31,2024-09-01,Sep 2024 – Oct 2024,Not upheld,0,HSBC UK Bank Plc,HSBC UK Bank Plc,HSBC UK,High-street bank,Banking and Payments,"Mis-selling, fees & charges",Mr C complains that HSBC UK Bank Plc (HSBC) charged a cash advance fee when he purchased foreign currency using his credit card account.,24,https://www.financial-ombudsman.org.uk/decision/DRN-5117353.pdf
DRN-4589583,2024-10-31,2024-09-01,Sep 2024 – Oct 2024,Not upheld,0,ICICI Bank UK Plc,ICICI Bank UK Plc,ICICI Bank UK Plc,Other lender / payment firm,Banking and Payments,Scam / APP fraud,Mr S complains that ICICI Bank UK Plc (ICICI) won’t refund him after he was the victim of an investment scam.,21,https://www.financial-ombudsman.org.uk/decision/DRN-4589583.pdf
DRN-4536302,2024-10-31,2024-09-01,Sep 2024 – Oct 2024,Not upheld,0,Moneybarn No. 1 Limited,Moneybarn No. 1 Limited,Moneybarn No. 1 Limited,Car & consumer finance,Consumer Credit,Car finance - vehicle quality,Mr O complains that a car acquired under a conditional sale agreement with Moneybarn No.1 Limited trading as Moneybarn (Moneybarn) wasn’t of satisfactory quality when it was supplied to him.,30,https://www.financial-ombudsman.org.uk/decision/DRN-4536302.pdf
DRN-5117701,2024-10-31,2024-09-01,Sep 2024 – Oct 2024,Upheld,1,Project Solar UK Ltd,Project Solar UK Ltd,Project Solar UK Ltd,Other lender / payment firm,Consumer Credit,Credit file / debt / defaults,"Mr U complains that Project Solar UK Ltd didn’t properly broker a credit agreement for him. He says that this led to him being liable to pay the debt for ten years, which he didn’t want.",36,https://www.financial-ombudsman.org.uk/decision/DRN-5117701.pdf
DRN-5117001,2024-10-31,2024-09-01,Sep 2024 – Oct 2024,Upheld,1,Shop Direct Finance Company Limited,Shop Direct Finance Company Limited,Shop Direct Finance Company Limited,Other lender / payment firm,Consumer Credit,Credit file / debt / defaults,Mr P complains that Shop Direct Finance Company Limited unfairly rejected his repayment offer for his catalogue shopping account after it fell into arrears.,24,https://www.financial-ombudsman.org.uk/decision/DRN-5117001.pdf
DRN-5117061,2024-10-31,2024-09-01,Sep 2024 – Oct 2024,Upheld,1,Zopa Bank Limited,Zopa Bank Limited,Zopa Bank Limited,Other lender / payment firm,Consumer Credit,Car finance - vehicle quality,Miss P complains about the quality of a car she was supplied with by Zopa Bank Limited (“Zopa”) under a hire purchase agreement (“agreement”).,24,https://www.financial-ombudsman.org.uk/decision/DRN-5117061.pdf
DRN-5117611,2024-10-31,2024-09-01,Sep 2024 – Oct 2024,Not upheld,0,Shawbrook Bank Limited,Shawbrook Bank Limited,Shawbrook Bank Limited,Other lender / payment firm,Consumer Credit,Timeshare / unfair credit (s140A),"Miss B and Mr R’s complaint is, in essence, that Shawbrook Bank Limited (the ‘Lender’) acted unfairly and unreasonably by (1) being party to an unfair credit relationship with them under Section 140A of the Consumer Credit Act 1974",39,https://www.financial-ombudsman.org.uk/decision/DRN-5117611.pdf
DRN-5117620,2024-10-31,2024-09-01,Sep 2024 – Oct 2024,Not upheld,0,Shawbrook Bank Limited,Shawbrook Bank Limited,Shawbrook Bank Limited,Other lender / payment firm,Consumer Credit,Timeshare / unfair credit (s140A),"Miss B’s complaint is, in essence, that Shawbrook Bank Limited (the ‘Lender’) acted unfairly and unreasonably by (1) being party to an unfair credit relationship with her under Section 140A of the Consumer Credit Act 1974",36,https://www.financial-ombudsman.org.uk/decision/DRN-5117620.pdf
DRN-5111406,2024-10-31,2024-09-01,Sep 2024 – Oct 2024,Upheld,1,Tesco Personal Finance PLC,Tesco Personal Finance PLC,Tesco Personal Finance PLC,Other lender / payment firm,Banking and Payments,Refund claim (s75 / chargeback),Mr P complains about the way Tesco Personal Finance PLC trading as Tesco Bank (‘TB’) handled a claim he made to it.,22,https://www.financial-ombudsman.org.uk/decision/DRN-5111406.pdf
DRN-4910770,2024-10-31,2024-09-01,Sep 2024 – Oct 2024,Not upheld,0,Santander UK Plc,Santander UK Plc,Santander UK,High-street bank,Banking and Payments,Credit file / debt / defaults,"Mr T complains that Santander UK Plc removed his overdraft, and loaded a default on his credit file. He’d like the default removed and compensation for the impact.",28,https://www.financial-ombudsman.org.uk/decision/DRN-4910770.pdf
DRN-4959839,2024-10-31,2024-09-01,Sep 2024 – Oct 2024,Upheld,1,LeasePlan UK Limited,LeasePlan UK Limited,LeasePlan UK Limited,Car & consumer finance,Consumer Credit,Car finance - vehicle quality,Miss L complains that a car supplied to her by LeasePlan UK Limited (“LeasePlan”) through a hire agreement was not of a sufficient quality.,24,https://www.financial-ombudsman.org.uk/decision/DRN-4959839.pdf
DRN-5039620,2024-12-30,2024-11-01,Nov 2024 – Dec 2024,Not upheld,0,Lloyds Bank PLC,Lloyds Bank PLC,Lloyds Banking Group,High-street bank,Banking and Payments,Unauthorised transactions,Mr A complained because Lloyds Bank PLC refused to refund him for payments which he said he didn’t authorise.,19,https://www.financial-ombudsman.org.uk/decision/DRN-5039620.pdf
DRN-5100909,2024-12-30,2024-11-01,Nov 2024 – Dec 2024,Not upheld,0,Monzo Bank Ltd,Monzo Bank Ltd,Monzo,Digital bank / e-money,Banking and Payments,Account closure / fraud marker,Mr D complains that Monzo Bank Ltd (“Monzo”) closed his account and unfairly lodged a marker against him with a fraud prevention agency.,23,https://www.financial-ombudsman.org.uk/decision/DRN-5100909.pdf
DRN-4889860,2024-12-30,2024-11-01,Nov 2024 – Dec 2024,Upheld,1,Santander UK Plc,Santander UK Plc,Santander UK,High-street bank,Banking and Payments,Scam / APP fraud,Mr K has complained that Santander UK Plc (“Santander”) failed to protect him from falling victim to an employment-related scam.,20,https://www.financial-ombudsman.org.uk/decision/DRN-4889860.pdf
DRN-5118486,2024-12-30,2024-11-01,Nov 2024 – Dec 2024,Upheld,1,Lloyds Bank PLC,Lloyds Bank PLC,Lloyds Banking Group,High-street bank,Banking and Payments,Service & administration,Mr H complains about the service provided by Lloyds Bank PLC (‘Lloyds’) when he was trying to make a cheque payment to his stockbroker.,24,https://www.financial-ombudsman.org.uk/decision/DRN-5118486.pdf
DRN-5121706,2024-12-30,2024-11-01,Nov 2024 – Dec 2024,Upheld,1,HSBC UK Bank Plc,HSBC UK Bank Plc,HSBC UK,High-street bank,Banking and Payments,Scam / APP fraud,Mrs S complains that HSBC UK Bank Plc – trading as First Direct Bank (“First Direct”) won’t refund the money she lost when she fell victim to an investment scam.,30,https://www.financial-ombudsman.org.uk/decision/DRN-5121706.pdf
DRN-5085330,2024-12-30,2024-11-01,Nov 2024 – Dec 2024,Not upheld,0,Metro Bank PLC,Metro Bank PLC,Metro Bank,High-street bank,Banking and Payments,Account closure / fraud marker,"Miss B complained because Metro Bank PLC refused to refund her for transactions which she said she hadn’t authorised, and then closed her account.",24,https://www.financial-ombudsman.org.uk/decision/DRN-5085330.pdf
DRN-5231005,2024-12-30,2024-11-01,Nov 2024 – Dec 2024,Not upheld,0,First Holiday Finance Ltd,First Holiday Finance Ltd,First Holiday Finance Ltd,Other lender / payment firm,Consumer Credit,Timeshare / unfair credit (s140A),"Mr and Mrs B’s complaint is, in essence, that First Holiday Finance Ltd (‘the Lender’) acted unfairly and unreasonably by (1) being party to an unfair credit relationship with them under Section 140A of the Consumer Credit Act 1974",39,https://www.financial-ombudsman.org.uk/decision/DRN-5231005.pdf
DRN-5120176,2024-12-30,2024-11-01,Nov 2024 – Dec 2024,Not upheld,0,Revolut Ltd,Revolut Ltd,Revolut,Digital bank / e-money,Banking and Payments,Scam / APP fraud,Ms B has complained that Revolut Ltd (“Revolut”) failed to protect her from falling victim to a “safe account” scam.,20,https://www.financial-ombudsman.org.uk/decision/DRN-5120176.pdf
DRN-5028737,2024-12-30,2024-11-01,Nov 2024 – Dec 2024,Upheld,1,"PayPal (Europe) S.à r.l et Cie, S.C.A.","PayPal (Europe) S.à r.l et Cie, S.C.A.","PayPal (Europe) S.à r.l et Cie, S.C.A.",Other lender / payment firm,Banking and Payments,Irresponsible lending,Mr F through his representative complains that PayPal (Europe) Sarl Et Cie Sca (“PayPal”) approved a credit account for him in 2018 when he could not afford it and then approved a series of credit limit increases irresponsibly.,38,https://www.financial-ombudsman.org.uk/decision/DRN-5028737.pdf
DRN-5043022,2024-12-30,2024-11-01,Nov 2024 – Dec 2024,Upheld,1,Healthcare Finance Limited,Healthcare Finance Limited,Healthcare Finance Limited,Other lender / payment firm,Consumer Credit,Refund claim (s75 / chargeback),Mr P has complained about the way Healthcare Finance Limited (“HFL”) dealt with a claim for money back in relation to dental treatment he paid for with credit it provided.,30,https://www.financial-ombudsman.org.uk/decision/DRN-5043022.pdf
DRN-5138466,2024-12-30,2024-11-01,Nov 2024 – Dec 2024,Not upheld,0,Revolut Ltd,Revolut Ltd,Revolut,Digital bank / e-money,Banking and Payments,Scam / APP fraud,Mrs B is unhappy that Revolut Ltd has not reimbursed her after she reported falling victim to a scam.,19,https://www.financial-ombudsman.org.uk/decision/DRN-5138466.pdf
DRN-5138526,2024-12-30,2024-11-01,Nov 2024 – Dec 2024,Upheld,1,Billing Finance Limited,Billing Finance Limited,Billing Finance Limited,Car & consumer finance,Consumer Credit,Car finance - vehicle quality,Mr H complains about the quality of a car supplied to him by Billing Finance Limited (“BFL”),17,https://www.financial-ombudsman.org.uk/decision/DRN-5138526.pdf
DRN-5151179,2024-12-30,2024-11-01,Nov 2024 – Dec 2024,Upheld,1,Zempler Bank Limited,Zempler Bank Limited,Zempler Bank Limited,Other lender / payment firm,Banking and Payments,Account closure / fraud marker,Mr P complains Zempler Bank Limited trading as Cashplus Bank unfairly closed his account and provided poor customer service.,19,https://www.financial-ombudsman.org.uk/decision/DRN-5151179.pdf
DRN-5232695,2024-12-30,2024-11-01,Nov 2024 – Dec 2024,Upheld,1,NewDay Ltd,NewDay Ltd,NewDay Ltd,Other lender / payment firm,Banking and Payments,"Mis-selling, fees & charges",Mr G complains that he was misled by NewDay Ltd (trading as ‘Marbles’) into applying for a credit card based on an advertised promotional rate of 0%.,27,https://www.financial-ombudsman.org.uk/decision/DRN-5232695.pdf
DRN-5160781,2024-12-30,2024-11-01,Nov 2024 – Dec 2024,Upheld,1,Santander UK Plc,Santander UK Plc,Santander UK,High-street bank,Banking and Payments,Scam / APP fraud,Mr and Mrs W complain that Santander UK Plc won’t refund the money they say was lost as a result of a scam.,23,https://www.financial-ombudsman.org.uk/decision/DRN-5160781.pdf
DRN-4794718,2024-12-30,2024-11-01,Nov 2024 – Dec 2024,Not upheld,0,Nationwide Building Society,Nationwide Building Society,Nationwide,High-street bank,Banking and Payments,Unauthorised transactions,Mr H complains about Nationwide Building Society (“Nationwide”) for the way it dealt with his dispute. He wants Nationwide to reimburse him for the cost of the disputed item and to review the way it handles disputed transactions.,38,https://www.financial-ombudsman.org.uk/decision/DRN-4794718.pdf
DRN-4813674,2024-12-30,2024-11-01,Nov 2024 – Dec 2024,Not upheld,0,Bank of Scotland Plc,Bank of Scotland Plc,Lloyds Banking Group,High-street bank,Banking and Payments,Scam / APP fraud,"Mrs O is unhappy that Bank of Scotland plc trading as Halifax decided not to refund her, after she says she was the victim of a scam.",27,https://www.financial-ombudsman.org.uk/decision/DRN-4813674.pdf
DRN-5220558,2024-12-30,2024-11-01,Nov 2024 – Dec 2024,Upheld,1,Motability Operations Limited,Motability Operations Limited,Motability Operations Limited,Other lender / payment firm,Consumer Credit,Car finance - vehicle quality,Miss H complains that the car she acquired through a hire agreement with Motability Operations Limited (“MOL”) wasn’t of satisfactory quality.,21,https://www.financial-ombudsman.org.uk/decision/DRN-5220558.pdf
DRN-5192468,2024-12-30,2024-11-01,Nov 2024 – Dec 2024,Not upheld,0,Bank of Scotland Plc,Bank of Scotland Plc,Lloyds Banking Group,High-street bank,Banking and Payments,Scam / APP fraud,Mrs C has complained that Bank of Scotland Plc (trading as “Halifax”) failed to protect her from falling victim to an investment-related scam.,23,https://www.financial-ombudsman.org.uk/decision/DRN-5192468.pdf
DRN-5085151,2024-12-30,2024-11-01,Nov 2024 – Dec 2024,Not upheld,0,Revolut Ltd,Revolut Ltd,Revolut,Digital bank / e-money,Banking and Payments,Scam / APP fraud,Mr S is unhappy that Revolut Ltd didn't refund him when he told it he'd fallen victim to a scam.,20,https://www.financial-ombudsman.org.uk/decision/DRN-5085151.pdf
DRN-4990662,2024-12-30,2024-11-01,Nov 2024 – Dec 2024,Not upheld,0,Close Brothers Limited,Close Brothers Limited,Close Brothers Limited,Other lender / payment firm,Banking and Payments,"Mis-selling, fees & charges",A company which I’ll call ‘C’ complains that Close Brothers Limited (trading as Close Brothers Property Finance) charged a security release fee when it repaid its loan which it hadn’t been made aware of when taking out the facility.,39,https://www.financial-ombudsman.org.uk/decision/DRN-4990662.pdf
DRN-5207678,2024-12-30,2024-11-01,Nov 2024 – Dec 2024,Not upheld,0,Zopa Bank Limited,Zopa Bank Limited,Zopa Bank Limited,Other lender / payment firm,Consumer Credit,Irresponsible lending,Mr P complains that Zopa Bank Limited was irresponsible in its lending to him.,14,https://www.financial-ombudsman.org.uk/decision/DRN-5207678.pdf
DRN-5190687,2024-12-30,2024-11-01,Nov 2024 – Dec 2024,Not upheld,0,NewDay Ltd,NewDay Ltd,NewDay Ltd,Other lender / payment firm,Banking and Payments,Irresponsible lending,Miss C complains that NewDay Ltd trading as Marbles irresponsibly lent to her.,13,https://www.financial-ombudsman.org.uk/decision/DRN-5190687.pdf
DRN-4956953,2024-12-30,2024-11-01,Nov 2024 – Dec 2024,Not upheld,0,Bank of Scotland Plc,Bank of Scotland Plc,Lloyds Banking Group,High-street bank,Banking and Payments,Refund claim (s75 / chargeback),Mr G complains that Bank of Scotland plc trading as Halifax (“Halifax”) failed to refund historic direct debits.,18,https://www.financial-ombudsman.org.uk/decision/DRN-4956953.pdf
DRN-5092357,2024-12-30,2024-11-01,Nov 2024 – Dec 2024,Not upheld,0,Nationwide Building Society,Nationwide Building Society,Nationwide,High-street bank,Banking and Payments,Account closure / fraud marker,Miss H complains that Nationwide Building Society blocked and closed her accounts with it and then delayed releasing funds to her.,21,https://www.financial-ombudsman.org.uk/decision/DRN-5092357.pdf
DRN-5168589,2024-12-30,2024-11-01,Nov 2024 – Dec 2024,Not upheld,0,Santander UK Plc,Santander UK Plc,Santander UK,High-street bank,Banking and Payments,Service & administration,Mr S complains Santander UK plc (Santander) won’t allow him to withdraw the balance of his trust account.,18,https://www.financial-ombudsman.org.uk/decision/DRN-5168589.pdf
DRN-5183037,2024-12-30,2024-11-01,Nov 2024 – Dec 2024,Not upheld,0,Loans 2 Go Limited,Loans 2 Go Limited,Loans 2 Go Limited,Other lender / payment firm,Consumer Credit,Irresponsible lending,Mr M complains that Loans 2 Go Limited (L2G) irresponsibly lent to him.,13,https://www.financial-ombudsman.org.uk/decision/DRN-5183037.pdf
DRN-4817267,2024-12-30,2024-11-01,Nov 2024 – Dec 2024,Upheld,1,Barclays Bank UK PLC,Barclays Bank UK PLC,Barclays,High-street bank,Banking and Payments,Service & administration,Mr F is a sole trader. He complains that Barclays Bank UK Plc treated him unfairly when it closed his business accounts.,22,https://www.financial-ombudsman.org.uk/decision/DRN-4817267.pdf
DRN-5225325,2024-12-30,2024-11-01,Nov 2024 – Dec 2024,Not upheld,0,The Co-operative Bank Plc,The Co-operative Bank Plc,Co-operative Bank,High-street bank,Banking and Payments,Scam / APP fraud,Mr D complains that The Co-operative Bank Plc (“Co-op”) won’t refund him all the money he lost as the result of a scam.,23,https://www.financial-ombudsman.org.uk/decision/DRN-5225325.pdf
DRN-5127199,2024-12-30,2024-11-01,Nov 2024 – Dec 2024,Not upheld,0,Bank of Scotland Plc,Bank of Scotland Plc,Lloyds Banking Group,High-street bank,Mortgages,Mortgage,Mr S complains about the action that Bank of Scotland plc trading as Halifax (Halifax) has taken to repossess his home.,21,https://www.financial-ombudsman.org.uk/decision/DRN-5127199.pdf
DRN-4831317,2024-12-30,2024-11-01,Nov 2024 – Dec 2024,Not upheld,0,Lloyds Bank PLC,Lloyds Bank PLC,Lloyds Banking Group,High-street bank,Banking and Payments,Account closure / fraud marker,Mrs O complains that Lloyds Bank PLC (Lloyds) unfairly closed her account (the Account),14,https://www.financial-ombudsman.org.uk/decision/DRN-4831317.pdf
DRN-5146042,2024-12-30,2024-11-01,Nov 2024 – Dec 2024,Not upheld,0,Monzo Bank Ltd,Monzo Bank Ltd,Monzo,Digital bank / e-money,Banking and Payments,Unauthorised transactions,"Miss L complains that Monzo Bank Ltd (“Monzo”) failed to refund transactions she didn’t recognise, leading to a reduction in her credit rating.",23,https://www.financial-ombudsman.org.uk/decision/DRN-5146042.pdf
DRN-5189817,2024-12-30,2024-11-01,Nov 2024 – Dec 2024,Not upheld,0,Tesco Personal Finance Limited,Tesco Personal Finance Limited,Tesco Personal Finance Limited,Other lender / payment firm,Banking and Payments,Service & administration,Mr B is unhappy about the service provided by Tesco Personal Finance Limited trading as ‘Tesco’ in connection with an ISA transfer.,22,https://www.financial-ombudsman.org.uk/decision/DRN-5189817.pdf
DRN-5019967,2024-12-30,2024-11-01,Nov 2024 – Dec 2024,Not upheld,0,Starling Bank Limited,Starling Bank Limited,Starling,Digital bank / e-money,Banking and Payments,Unauthorised transactions,Mr J complained because Starling Bank Limited refused to refund him for transactions which he said he didn’t authorise while on holiday abroad.,23,https://www.financial-ombudsman.org.uk/decision/DRN-5019967.pdf
DRN-5118669,2024-12-30,2024-11-01,Nov 2024 – Dec 2024,Upheld,1,National Westminster Bank Plc,National Westminster Bank Plc,NatWest Group,High-street bank,Banking and Payments,Scam / APP fraud,Mr W complains that National Westminster Bank Plc – trading as Ulster Bank (“Ulster Bank”) won’t refund the money he lost when he fell victim to an investment scam.,29,https://www.financial-ombudsman.org.uk/decision/DRN-5118669.pdf
DRN-5108784,2024-12-30,2024-11-01,Nov 2024 – Dec 2024,Not upheld,0,Monzo Bank Ltd,Monzo Bank Ltd,Monzo,Digital bank / e-money,Banking and Payments,Service & administration,Mr R complains that Monzo Bank Ltd (“Monzo”) held him liable for a failed cash withdrawal.,16,https://www.financial-ombudsman.org.uk/decision/DRN-5108784.pdf
DRN-5191811,2024-12-30,2024-11-01,Nov 2024 – Dec 2024,Not upheld,0,NewDay Ltd,NewDay Ltd,NewDay Ltd,Other lender / payment firm,Banking and Payments,Irresponsible lending,Miss W complains that NewDay Ltd trading as Aqua lent irresponsibly when it approved her credit card application and later increased the credit limit.,24,https://www.financial-ombudsman.org.uk/decision/DRN-5191811.pdf
DRN-5178516,2024-12-30,2024-11-01,Nov 2024 – Dec 2024,Not upheld,0,PayPal UK Ltd,PayPal UK Ltd,PayPal UK Ltd,Other lender / payment firm,Banking and Payments,Refund claim (s75 / chargeback),Miss E complains that PayPal UK Ltd failed to credit her account with refunds she received from a merchant and that as a result the balance showing on her account was incorrect.,32,https://www.financial-ombudsman.org.uk/decision/DRN-5178516.pdf
DRN-5172130,2024-12-30,2024-11-01,Nov 2024 – Dec 2024,Not upheld,0,Barclays Bank UK PLC,Barclays Bank UK PLC,Barclays,High-street bank,Banking and Payments,Account closure / fraud marker,Mr M complains Barclays Bank UK PLC blocked his account when he tried to make a payment to a known payee. He’s also unhappy with the poor service when he tried to resolve the issue.,35,https://www.financial-ombudsman.org.uk/decision/DRN-5172130.pdf
DRN-5233477,2024-12-30,2024-11-01,Nov 2024 – Dec 2024,Not upheld,0,Revolut Ltd,Revolut Ltd,Revolut,Digital bank / e-money,Banking and Payments,Scam / APP fraud,Mrs H complains that Revolut Ltd won’t refund money she lost when she fell victim to an employment scam.,19,https://www.financial-ombudsman.org.uk/decision/DRN-5233477.pdf
DRN-5105248,2024-12-30,2024-11-01,Nov 2024 – Dec 2024,Not upheld,0,National Westminster Bank Plc,National Westminster Bank Plc,NatWest Group,High-street bank,Banking and Payments,Scam / APP fraud,Mr S complains that National Westminster Bank Plc (“NatWest”) won’t refund a payment sent as part of a scam.,19,https://www.financial-ombudsman.org.uk/decision/DRN-5105248.pdf
DRN-5233272,2024-12-30,2024-11-01,Nov 2024 – Dec 2024,Not upheld,0,National Westminster Bank Plc,National Westminster Bank Plc,NatWest Group,High-street bank,Banking and Payments,Credit file / debt / defaults,Mr R complains that National Westminster Bank Plc (NatWest) defaulted his current account.,13,https://www.financial-ombudsman.org.uk/decision/DRN-5233272.pdf
DRN-5171463,2024-12-30,2024-11-01,Nov 2024 – Dec 2024,Not upheld,0,Metro Bank PLC,Metro Bank PLC,Metro Bank,High-street bank,Banking and Payments,Service & administration,Mr B complains Metro Bank PLC closed his ISA account and he was unable to access is account information during his ISA transfer.,23,https://www.financial-ombudsman.org.uk/decision/DRN-5171463.pdf
DRN-5164606,2024-12-30,2024-11-01,Nov 2024 – Dec 2024,Not upheld,0,Mitsubishi HC Capital UK Plc,Mitsubishi HC Capital UK Plc,Mitsubishi HC Capital UK Plc,Car & consumer finance,Consumer Credit,Timeshare / unfair credit (s140A),"Mr B, who is represented by a professional representative (‘PR’) complains that Mitsubishi HC Capital UK PLC (‘Mitsubishi’) rejected his claims under sections 75 and 140A Consumer Credit Act (‘CCA’) in respect of several holiday product purchases.",37,https://www.financial-ombudsman.org.uk/decision/DRN-5164606.pdf
DRN-5092106,2024-12-30,2024-11-01,Nov 2024 – Dec 2024,Not upheld,0,Barclays Bank UK PLC,Barclays Bank UK PLC,Barclays,High-street bank,Banking and Payments,Account closure / fraud marker,Miss A complains that Barclays Bank UK PLC blocked and closed her accounts with it and then delayed releasing funds to her.,22,https://www.financial-ombudsman.org.uk/decision/DRN-5092106.pdf
DRN-5233742,2024-12-30,2024-11-01,Nov 2024 – Dec 2024,Not upheld,0,First Holiday Finance Ltd,First Holiday Finance Ltd,First Holiday Finance Ltd,Other lender / payment firm,Consumer Credit,Timeshare / unfair credit (s140A),"Mrs K and Mr S’s complaint is, in essence, that First Holiday Finance Limited (the ‘Lender’) acted unfairly and unreasonably by (1) being party to an unfair credit relationship with them under Section 140A of the Consumer Credit Act 1974",40,https://www.financial-ombudsman.org.uk/decision/DRN-5233742.pdf
DRN-4964404,2024-12-31,2024-11-01,Nov 2024 – Dec 2024,Not upheld,0,National Westminster Bank Plc,National Westminster Bank Plc,NatWest Group,High-street bank,Banking and Payments,Scam / APP fraud,"A company, which I’ll refer to as M, complains that National Westminster Bank Plc, trading as Mettle, won’t reimburse money it lost after it fell victim to a fraud.",29,https://www.financial-ombudsman.org.uk/decision/DRN-4964404.pdf
DRN-4770975,2024-12-31,2024-11-01,Nov 2024 – Dec 2024,Not upheld,0,Monzo Bank Ltd,Monzo Bank Ltd,Monzo,Digital bank / e-money,Banking and Payments,Account closure / fraud marker,Ms B complains that Monzo Bank Ltd registered a fraud prevention marker against her without due cause.,17,https://www.financial-ombudsman.org.uk/decision/DRN-4770975.pdf
DRN-5197376,2024-12-31,2024-11-01,Nov 2024 – Dec 2024,Not upheld,0,Revolut Ltd,Revolut Ltd,Revolut,Digital bank / e-money,Banking and Payments,Scam / APP fraud,"Mr B complains that Revolut Ltd didn’t do enough to protect him from the financial harm caused by a recovery scam, or to help him recover the money once he’d reported the scam to it.",35,https://www.financial-ombudsman.org.uk/decision/DRN-5197376.pdf
DRN-4989620,2024-12-31,2024-11-01,Nov 2024 – Dec 2024,Upheld,1,Healthcare Finance Limited,Healthcare Finance Limited,Healthcare Finance Limited,Other lender / payment firm,Consumer Credit,Refund claim (s75 / chargeback),Mr D complains about how Healthcare Finance Limited (‘HFL’) responded to a claim he made to it in respect of dental treatment paid for using the fixed sum loan it provided.,31,https://www.financial-ombudsman.org.uk/decision/DRN-4989620.pdf
DRN-4963416,2024-12-31,2024-11-01,Nov 2024 – Dec 2024,Upheld,1,Healthcare Finance Limited,Healthcare Finance Limited,Healthcare Finance Limited,Other lender / payment firm,Consumer Credit,Refund claim (s75 / chargeback),Miss C has complained about the way Healthcare Finance Limited (“HFL”) dealt with a claim for money back in relation to dental treatment she paid for with credit it provided.,30,https://www.financial-ombudsman.org.uk/decision/DRN-4963416.pdf
DRN-4602966,2024-12-31,2024-11-01,Nov 2024 – Dec 2024,Not upheld,0,Barclays Bank UK PLC,Barclays Bank UK PLC,Barclays,High-street bank,Banking and Payments,Service & administration,Mr T complains Barclays Bank UK PLC failed to deal with his request for information in a timely manner.,19,https://www.financial-ombudsman.org.uk/decision/DRN-4602966.pdf
DRN-4912916,2024-12-31,2024-11-01,Nov 2024 – Dec 2024,Not upheld,0,Bank of Scotland Plc,Bank of Scotland Plc,Lloyds Banking Group,High-street bank,Banking and Payments,Service & administration,Mr S complains about the service he received while on the phone with Bank of Scotland plc trading as Halifax.,20,https://www.financial-ombudsman.org.uk/decision/DRN-4912916.pdf
DRN-5235513,2024-12-31,2024-11-01,Nov 2024 – Dec 2024,Not upheld,0,Bank of Scotland Plc,Bank of Scotland Plc,Lloyds Banking Group,High-street bank,Banking and Payments,Service & administration,Mr S complains about the service he received while on the phone with Bank of Scotland plc trading as Halifax.,20,https://www.financial-ombudsman.org.uk/decision/DRN-5235513.pdf
DRN-5230603,2024-12-31,2024-11-01,Nov 2024 – Dec 2024,Not upheld,0,Clydesdale Bank Plc,Clydesdale Bank Plc,Virgin Money,High-street bank,Banking and Payments,Refund claim (s75 / chargeback),"A company, which I’ll refer to as B, complains that Clydesdale Bank Plc, trading as Virgin Money, won’t refund a disputed transaction made from their account.",26,https://www.financial-ombudsman.org.uk/decision/DRN-5230603.pdf
DRN-5075493,2024-12-31,2024-11-01,Nov 2024 – Dec 2024,Upheld,1,Santander UK Plc,Santander UK Plc,Santander UK,High-street bank,Banking and Payments,Scam / APP fraud,Mrs M is unhappy that Santander UK Plc didn’t refund payments she sent as part of a scam.,18,https://www.financial-ombudsman.org.uk/decision/DRN-5075493.pdf
DRN-5223814,2024-12-31,2024-11-01,Nov 2024 – Dec 2024,Not upheld,0,Lloyds Bank PLC,Lloyds Bank PLC,Lloyds Banking Group,High-street bank,Banking and Payments,Service & administration,Mrs C complains that Lloyds Bank Plc (Lloyds) told her it was going to close a bank account she jointly held for a partnership business and pay £9481.51 of the remaining balance to the joint account holder.,37,https://www.financial-ombudsman.org.uk/decision/DRN-5223814.pdf
DRN-5105932,2024-12-31,2024-11-01,Nov 2024 – Dec 2024,Upheld,1,Monzo Bank Ltd,Monzo Bank Ltd,Monzo,Digital bank / e-money,Banking and Payments,Scam / APP fraud,Mrs H complains that Monzo Bank Ltd (“Monzo”) won’t refund money she lost when she fell victim to an employment scam.,21,https://www.financial-ombudsman.org.uk/decision/DRN-5105932.pdf
DRN-5107553,2024-12-31,2024-11-01,Nov 2024 – Dec 2024,Upheld,1,Barclays Bank UK PLC,Barclays Bank UK PLC,Barclays,High-street bank,Banking and Payments,Account closure / fraud marker,"Mr N complains that Barclays Bank UK PLC blocked his account, with the result that he could not afford to pay for necessities, had to cancel a holiday and lost out on a house purchase.",35,https://www.financial-ombudsman.org.uk/decision/DRN-5107553.pdf
DRN-5235503,2024-12-31,2024-11-01,Nov 2024 – Dec 2024,Upheld,1,N.I.I.B. Group Limited,N.I.I.B. Group Limited,N.I.I.B. Group Limited,Car & consumer finance,Consumer Credit,Car finance - vehicle quality,Mr S complains that the car he acquired from N.I.I.B. Group Limited trading as Northridge Finance (“Northridge”) is of unsatisfactory quality.,21,https://www.financial-ombudsman.org.uk/decision/DRN-5235503.pdf
DRN-5084154,2024-12-31,2024-11-01,Nov 2024 – Dec 2024,Upheld,1,Barclays Bank UK PLC,Barclays Bank UK PLC,Barclays,High-street bank,Banking and Payments,Service & administration,Mr H complains Barclays Bank UK PLC (“Barclays”) made mistakes when he opened a new ISA.,16,https://www.financial-ombudsman.org.uk/decision/DRN-5084154.pdf
DRN-5206274,2024-12-31,2024-11-01,Nov 2024 – Dec 2024,Not upheld,0,J.P. Morgan Europe Limited,J.P. Morgan Europe Limited,Chase UK,Digital bank / e-money,Banking and Payments,Service & administration,Mr L complains about the actions taken by J .P. Morgan Europe Limited trading as ‘Chase’ and the service it provided when he wanted to make a large transfer.,29,https://www.financial-ombudsman.org.uk/decision/DRN-5206274.pdf
DRN-5072147,2024-12-31,2024-11-01,Nov 2024 – Dec 2024,Not upheld,0,Revolut Ltd,Revolut Ltd,Revolut,Digital bank / e-money,Banking and Payments,Scam / APP fraud,Mr M complains that Revolut Ltd won’t refund the money he lost when he fell victim to an impersonation scam.,20,https://www.financial-ombudsman.org.uk/decision/DRN-5072147.pdf
DRN-5036311,2024-12-31,2024-11-01,Nov 2024 – Dec 2024,Not upheld,0,Lloyds Bank PLC,Lloyds Bank PLC,Lloyds Banking Group,High-street bank,Banking and Payments,Unauthorised transactions,Mrs K complained because Lloyds Bank PLC refused to refund her for transactions she said she didn’t authorise.,18,https://www.financial-ombudsman.org.uk/decision/DRN-5036311.pdf
DRN-5207172,2024-12-31,2024-11-01,Nov 2024 – Dec 2024,Upheld,1,Shawbrook Bank Limited,Shawbrook Bank Limited,Shawbrook Bank Limited,Other lender / payment firm,Consumer Credit,Timeshare / unfair credit (s140A),"Mr B’s complaint is, in essence, that Shawbrook Bank Limited (“Shawbrook”) acted unfairly and unreasonably by (1) being party to an unfair credit relationship with him under Section 140A of the Consumer Credit Act 1974",35,https://www.financial-ombudsman.org.uk/decision/DRN-5207172.pdf
DRN-5085527,2024-12-31,2024-11-01,Nov 2024 – Dec 2024,Not upheld,0,Barclays Bank UK PLC,Barclays Bank UK PLC,Barclays,High-street bank,Banking and Payments,Credit file / debt / defaults,"A company which I’ll call ‘E’ complains that Barclays Bank UK Plc sent correspondence to an address it had never provided, which ultimately led to its loan account defaulting.",29,https://www.financial-ombudsman.org.uk/decision/DRN-5085527.pdf
DRN-5168805,2024-12-31,2024-11-01,Nov 2024 – Dec 2024,Not upheld,0,Home Retail Group Card Services Limited,Home Retail Group Card Services Limited,Home Retail Group Card Services Limited,Other lender / payment firm,Consumer Credit,Irresponsible lending,Mr R complains that Home Retail Group Card Services Limited was irresponsible in its lending to him.,17,https://www.financial-ombudsman.org.uk/decision/DRN-5168805.pdf
DRN-5174016,2024-12-31,2024-11-01,Nov 2024 – Dec 2024,Not upheld,0,Nationwide Building Society,Nationwide Building Society,Nationwide,High-street bank,Mortgages,Service & administration,Mr A complains that a surveyor engaged by Nationwide Building Society acted inappropriately when valuing a property that Mr A intended to buy.,23,https://www.financial-ombudsman.org.uk/decision/DRN-5174016.pdf
DRN-5105373,2024-12-31,2024-11-01,Nov 2024 – Dec 2024,Not upheld,0,The Royal Bank of Scotland Plc,The Royal Bank of Scotland Plc,NatWest Group,High-street bank,Banking and Payments,"Mis-selling, fees & charges",Mr and Mrs P complain that they were mis-sold their packaged bank account with The Royal Bank of Scotland plc (RBS).,21,https://www.financial-ombudsman.org.uk/decision/DRN-5105373.pdf
DRN-5118593,2024-12-31,2024-11-01,Nov 2024 – Dec 2024,Upheld,1,National Westminster Bank Plc,National Westminster Bank Plc,NatWest Group,High-street bank,Banking and Payments,Scam / APP fraud,Mrs M complains that National Westminster Bank Plc (“NatWest”) won’t refund the money she lost when she fell victim to an investment scam.,23,https://www.financial-ombudsman.org.uk/decision/DRN-5118593.pdf
DRN-5216842,2024-12-31,2024-11-01,Nov 2024 – Dec 2024,Upheld,1,Blue Motor Finance Ltd,Blue Motor Finance Limited,Blue Motor Finance Limited,Car & consumer finance,Consumer Credit,Car finance - vehicle quality,Miss S complains that Blue Motor Finance Ltd supplied her with a car that wasn’t of satisfactory quality under a hire purchase agreement.,23,https://www.financial-ombudsman.org.uk/decision/DRN-5216842.pdf
DRN-5233544,2024-12-31,2024-11-01,Nov 2024 – Dec 2024,Not upheld,0,Santander UK Plc,Santander UK Plc,Santander UK,High-street bank,Banking and Payments,Unauthorised transactions,"Mrs S complains that Santander UK Plc (Santander) didn’t co-operate with the police about fraudulent transactions on her bank account, which meant an ongoing police investigation couldn’t continue.",28,https://www.financial-ombudsman.org.uk/decision/DRN-5233544.pdf
DRN-5179665,2024-12-31,2024-11-01,Nov 2024 – Dec 2024,Not upheld,0,Carfinance247 Limited,Carfinance247 Limited,Carfinance247 Limited,Other lender / payment firm,Consumer Credit,Service & administration,Mr R complains that he was mis sold GAP insurance by Carfinance247 Limited,13,https://www.financial-ombudsman.org.uk/decision/DRN-5179665.pdf
DRN-5215431,2024-12-31,2024-11-01,Nov 2024 – Dec 2024,Upheld,1,Unity Auto Finance Ltd,Unity Auto Finance Ltd,Unity Auto Finance Ltd,Car & consumer finance,Consumer Credit,Car finance - vehicle quality,Miss T complains about the quality of a car she has been financing through an agreement with Unity Auto Finance Ltd (‘Unity’).,22,https://www.financial-ombudsman.org.uk/decision/DRN-5215431.pdf
DRN-4962128,2024-12-31,2024-11-01,Nov 2024 – Dec 2024,Upheld,1,Nationwide Building Society,Nationwide Building Society,Nationwide,High-street bank,Banking and Payments,Refund claim (s75 / chargeback),Miss W complains that Nationwide Building Society (“Nationwide”) declined to refund two failed cash withdrawals.,15,https://www.financial-ombudsman.org.uk/decision/DRN-4962128.pdf
DRN-5234721,2024-12-31,2024-11-01,Nov 2024 – Dec 2024,Upheld,1,BMW Financial Services(GB) Limited,BMW Financial Services (GB) Limited,BMW Financial Services (GB) Limited,Car & consumer finance,Consumer Credit,Car finance - vehicle quality,Mrs G complains that BMW Financial Services(GB) Limited trading as Mini Financia Services (“BMWFS”) supplied her with a car under a hire purchase agreement that wasn’t of satisfactory quality.,29,https://www.financial-ombudsman.org.uk/decision/DRN-5234721.pdf
DRN-5193078,2024-12-31,2024-11-01,Nov 2024 – Dec 2024,Not upheld,0,Bank of Scotland Plc,Bank of Scotland Plc,Lloyds Banking Group,High-street bank,Banking and Payments,Service & administration,"The estate of Mrs B complains about Bank of Scotland plc, trading as Halifax, delaying the switching of funds to an ISA. Also, the service and complaint handling actions when they attempted to put things right.",36,https://www.financial-ombudsman.org.uk/decision/DRN-5193078.pdf
DRN-5234850,2024-12-31,2024-11-01,Nov 2024 – Dec 2024,Upheld,1,TRANSUNION INTERNATIONAL UK LIMITED,TRANSUNION INTERNATIONAL UK LIMITED,TRANSUNION INTERNATIONAL UK LIMITED,Other lender / payment firm,Consumer Credit,Service & administration,Ms K has four issues she’s raised against TransUnion International UK Limited (TU): TU suppressed reporting of her credit card with a company I’ll refer to as C,28,https://www.financial-ombudsman.org.uk/decision/DRN-5234850.pdf
DRN-5096370,2024-12-31,2024-11-01,Nov 2024 – Dec 2024,Upheld,1,TSB Bank plc,TSB Bank plc,TSB,High-street bank,Banking and Payments,Account closure / fraud marker,Mr N complains that TSB Bank plc blocked his account while it investigated a payment into it. He says that the bank’s actions caused him significant distress and inconvenience.,29,https://www.financial-ombudsman.org.uk/decision/DRN-5096370.pdf
DRN-5057345,2024-12-31,2024-11-01,Nov 2024 – Dec 2024,Upheld,1,Barclays Bank UK PLC,Barclays Bank UK PLC,Barclays,High-street bank,Banking and Payments,Account closure / fraud marker,"A company, which I’ll refer to as H, complains that Barclays Bank UK PLC (Barclays) unfairly closed its accounts and transferred the proceeds to the Treasury Solicitors.",27,https://www.financial-ombudsman.org.uk/decision/DRN-5057345.pdf
DRN-4901660,2025-02-27,2025-01-01,Jan 2025 – Feb 2025,Upheld,1,Stellantis Financial Services UK Limited,Stellantis Financial Services UK Limited,Stellantis Financial Services UK Limited,Car & consumer finance,Consumer Credit,Service & administration,"Miss B complains that Stellantis Financial Services UK Limited, trading as Vauxhall Finance, has terminated the conditional sale agreement under which a car was supplied to her.",27,https://www.financial-ombudsman.org.uk/decision/DRN-4901660.pdf
DRN-5313624,2025-02-27,2025-01-01,Jan 2025 – Feb 2025,Not upheld,0,Motability Operations Limited,Motability Operations Limited,Motability Operations Limited,Other lender / payment firm,Consumer Credit,Service & administration,Miss S complains about Motability Operations Limited’s response to her cancellation of the hire agreement under which a car had been supplied to her.,24,https://www.financial-ombudsman.org.uk/decision/DRN-5313624.pdf
DRN-5362032,2025-02-27,2025-01-01,Jan 2025 – Feb 2025,Upheld,1,Lloyds Bank PLC,Lloyds Bank PLC,Lloyds Banking Group,High-street bank,Banking and Payments,Car finance - vehicle quality,"Mr M complains that holiday accommodation was not of a satisfactory standard. Because he paid in part using his Lloyds Bank PLC credit card, he says that he has a claim against Lloyds.",33,https://www.financial-ombudsman.org.uk/decision/DRN-5362032.pdf
DRN-5361538,2025-02-27,2025-01-01,Jan 2025 – Feb 2025,Upheld,1,Toyota Financial Services (UK) Plc,Toyota Financial Services (UK) Plc,Toyota Financial Services (UK) Plc,Car & consumer finance,Consumer Credit,Service & administration,Miss H is unhappy that a car she acquired under a Personal Contract Purchase (“PCP”) from Toyota Financial Services (UK) PLC (“Toyota”) didn’t have a feature she’d been led to believe it had.,33,https://www.financial-ombudsman.org.uk/decision/DRN-5361538.pdf
DRN-5132550,2025-02-27,2025-01-01,Jan 2025 – Feb 2025,Not upheld,0,HSBC UK Bank Plc,HSBC UK Bank Plc,HSBC UK,High-street bank,Banking and Payments,Scam / APP fraud,Ms S’s complaint is about HSBC UK Bank Plc’s refusal to reimburse her money she says she lost due to a scam.,22,https://www.financial-ombudsman.org.uk/decision/DRN-5132550.pdf
DRN-5318863,2025-02-27,2025-01-01,Jan 2025 – Feb 2025,Not upheld,0,American Express Services Europe Limited,American Express Services Europe Limited,American Express Services Europe Limited,Other lender / payment firm,Banking and Payments,Account closure / fraud marker,Ms C complains that American Express Services Europe Limited (AESEL) suspended her account.,13,https://www.financial-ombudsman.org.uk/decision/DRN-5318863.pdf
DRN-5331669,2025-02-27,2025-01-01,Jan 2025 – Feb 2025,Upheld,1,Creation Consumer Finance Ltd,Creation Consumer Finance Limited,Creation Consumer Finance Limited,Other lender / payment firm,Consumer Credit,Service & administration,Ms S complains that Creation Consumer Finance Ltd hasn’t provided the service it should have after she experienced issues with a washer-dryer she acquired through her credit agreement.,28,https://www.financial-ombudsman.org.uk/decision/DRN-5331669.pdf
DRN-5333418,2025-02-27,2025-01-01,Jan 2025 – Feb 2025,Not upheld,0,Revolut Ltd,Revolut Ltd,Revolut,Digital bank / e-money,Banking and Payments,Scam / APP fraud,"Mr P complains that Revolut didn’t reimburse £18,336.15 which he says he paid towards an investment that turned out to be a scam.",23,https://www.financial-ombudsman.org.uk/decision/DRN-5333418.pdf
DRN-5355414,2025-02-27,2025-01-01,Jan 2025 – Feb 2025,Not upheld,0,Bank of Scotland Plc,Bank of Scotland Plc,Lloyds Banking Group,High-street bank,Mortgages,Mortgage,Mr T complains that Bank of Scotland Plc (trading as Birmingham Midshires) has unfairly increased the balance of his buy-to-let mortgages.,21,https://www.financial-ombudsman.org.uk/decision/DRN-5355414.pdf
DRN-5244315,2025-02-28,2025-01-01,Jan 2025 – Feb 2025,Not upheld,0,World First UK Limited,World First UK Limited,World First UK Limited,Other lender / payment firm,Banking and Payments,Service & administration,"M, a limited company, complains that World First UK Limited didn’t ensure that an international payment reached the intended payee.",20,https://www.financial-ombudsman.org.uk/decision/DRN-5244315.pdf
DRN-5282812,2025-02-28,2025-01-01,Jan 2025 – Feb 2025,Not upheld,0,Lloyds Bank PLC,Lloyds Bank PLC,Lloyds Banking Group,High-street bank,Banking and Payments,Unauthorised transactions,Mr J complained because Lloyds Bank PLC refused to refund him for three cash machine withdrawals which he said he hadn’t authorised.,22,https://www.financial-ombudsman.org.uk/decision/DRN-5282812.pdf
DRN-5302767,2025-02-28,2025-01-01,Jan 2025 – Feb 2025,Not upheld,0,NewDay Ltd,NewDay Ltd,NewDay Ltd,Other lender / payment firm,Banking and Payments,Irresponsible lending,Mrs B complains NewDay Ltd trading as Aqua irresponsibly lent to her.,12,https://www.financial-ombudsman.org.uk/decision/DRN-5302767.pdf
DRN-4970074,2025-02-28,2025-01-01,Jan 2025 – Feb 2025,Not upheld,0,Revolut Ltd,Revolut Ltd,Revolut,Digital bank / e-money,Banking and Payments,Unauthorised transactions,Mr M complains that Revolut Ltd (Revolut) won’t refund a £760 transaction which he says he didn’t authorise.,18,https://www.financial-ombudsman.org.uk/decision/DRN-4970074.pdf
DRN-5363096,2025-02-28,2025-01-01,Jan 2025 – Feb 2025,Upheld,1,Metro Bank PLC,Metro Bank PLC,Metro Bank,High-street bank,Consumer Credit,Scam / APP fraud,Mrs B is unhappy with Metro Bank Plc trading as RateSetter’s handling of a loan in her name that she says was taken out as the result of a scam.,30,https://www.financial-ombudsman.org.uk/decision/DRN-5363096.pdf
DRN-5301272,2025-02-28,2025-01-01,Jan 2025 – Feb 2025,Not upheld,0,Bank of Scotland Plc,Bank of Scotland Plc,Lloyds Banking Group,High-street bank,Banking and Payments,Service & administration,Miss A complains that Bank of Scotland plc trading as Halifax provided poor service and wouldn’t give her the information about a payment it had provided before.,27,https://www.financial-ombudsman.org.uk/decision/DRN-5301272.pdf
DRN-5242644,2025-02-28,2025-01-01,Jan 2025 – Feb 2025,Not upheld,0,Lloyds Bank PLC,Lloyds Bank PLC,Lloyds Banking Group,High-street bank,Banking and Payments,Scam / APP fraud,Mr B is unhappy Lloyds Bank PLC will not refund the money he lost as the result of a scam.,20,https://www.financial-ombudsman.org.uk/decision/DRN-5242644.pdf
DRN-5363151,2025-02-28,2025-01-01,Jan 2025 – Feb 2025,Upheld,1,Santander UK Plc,Santander UK Plc,Santander UK,High-street bank,Banking and Payments,Scam / APP fraud,Miss P is unhappy that Santander UK Plc (“Santander”) won't refund her after she fell victim to a safe account scam.,21,https://www.financial-ombudsman.org.uk/decision/DRN-5363151.pdf
DRN-5307872,2025-02-28,2025-01-01,Jan 2025 – Feb 2025,Not upheld,0,Nationwide Building Society,Nationwide Building Society,Nationwide,High-street bank,Banking and Payments,Service & administration,Mr I complains he was unable to make a payment from his Nationwide Building Society (‘Nationwide’) account and about the service he received in connection with this.,27,https://www.financial-ombudsman.org.uk/decision/DRN-5307872.pdf
DRN-5112278,2025-02-28,2025-01-01,Jan 2025 – Feb 2025,Not upheld,0,Bank of Scotland Plc,Bank of Scotland Plc,Lloyds Banking Group,High-street bank,Mortgages,Mortgage,Mr and Mrs B complain that Bank of Scotland plc has treated them unfairly in relation to the term of their mortgage ending.,23,https://www.financial-ombudsman.org.uk/decision/DRN-5112278.pdf
DRN-5347133,2025-02-28,2025-01-01,Jan 2025 – Feb 2025,Upheld,1,CA AUTO FINANCE UK LTD,CA AUTO FINANCE UK LTD,CA AUTO FINANCE UK LTD,Car & consumer finance,Consumer Credit,Irresponsible lending,Ms L complains that CA AUTO FINANCE UK LTD (“CA”) entered into a Personal Contract Purchase agreement (PCP) with her without carrying out an affordability assessment.,26,https://www.financial-ombudsman.org.uk/decision/DRN-5347133.pdf
DRN-5363317,2025-02-28,2025-01-01,Jan 2025 – Feb 2025,Upheld,1,Barclays Bank UK PLC,Barclays Bank UK PLC,Barclays,High-street bank,Banking and Payments,Account closure / fraud marker,Mr S is unhappy about Barclays Bank UK PLC decision to close his account and register two fraud markers against his name.,22,https://www.financial-ombudsman.org.uk/decision/DRN-5363317.pdf
DRN-5344001,2025-02-28,2025-01-01,Jan 2025 – Feb 2025,Upheld,1,Barclays Bank UK PLC,Barclays Bank UK PLC,Barclays,High-street bank,Banking and Payments,Scam / APP fraud,Mr T complains that Barclays Bank UK PLC (Barclays) won’t refund money he lost in an investment scam.,18,https://www.financial-ombudsman.org.uk/decision/DRN-5344001.pdf
DRN-5324393,2025-02-28,2025-01-01,Jan 2025 – Feb 2025,Upheld,1,Lendable Ltd,Lendable Ltd,Lendable Ltd,Other lender / payment firm,Consumer Credit,Irresponsible lending,Mr C complains that Lendable Ltd lent irresponsibly when it approved his loan application.,14,https://www.financial-ombudsman.org.uk/decision/DRN-5324393.pdf
DRN-5337602,2025-02-28,2025-01-01,Jan 2025 – Feb 2025,Not upheld,0,Charter Court Financial Services Limited,Charter Court Financial Services Limited,Charter Court Financial Services Limited,Other lender / payment firm,Mortgages,Mortgage,E (a limited company represented by its sole director – Mr S) complains that Charter Court Financial Services Limited trading as Precise Mortgages (“Precise”) gave it incorrect information when he asked it for a certificate of interest.,37,https://www.financial-ombudsman.org.uk/decision/DRN-5337602.pdf
DRN-5362708,2025-02-28,2025-01-01,Jan 2025 – Feb 2025,Upheld,1,Moneybarn No. 1 Limited,Moneybarn No. 1 Limited,Moneybarn No. 1 Limited,Car & consumer finance,Consumer Credit,Service & administration,Mr C settled his finance agreement early with Moneybarn No. 1 Limited (Moneybarn) and is unhappy with the amount of money they asked him to pay.,26,https://www.financial-ombudsman.org.uk/decision/DRN-5362708.pdf
DRN-5267266,2025-02-28,2025-01-01,Jan 2025 – Feb 2025,Not upheld,0,eBay Commerce UK Ltd,eBay Commerce UK Ltd,eBay Commerce UK Ltd,Other lender / payment firm,Banking and Payments,Account closure / fraud marker,"Miss N complains eBay Commerce UK Ltd (Commerce) suspended her account and asked for identification. Despite sending in identification, Commerce won’t pay out Miss N’s money.",26,https://www.financial-ombudsman.org.uk/decision/DRN-5267266.pdf
DRN-5350360,2025-02-28,2025-01-01,Jan 2025 – Feb 2025,Not upheld,0,Nationwide Building Society,Nationwide Building Society,Nationwide,High-street bank,Banking and Payments,"Mis-selling, fees & charges",Miss G has complained about the overdraft charges Nationwide Building Society (“Nationwide”) applied to her current account.,17,https://www.financial-ombudsman.org.uk/decision/DRN-5350360.pdf
DRN-5299541,2025-02-28,2025-01-01,Jan 2025 – Feb 2025,Not upheld,0,Advantage Finance Ltd,Advantage Finance Limited,Advantage Finance Limited,Other lender / payment firm,Consumer Credit,Service & administration,Mr H complains that Advantage Finance Ltd (“Advantage”) gave him a hire purchase agreement without carrying out any checks into his income and monthly expenditure.,25,https://www.financial-ombudsman.org.uk/decision/DRN-5299541.pdf
DRN-5341352,2025-02-28,2025-01-01,Jan 2025 – Feb 2025,Not upheld,0,TSB Bank plc,TSB Bank plc,TSB,High-street bank,Banking and Payments,Service & administration,"Mr W’s son, who holds a power of attorney for Mr W, complains about the level of service provided by TSB Bank plc (TSB) when trying to receive a payment on Mr W’s account.",34,https://www.financial-ombudsman.org.uk/decision/DRN-5341352.pdf
DRN-5351434,2025-02-28,2025-01-01,Jan 2025 – Feb 2025,Upheld,1,Startline Motor Finance Limited,Startline Motor Finance Limited,Startline Motor Finance Limited,Car & consumer finance,Consumer Credit,Irresponsible lending,Mr M complains STARTLINE MOTOR FINANCE LIMITED (“Startline”) shouldn’t have lent to him as he had a large amount of existing debt and was utilising his overdraft.,27,https://www.financial-ombudsman.org.uk/decision/DRN-5351434.pdf
DRN-5344693,2025-02-28,2025-01-01,Jan 2025 – Feb 2025,Upheld,1,Monzo Bank Ltd,Monzo Bank Ltd,Monzo,Digital bank / e-money,Banking and Payments,Refund claim (s75 / chargeback),Miss L complains Monzo Bank Ltd didn’t do enough to help get a refund for a transaction made on her debit card.,22,https://www.financial-ombudsman.org.uk/decision/DRN-5344693.pdf
DRN-4876091,2025-02-28,2025-01-01,Jan 2025 – Feb 2025,Not upheld,0,Lloyds Bank PLC,Lloyds Bank PLC,Lloyds Banking Group,High-street bank,Banking and Payments,Scam / APP fraud,Mr Q complains that Lloyds Bank PLC won’t refund the money he lost when he was the victim of what he feels was a scam.,25,https://www.financial-ombudsman.org.uk/decision/DRN-4876091.pdf
DRN-4570999,2025-02-28,2025-01-01,Jan 2025 – Feb 2025,Upheld,1,Revolut Ltd,Revolut Ltd,Revolut,Digital bank / e-money,Banking and Payments,Scam / APP fraud,Mrs L is unhappy that Revolut Ltd (Revolut) won’t refund her the money she lost after she fell victim to an Authorised Push Payment (“APP”) scam.,26,https://www.financial-ombudsman.org.uk/decision/DRN-4570999.pdf
DRN-4830549,2025-02-28,2025-01-01,Jan 2025 – Feb 2025,Not upheld,0,Wise Payments Limited,Wise Payments Limited,Wise Payments Limited,Other lender / payment firm,Banking and Payments,Scam / APP fraud,Mr B complains that Wise Payments Limited won’t refund the money he lost when he was the victim of a scam.,21,https://www.financial-ombudsman.org.uk/decision/DRN-4830549.pdf
DRN-5136872,2025-02-28,2025-01-01,Jan 2025 – Feb 2025,Upheld,1,HSBC UK Bank Plc,HSBC UK Bank Plc,HSBC UK,High-street bank,Banking and Payments,Scam / APP fraud,"Mr and Mrs W complain that HSBC UK Bank Plc, trading as first direct, won’t refund the money they lost when they were the victims of what they feel was a scam.",32,https://www.financial-ombudsman.org.uk/decision/DRN-5136872.pdf
DRN-5362285,2025-02-28,2025-01-01,Jan 2025 – Feb 2025,Not upheld,0,Nationwide Building Society,Nationwide Building Society,Nationwide,High-street bank,Banking and Payments,"Mis-selling, fees & charges",Mr J has complained about the overdraft charges Nationwide Building Society (“Nationwide”) applied to his current account.,17,https://www.financial-ombudsman.org.uk/decision/DRN-5362285.pdf
DRN-5224056,2025-02-28,2025-01-01,Jan 2025 – Feb 2025,Not upheld,0,Barclays Bank UK PLC,Barclays Bank UK PLC,Barclays,High-street bank,Banking and Payments,Account closure / fraud marker,Mrs E complains that Barclays Bank UK PLC has closed her account and recorded information about her with the Credit Industry Fraud Avoidance System (“CIFAS”). She is also unhappy that Barclays returned funds she received.,35,https://www.financial-ombudsman.org.uk/decision/DRN-5224056.pdf
DRN-5332530,2025-02-28,2025-01-01,Jan 2025 – Feb 2025,Not upheld,0,Revolut Ltd,Revolut Ltd,Revolut,Digital bank / e-money,Banking and Payments,Scam / APP fraud,Mr P complains that Revolut Ltd didn’t do enough to protect him when he fell victim to a cryptocurrency investment scam.,21,https://www.financial-ombudsman.org.uk/decision/DRN-5332530.pdf
DRN-5363322,2025-02-28,2025-01-01,Jan 2025 – Feb 2025,Upheld,1,Revolut Ltd,Revolut Ltd,Revolut,Digital bank / e-money,Banking and Payments,Scam / APP fraud,Ms A complains that Revolut Ltd failed to protect her when she was falling victim to a scam and hasn’t reimbursed her loss since reporting it.,26,https://www.financial-ombudsman.org.uk/decision/DRN-5363322.pdf
DRN-5294512,2025-02-28,2025-01-01,Jan 2025 – Feb 2025,Not upheld,0,NewDay Ltd,NewDay Ltd,NewDay Ltd,Other lender / payment firm,Banking and Payments,Service & administration,Mr D complains that a payment he made to his credit card with NewDay Ltd wasn’t credited to his account. He’s also unhappy about the customer service he received from NewDay when he complained.,34,https://www.financial-ombudsman.org.uk/decision/DRN-5294512.pdf
DRN-5299674,2025-02-28,2025-01-01,Jan 2025 – Feb 2025,Not upheld,0,Lloyds Bank PLC,Lloyds Bank PLC,Lloyds Banking Group,High-street bank,Banking and Payments,Service & administration,Mrs W complains that Lloyds Bank PLC delayed the completion of the Additional Permitted Subscription (APS) process for her cash ISA resulting in financial loss and distress.,27,https://www.financial-ombudsman.org.uk/decision/DRN-5299674.pdf
DRN-5339661,2025-02-28,2025-01-01,Jan 2025 – Feb 2025,Upheld,1,Revolut Ltd,Revolut Ltd,Revolut,Digital bank / e-money,Banking and Payments,Scam / APP fraud,Mrs J complains that Revolut Ltd won’t refund the money she lost to a scam.,15,https://www.financial-ombudsman.org.uk/decision/DRN-5339661.pdf
DRN-5228469,2025-02-28,2025-01-01,Jan 2025 – Feb 2025,Not upheld,0,Monzo Bank Ltd,Monzo Bank Ltd,Monzo,Digital bank / e-money,Banking and Payments,Scam / APP fraud,Mr S complains that Monzo Bank Ltd didn’t do enough to prevent the loss he suffered when he fell victim to a scam.,23,https://www.financial-ombudsman.org.uk/decision/DRN-5228469.pdf
DRN-4974299,2025-02-28,2025-01-01,Jan 2025 – Feb 2025,Not upheld,0,Bank of Scotland Plc,Bank of Scotland Plc,Lloyds Banking Group,High-street bank,Banking and Payments,Scam / APP fraud,Mrs S is complaining about Bank of Scotland plc trading as Halifax because it declined to refund money she lost as a result of fraud.,25,https://www.financial-ombudsman.org.uk/decision/DRN-4974299.pdf
DRN-5294000,2025-02-28,2025-01-01,Jan 2025 – Feb 2025,Upheld,1,Bank of Scotland Plc,Bank of Scotland Plc,Lloyds Banking Group,High-street bank,Banking and Payments,Irresponsible lending,Mr M has complained that Bank of Scotland plc trading as Halifax acted irresponsibly when it provided him with an overdraft facility on his current account.,26,https://www.financial-ombudsman.org.uk/decision/DRN-5294000.pdf
DRN-5364537,2025-02-28,2025-01-01,Jan 2025 – Feb 2025,Upheld,1,Oodle Financial Services Limited,Oodle Financial Services Limited,Oodle Financial Services Limited,Car & consumer finance,Consumer Credit,Irresponsible lending,Mr F is unhappy with what Oodle Financial Services Limited (“Oodle”) has agreed to do to put things right for him after it accepted it entered into a hire-purchase agreement that it ought to have realised was unaffordable for him.,40,https://www.financial-ombudsman.org.uk/decision/DRN-5364537.pdf
DRN-5147429,2025-02-28,2025-01-01,Jan 2025 – Feb 2025,Not upheld,0,HSBC UK Bank Plc,HSBC UK Bank Plc,HSBC UK,High-street bank,Consumer Credit,Irresponsible lending,Mr M complains that HSBC UK Bank Plc (‘HSBC’) irresponsibly agreed to lend to him by way of a personal loan when he couldn’t afford to repay and caused him to get into financial difficulties as a result.,38,https://www.financial-ombudsman.org.uk/decision/DRN-5147429.pdf
DRN-5364732,2025-02-28,2025-01-01,Jan 2025 – Feb 2025,Upheld,1,Lloyds Bank PLC,Lloyds Bank PLC,Lloyds Banking Group,High-street bank,Banking and Payments,Scam / APP fraud,Mr G complains that Lloyds Bank PLC won’t refund payments he made as part of a scam.,17,https://www.financial-ombudsman.org.uk/decision/DRN-5364732.pdf
DRN-5236535,2025-02-28,2025-01-01,Jan 2025 – Feb 2025,Upheld,1,Lloyds Bank PLC,Lloyds Bank PLC,Lloyds Banking Group,High-street bank,Banking and Payments,Service & administration,"A company, which I’ll refer to as J complains that Lloyds Bank PLC trading as Lloyds Bank Cardnet (Cardnet) unfairly declined to process a number of its card transactions.",29,https://www.financial-ombudsman.org.uk/decision/DRN-5236535.pdf
DRN-5364499,2025-02-28,2025-01-01,Jan 2025 – Feb 2025,Upheld,1,Honda Finance Europe Plc,Honda Finance Europe Plc,Honda Finance Europe Plc,Car & consumer finance,Consumer Credit,Irresponsible lending,Mr G complains that Honda Finance Europe Plc trading as Honda Financial Services (‘Honda Finance’) was irresponsible in its lending to him.,22,https://www.financial-ombudsman.org.uk/decision/DRN-5364499.pdf
DRN-4911856,2025-02-28,2025-01-01,Jan 2025 – Feb 2025,Upheld,1,Healthcare Finance Limited,Healthcare Finance Limited,Healthcare Finance Limited,Other lender / payment firm,Consumer Credit,Refund claim (s75 / chargeback),Mr S complains about Healthcare Finance Limited’s (HFL) response to his claim brought under section 75 Consumer Credit Act 1974 (s.75) in respect of dental aligner treatment he bought using a fixed sum loan from it.,36,https://www.financial-ombudsman.org.uk/decision/DRN-4911856.pdf
DRN-5257532,2025-02-28,2025-01-01,Jan 2025 – Feb 2025,Not upheld,0,HSBC UK Bank Plc,HSBC UK Bank Plc,HSBC UK,High-street bank,Banking and Payments,Service & administration,"O has complained that HSBC UK Bank PLC (“HSBC UK”) failed to pay US$5,000 into its Global Money Account, that had been sent to it from another HSBC UK Global Money Account.",32,https://www.financial-ombudsman.org.uk/decision/DRN-5257532.pdf
DRN-5364937,2025-02-28,2025-01-01,Jan 2025 – Feb 2025,Not upheld,0,Bank of Scotland Plc,Bank of Scotland Plc,Lloyds Banking Group,High-street bank,Mortgages,Mortgage,Mr and Mrs W complain about Bank of Scotland plc trading as Halifax. They are unhappy with the valuation that was carried out in 2014 on their buy to let property.,31,https://www.financial-ombudsman.org.uk/decision/DRN-5364937.pdf
DRN-5167835,2025-02-28,2025-01-01,Jan 2025 – Feb 2025,Not upheld,0,Nationwide Building Society,Nationwide Building Society,Nationwide,High-street bank,Mortgages,Mortgage,Mr W complains that Nationwide Building Society didn’t repossess a property he owned jointly with his former partner quickly enough and then sold the property at an undervalue by private sale rather than at auction.,35,https://www.financial-ombudsman.org.uk/decision/DRN-5167835.pdf
DRN-5305359,2025-02-28,2025-01-01,Jan 2025 – Feb 2025,Not upheld,0,Santander UK Plc,Santander UK Plc,Santander UK,High-street bank,Banking and Payments,Service & administration,Mr B is unhappy with Santander UK Plc. Mr B wanted to order a new chequebook. But as he didn’t have a mobile phone he wasn’t able to receive a One Time Passcode (OTP).,34,https://www.financial-ombudsman.org.uk/decision/DRN-5305359.pdf
DRN-4786892,2025-02-28,2025-01-01,Jan 2025 – Feb 2025,Upheld,1,Barclays Bank UK PLC,Barclays Bank UK PLC,Barclays,High-street bank,Banking and Payments,Scam / APP fraud,Mrs H and Mrs M complain about Barclays Bank UK PLC. They say that Barclays should refund them for a scam Mrs H fell victim to.,26,https://www.financial-ombudsman.org.uk/decision/DRN-4786892.pdf
DRN-4950259,2025-02-28,2025-01-01,Jan 2025 – Feb 2025,Upheld,1,Revolut Ltd,Revolut Ltd,Revolut,Digital bank / e-money,Banking and Payments,Scam / APP fraud,Mr K complains about Revolut Ltd. He says that Revolut didn’t do enough to protect him when he became the victim of a scam and would like it to refund him the money he has lost as a result.,39,https://www.financial-ombudsman.org.uk/decision/DRN-4950259.pdf
DRN-5340985,2025-02-28,2025-01-01,Jan 2025 – Feb 2025,Upheld,1,Lex Autolease Ltd,Lex Autolease Ltd,Lloyds Banking Group,High-street bank,Consumer Credit,Car finance - vehicle quality,Mr P complains that a car he hired via a credit agreement with Lex Autolease Ltd isn’t fit for purpose.,20,https://www.financial-ombudsman.org.uk/decision/DRN-5340985.pdf
DRN-5233946,2025-02-28,2025-01-01,Jan 2025 – Feb 2025,Not upheld,0,Nationwide Building Society,Nationwide Building Society,Nationwide,High-street bank,Banking and Payments,Refund claim (s75 / chargeback),Ms H complains Nationwide Building Society didn’t do enough to help get a refund for a payment made on her debit card.,22,https://www.financial-ombudsman.org.uk/decision/DRN-5233946.pdf
DRN-4915372,2025-02-28,2025-01-01,Jan 2025 – Feb 2025,Not upheld,0,Oodle Financial Services Limited,Oodle Financial Services Limited,Oodle Financial Services Limited,Car & consumer finance,Consumer Credit,Service & administration,Mr C complains that Oodle Financial Services Limited trading as Oodle Car Finance (“Oodle”) didn’t notify him of his options to exit a hire purchase agreement he held with them in relation to a van he acquired.,37,https://www.financial-ombudsman.org.uk/decision/DRN-4915372.pdf
DRN-5150479,2025-02-28,2025-01-01,Jan 2025 – Feb 2025,Not upheld,0,Revolut Ltd,Revolut Ltd,Revolut,Digital bank / e-money,Banking and Payments,Scam / APP fraud,Mr P complains about Revolut Ltd. He says that Revolut didn’t do enough to protect him when he fell victim to three separate scams between June and November 2023.,29,https://www.financial-ombudsman.org.uk/decision/DRN-5150479.pdf
DRN-5173729,2025-02-28,2025-01-01,Jan 2025 – Feb 2025,Not upheld,0,Healthcare Finance Limited,Healthcare Finance Limited,Healthcare Finance Limited,Other lender / payment firm,Consumer Credit,Refund claim (s75 / chargeback),Miss P complains that Healthcare Finance Limited (“HFL”) failed to pay out on a claim she made to it about the failure of a supplier to deliver the dental treatment which she paid for with credit it provided.,38,https://www.financial-ombudsman.org.uk/decision/DRN-5173729.pdf
DRN-5017352,2025-02-28,2025-01-01,Jan 2025 – Feb 2025,Not upheld,0,Mitsubishi HC Capital UK Plc,Mitsubishi HC Capital UK Plc,Mitsubishi HC Capital UK Plc,Car & consumer finance,Consumer Credit,Refund claim (s75 / chargeback),Mrs K is unhappy with how Mitsubishi HC Capital UK PLC trading as Novuna Personal Finance (Novuna) handled a quality of goods claim she made to them.,27,https://www.financial-ombudsman.org.uk/decision/DRN-5017352.pdf
DRN-5363484,2025-02-28,2025-01-01,Jan 2025 – Feb 2025,Upheld,1,Revolut Ltd,Revolut Ltd,Revolut,Digital bank / e-money,Banking and Payments,Scam / APP fraud,Miss S complains Revolut Ltd won’t reimburse money she lost when she fell victim to a scam.,17,https://www.financial-ombudsman.org.uk/decision/DRN-5363484.pdf
DRN-5089692,2025-02-28,2025-01-01,Jan 2025 – Feb 2025,Not upheld,0,American Express Services Europe Limited (AESEL),American Express Services Europe Limited,American Express Services Europe Limited,Other lender / payment firm,Banking and Payments,Refund claim (s75 / chargeback),Mr K has complained about the way American Express Services Europe Limited (“AESEL”) dealt with his request for money back.,20,https://www.financial-ombudsman.org.uk/decision/DRN-5089692.pdf
DRN-5218379,2025-02-28,2025-01-01,Jan 2025 – Feb 2025,Not upheld,0,Santander UK Plc,Santander UK Plc,Santander UK,High-street bank,Mortgages,Mortgage,"M and Mrs L complain that Santander UK Plc unfairly refused their application to port their mortgage product to a new property. As a result, they incurred an early repayment charge (“ERC”) when they moved.",35,https://www.financial-ombudsman.org.uk/decision/DRN-5218379.pdf
DRN-5363475,2025-02-28,2025-01-01,Jan 2025 – Feb 2025,Upheld,1,Healthcare Finance Limited,Healthcare Finance Limited,Healthcare Finance Limited,Other lender / payment firm,Consumer Credit,Service & administration,Mr T complains about how Healthcare Finance Limited (‘HFL’) responded to a claim made to it in respect of dental treatment paid for using the fixed sum loan it provided.,30,https://www.financial-ombudsman.org.uk/decision/DRN-5363475.pdf
DRN-5288692,2025-02-28,2025-01-01,Jan 2025 – Feb 2025,Not upheld,0,Barclays Bank UK PLC,Barclays Bank UK PLC,Barclays,High-street bank,Banking and Payments,"Mis-selling, fees & charges",Mr B is unhappy that the travel insurance element of a packaged bank account he has with Barclays Bank UK PLC was cancelled when he reached the age of 80.,30,https://www.financial-ombudsman.org.uk/decision/DRN-5288692.pdf
DRN-5094819,2025-02-28,2025-01-01,Jan 2025 – Feb 2025,Not upheld,0,Revolut Ltd,Revolut Ltd,Revolut,Digital bank / e-money,Banking and Payments,Scam / APP fraud,Mrs K’s complaint is about Revolut Ltd’s refusal to reimburse her money she says she lost due to a scam.,20,https://www.financial-ombudsman.org.uk/decision/DRN-5094819.pdf
DRN-5245782,2025-02-28,2025-01-01,Jan 2025 – Feb 2025,Not upheld,0,National Westminster Bank Plc,National Westminster Bank Plc,NatWest Group,High-street bank,Banking and Payments,Scam / APP fraud,Mr W is unhappy that National Westminster Bank Plc (NatWest) didn’t reimburse him after he told it he’d fallen victim to a scam.,23,https://www.financial-ombudsman.org.uk/decision/DRN-5245782.pdf
DRN-4865831,2025-02-28,2025-01-01,Jan 2025 – Feb 2025,Not upheld,0,Santander UK Plc,Santander UK Plc,Santander UK,High-street bank,Banking and Payments,Refund claim (s75 / chargeback),Mr S is unhappy that Santander UK Plc declined a Section 75 claim that he made.,16,https://www.financial-ombudsman.org.uk/decision/DRN-4865831.pdf
DRN-5364091,2025-02-28,2025-01-01,Jan 2025 – Feb 2025,Upheld,1,Barclays Bank UK PLC,Barclays Bank UK PLC,Barclays,High-street bank,Banking and Payments,Service & administration,"Miss B is unhappy with Barclays Bank UK PLC. Miss B paid in a cheque to her account for £125,000.00 Unfortunately, Barclays credited her account with only £125.00.",28,https://www.financial-ombudsman.org.uk/decision/DRN-5364091.pdf
DRN-5102262,2025-02-28,2025-01-01,Jan 2025 – Feb 2025,Not upheld,0,Revolut Ltd,Revolut Ltd,Revolut,Digital bank / e-money,Banking and Payments,Scam / APP fraud,"Mr S has complained that Revolut Ltd (“Revolut”) failed to protect him from falling victim to cryptocurrency-related investment scam, and hasn’t refunded what he lost.",25,https://www.financial-ombudsman.org.uk/decision/DRN-5102262.pdf
DRN-5309217,2025-02-28,2025-01-01,Jan 2025 – Feb 2025,Upheld,1,Black Horse Limited,Black Horse Limited,Lloyds Banking Group,High-street bank,Consumer Credit,Irresponsible lending,"Ms D, on behalf of the estate of Mrs D complains that Black Horse Limited was irresponsible in its lending to the late Mrs D.",25,https://www.financial-ombudsman.org.uk/decision/DRN-5309217.pdf
DRN-5125498,2025-02-28,2025-01-01,Jan 2025 – Feb 2025,Not upheld,0,Creation Consumer Finance Ltd,Creation Consumer Finance Limited,Creation Consumer Finance Limited,Other lender / payment firm,Consumer Credit,Service & administration,Mr M complains about Consumer Finance Ltd (“Creation”). He complains about the lack of help and support he says Creation has provided. Mr M also says it won’t accept a full and final settlement payment to close his account.,39,https://www.financial-ombudsman.org.uk/decision/DRN-5125498.pdf
DRN-4922587,2025-02-28,2025-01-01,Jan 2025 – Feb 2025,Not upheld,0,Bank of Scotland Plc,Bank of Scotland Plc,Lloyds Banking Group,High-street bank,Banking and Payments,Scam / APP fraud,"Mr and Mrs E complain that Bank of Scotland plc, trading as Halifax (‘Halifax’), hasn’t refunded all the money they lost after Mr E fell victim to a scam.",29,https://www.financial-ombudsman.org.uk/decision/DRN-4922587.pdf
DRN-5305361,2025-02-28,2025-01-01,Jan 2025 – Feb 2025,Not upheld,0,Everyday Lending Limited,Everyday Lending Limited,Everyday Lending Limited,Other lender / payment firm,Consumer Credit,Irresponsible lending,Mr H complains that Everyday Lending Limited trading as Everyday Loans (Everyday) acted irresponsibly in agreeing to lend to him.,20,https://www.financial-ombudsman.org.uk/decision/DRN-5305361.pdf
DRN-5313819,2025-02-28,2025-01-01,Jan 2025 – Feb 2025,Not upheld,0,Revolut Ltd,Revolut Ltd,Revolut,Digital bank / e-money,Banking and Payments,Account closure / fraud marker,"Mr S complains that Revolut Ltd advised him to reinstall his app, and that doing so resulted in requests for identification documents and threats to restrict his account.",28,https://www.financial-ombudsman.org.uk/decision/DRN-5313819.pdf
DRN-5025298,2025-02-28,2025-01-01,Jan 2025 – Feb 2025,Upheld,1,MotoNovo Finance Limited,MotoNovo Finance Limited,MotoNovo Finance Limited,Car & consumer finance,Consumer Credit,Car finance - vehicle quality,Ms C complains that the car she acquired through MotoNovo Finance Limited (“MFL”) wasn’t of satisfactory quality.,17,https://www.financial-ombudsman.org.uk/decision/DRN-5025298.pdf
DRN-5245823,2025-02-28,2025-01-01,Jan 2025 – Feb 2025,Not upheld,0,National Westminster Bank Plc,National Westminster Bank Plc,NatWest Group,High-street bank,Banking and Payments,Scam / APP fraud,"I, a limited company, complains that National Westminster Bank Plc (NatWest) didn’t pay a refund after it reported falling victim to a scam.",23,https://www.financial-ombudsman.org.uk/decision/DRN-5245823.pdf
DRN-5506523,2025-04-30,2025-03-01,Mar 2025 – Apr 2025,Not upheld,0,Lloyds Bank PLC,Lloyds Bank PLC,Lloyds Banking Group,High-street bank,Banking and Payments,Irresponsible lending,Mr K complained to Lloyds Bank PLC (“Lloyds”) about an overdraft facility that was first provided to him in December 2011. Mr K says Lloyds acted irresponsibly in providing him with overdraft.,32,https://www.financial-ombudsman.org.uk/decision/DRN-5506523.pdf
DRN-5504085,2025-04-30,2025-03-01,Mar 2025 – Apr 2025,Not upheld,0,Santander UK Plc,Santander UK Plc,Santander UK,High-street bank,Banking and Payments,Account closure / fraud marker,Mr S complains that Santander UK Plc acted unfairly when it blocked and closed his accounts.,16,https://www.financial-ombudsman.org.uk/decision/DRN-5504085.pdf
DRN-5502907,2025-04-30,2025-03-01,Mar 2025 – Apr 2025,Not upheld,0,Bank of Scotland Plc,Bank of Scotland Plc,Lloyds Banking Group,High-street bank,Mortgages,Mortgage,Miss J’s complaint is about her mortgage account with Bank of Scotland plc (BOS). Dissatisfaction with the way BOS handled telephone conversations.,22,https://www.financial-ombudsman.org.uk/decision/DRN-5502907.pdf
DRN-5463811,2025-04-30,2025-03-01,Mar 2025 – Apr 2025,Not upheld,0,Bank of Scotland Plc,Bank of Scotland Plc,Lloyds Banking Group,High-street bank,Banking and Payments,Service & administration,Mr M complains that Bank of Scotland plc trading as Halifax (‘Halifax’) acted unfairly and unreasonably in respect of a complaint he raised about how parts of the Consumer Credit Act 1974 (‘CCA’) related to something he bought using his Halifax credit card.,43,https://www.financial-ombudsman.org.uk/decision/DRN-5463811.pdf
DRN-5476675,2025-04-30,2025-03-01,Mar 2025 – Apr 2025,Not upheld,0,HSBC UK Bank Plc,HSBC UK Bank Plc,HSBC UK,High-street bank,Banking and Payments,Irresponsible lending,Mr B complains HSBC UK Bank Plc provided him with an unaffordable overdraft facility.,14,https://www.financial-ombudsman.org.uk/decision/DRN-5476675.pdf
DRN-5336308,2025-04-30,2025-03-01,Mar 2025 – Apr 2025,Not upheld,0,Nationwide Building Society,Nationwide Building Society,Nationwide,High-street bank,Banking and Payments,Unauthorised transactions,Ms T says Nationwide Building Society (“Nationwide”) refuses to refund her for transactions on her account she says she didn’t authorise.,21,https://www.financial-ombudsman.org.uk/decision/DRN-5336308.pdf
DRN-5507652,2025-04-30,2025-03-01,Mar 2025 – Apr 2025,Not upheld,0,Lloyds Bank PLC,Lloyds Bank PLC,Lloyds Banking Group,High-street bank,Banking and Payments,Service & administration,Mr F complains that Lloyds Bank PLC (‘Lloyds’) failed to update his address details and haven’t sufficiently compensated him for the impact of that mistake.,25,https://www.financial-ombudsman.org.uk/decision/DRN-5507652.pdf
DRN-4871878,2025-04-30,2025-03-01,Mar 2025 – Apr 2025,Not upheld,0,Stellantis Financial Services UK Limited,Stellantis Financial Services UK Limited,Stellantis Financial Services UK Limited,Car & consumer finance,Consumer Credit,Car finance - vehicle quality,"Mr P has complained that he is unhappy with the quality of a van he acquired in November 2022, using a conditional sale agreement with Stellantis Financial Services UK Limited, trading as Vauxhall Finance (“Stellantis”).",35,https://www.financial-ombudsman.org.uk/decision/DRN-4871878.pdf
DRN-5424549,2025-04-30,2025-03-01,Mar 2025 – Apr 2025,Not upheld,0,HSBC UK Bank Plc,HSBC UK Bank Plc,HSBC UK,High-street bank,Banking and Payments,Service & administration,Mr M complains that HSBC UK Bank Plc failed to transfer all the funds from his ISA with another provider (T) into a new ISA as it said he had exceeded the maximum subscription allowance for that tax year.,39,https://www.financial-ombudsman.org.uk/decision/DRN-5424549.pdf
DRN-5497665,2025-04-30,2025-03-01,Mar 2025 – Apr 2025,Not upheld,0,Nationwide Building Society,Nationwide Building Society,Nationwide,High-street bank,Banking and Payments,Unauthorised transactions,Mr T says Nationwide Building Society (“Nationwide”) refuses to refund him for transactions on his account he says he didn’t authorise.,21,https://www.financial-ombudsman.org.uk/decision/DRN-5497665.pdf
DRN-5521507,2025-04-30,2025-03-01,Mar 2025 – Apr 2025,Upheld,1,Stellantis Financial Services UK Limited,Stellantis Financial Services UK Limited,Stellantis Financial Services UK Limited,Car & consumer finance,Consumer Credit,Car finance - vehicle quality,Mr A complains that a car he acquired through a hire purchase agreement financed by Stellantis Financial Services UK Limited (‘Stellantis’) is of unsatisfactory quality.,25,https://www.financial-ombudsman.org.uk/decision/DRN-5521507.pdf
DRN-5124815,2025-04-30,2025-03-01,Mar 2025 – Apr 2025,Upheld,1,Revolut Ltd,Revolut Ltd,Revolut,Digital bank / e-money,Banking and Payments,Scam / APP fraud,Miss F complains Revolut Ltd didn’t do enough to protect her at a time she was falling victim to a scam and that it hasn’t refunded her since that scam was revealed.,32,https://www.financial-ombudsman.org.uk/decision/DRN-5124815.pdf
DRN-5056229,2025-04-30,2025-03-01,Mar 2025 – Apr 2025,Not upheld,0,Wise Payments Limited,Wise Payments Limited,Wise Payments Limited,Other lender / payment firm,Banking and Payments,Scam / APP fraud,"Ms S is unhappy that Wise Payments Limited will not refund £5,270 that she lost as the result of an Authorised Push Payment (APP) scam.",25,https://www.financial-ombudsman.org.uk/decision/DRN-5056229.pdf
DRN-5510186,2025-04-30,2025-03-01,Mar 2025 – Apr 2025,Not upheld,0,Sky UK Limited,Sky UK Limited,Sky UK Limited,Other lender / payment firm,Consumer Credit,Service & administration,Mrs P complains about a balance owed under a fixed sum loan agreement with Sky UK Limited.,17,https://www.financial-ombudsman.org.uk/decision/DRN-5510186.pdf
DRN-5452374,2025-04-30,2025-03-01,Mar 2025 – Apr 2025,Not upheld,0,Leeds Building Society,Leeds Building Society,Leeds Building Society,Other lender / payment firm,Mortgages,Mortgage,The estate of Mr G complains that Leeds Building Society didn’t tell the executor of Mr G’s estate that a fixed interest rate deal on a Buy To Let mortgage was coming to an end.,35,https://www.financial-ombudsman.org.uk/decision/DRN-5452374.pdf
DRN-5520870,2025-04-30,2025-03-01,Mar 2025 – Apr 2025,Not upheld,0,NewDay Ltd,NewDay Ltd,NewDay Ltd,Other lender / payment firm,Banking and Payments,Irresponsible lending,Mr B complains that NewDay Ltd trading as Aqua lent irresponsibly when it approved his credit card application and later increased the credit limit.,24,https://www.financial-ombudsman.org.uk/decision/DRN-5520870.pdf
DRN-5521609,2025-04-30,2025-03-01,Mar 2025 – Apr 2025,Not upheld,0,American Express Services Europe Limited,American Express Services Europe Limited,American Express Services Europe Limited,Other lender / payment firm,Banking and Payments,Service & administration,Mr W complains American Express Services Europe Limited (Amex) didn’t apply a fair exchange rate when he bought flight tickets using his credit card.,24,https://www.financial-ombudsman.org.uk/decision/DRN-5521609.pdf
DRN-5465697,2025-04-30,2025-03-01,Mar 2025 – Apr 2025,Not upheld,0,National Savings and Investments,National Savings and Investments,National Savings and Investments,Other lender / payment firm,Banking and Payments,Service & administration,Ms W complains National Savings and Investments (NS&I) has not been able to provide all of the information she wants about her Premium Bond for which she holds the certificate.,30,https://www.financial-ombudsman.org.uk/decision/DRN-5465697.pdf
DRN-5520812,2025-04-30,2025-03-01,Mar 2025 – Apr 2025,Upheld,1,Kroo Bank Ltd,Kroo Bank Ltd,Kroo,Digital bank / e-money,Banking and Payments,Account closure / fraud marker,Mr P complains about the service he received from Kroo Bank Ltd (“Kroo”) when it applied restrictions to his account without providing a reason.,24,https://www.financial-ombudsman.org.uk/decision/DRN-5520812.pdf
DRN-5320885,2025-04-30,2025-03-01,Mar 2025 – Apr 2025,Not upheld,0,Clydesdale Financial Services Limited,Clydesdale Financial Services Limited,Barclays,High-street bank,Consumer Credit,Timeshare / unfair credit (s140A),"Mr A, using a professional representative (“the PR”) has complained that Clydesdale Financial Services trading as Barclays Partner Finance (“the Lender”) acted unfairly and unreasonably by (1) being party to an unfair credit relationship with him under Section 140A",39,https://www.financial-ombudsman.org.uk/decision/DRN-5320885.pdf
DRN-5521427,2025-04-30,2025-03-01,Mar 2025 – Apr 2025,Not upheld,0,Santander Consumer (UK) Plc,Santander Consumer (UK) Plc,Santander UK,High-street bank,Consumer Credit,Service & administration,Mr F is unhappy with a car supplied under a conditional sale agreement provided by Santander Consumer (UK) Plc.,19,https://www.financial-ombudsman.org.uk/decision/DRN-5521427.pdf
DRN-5454538,2025-04-30,2025-03-01,Mar 2025 – Apr 2025,Not upheld,0,Barclays Bank UK PLC,Barclays Bank UK PLC,Barclays,High-street bank,Banking and Payments,Service & administration,Mr M complains about the service received from Barclays Bank UK PLC (“Barclays”) when he contacted it about his debit card not working when transacting online.,26,https://www.financial-ombudsman.org.uk/decision/DRN-5454538.pdf
DRN-5456187,2025-04-30,2025-03-01,Mar 2025 – Apr 2025,Not upheld,0,Nationwide Building Society,Nationwide Building Society,Nationwide,High-street bank,Banking and Payments,Account closure / fraud marker,Mr L complains Nationwide Building Society (“Nationwide”) applied restrictions to his account and won’t lift them until he answers questions he considers invasive and illegal.,25,https://www.financial-ombudsman.org.uk/decision/DRN-5456187.pdf
DRN-5241840,2025-04-30,2025-03-01,Mar 2025 – Apr 2025,Not upheld,0,Barclays Bank UK PLC,Barclays Bank UK PLC,Barclays,High-street bank,Banking and Payments,Service & administration,A company which I’ll refer to as ‘S’ complains that Barclays Bank UK Plc failed to stop gambling transactions from leaving its account.,23,https://www.financial-ombudsman.org.uk/decision/DRN-5241840.pdf
DRN-5343310,2025-04-30,2025-03-01,Mar 2025 – Apr 2025,Not upheld,0,LeasePlan UK Limited,LeasePlan UK Limited,LeasePlan UK Limited,Car & consumer finance,Consumer Credit,"Mis-selling, fees & charges",Mr R complains about excess mileage charges when his agreement with LeasePlan UK Limited ended.,15,https://www.financial-ombudsman.org.uk/decision/DRN-5343310.pdf
DRN-5488483,2025-04-30,2025-03-01,Mar 2025 – Apr 2025,Not upheld,0,NATIONAL WESTMINSTER BANK PUBLIC LIMITED COMPANY,National Westminster Bank Plc,NatWest Group,High-street bank,Banking and Payments,Service & administration,Mrs N complains on behalf of Ms P about the service received from NATIONAL WESTMINSTER BANK PUBLIC LIMITED COMPANY (“NatWest”) when registering a Deputyship Order on Ms P’s account.,29,https://www.financial-ombudsman.org.uk/decision/DRN-5488483.pdf
DRN-4885750,2025-04-30,2025-03-01,Mar 2025 – Apr 2025,Not upheld,0,Revolut Ltd,Revolut Ltd,Revolut,Digital bank / e-money,Banking and Payments,Scam / APP fraud,Mr I complains that Revolut Ltd (‘Revolut’) won’t refund the money he lost as a result of a job scam.,20,https://www.financial-ombudsman.org.uk/decision/DRN-4885750.pdf
DRN-5516916,2025-04-30,2025-03-01,Mar 2025 – Apr 2025,Not upheld,0,Revolut Ltd,Revolut Ltd,Revolut,Digital bank / e-money,Banking and Payments,Unauthorised transactions,Mr G complains that Revolut Ltd won’t refund payments he didn’t make or otherwise authorise.,15,https://www.financial-ombudsman.org.uk/decision/DRN-5516916.pdf
DRN-5335973,2025-04-30,2025-03-01,Mar 2025 – Apr 2025,Upheld,1,Specialist Motor Finance Limited,Specialist Motor Finance Limited,Specialist Motor Finance Limited,Car & consumer finance,Consumer Credit,Car finance - vehicle quality,Miss C complains about a car supplied to her using a hire purchase agreement taken out with Specialist Motor Finance Limited (“SMFL”).,22,https://www.financial-ombudsman.org.uk/decision/DRN-5335973.pdf
DRN-5505742,2025-04-30,2025-03-01,Mar 2025 – Apr 2025,Upheld,1,BMW Financial Services(GB) Limited,BMW Financial Services (GB) Limited,BMW Financial Services (GB) Limited,Car & consumer finance,Consumer Credit,Credit file / debt / defaults,Mr S complains that BMW Financial Services (GB) Limited (“BFS”) has incorrectly recorded a missed payment for December 2023 on his credit file.,23,https://www.financial-ombudsman.org.uk/decision/DRN-5505742.pdf
DRN-5131809,2025-04-30,2025-03-01,Mar 2025 – Apr 2025,Not upheld,0,Revolut Ltd,Revolut Ltd,Revolut,Digital bank / e-money,Banking and Payments,Unauthorised transactions,Mr S says Revolut Ltd (“Revolut”) refuses to refund him for transactions on his account he says he didn’t authorise.,20,https://www.financial-ombudsman.org.uk/decision/DRN-5131809.pdf
DRN-5507989,2025-04-30,2025-03-01,Mar 2025 – Apr 2025,Not upheld,0,Bamboo Limited,Bamboo Limited,Bamboo Limited,Other lender / payment firm,Consumer Credit,Irresponsible lending,Miss D complains that Bamboo Limited irresponsibly lent her an unsecured loan.,12,https://www.financial-ombudsman.org.uk/decision/DRN-5507989.pdf
DRN-5490737,2025-04-30,2025-03-01,Mar 2025 – Apr 2025,Not upheld,0,NATIONAL WESTMINSTER BANK PUBLIC LIMITED COMPANY,National Westminster Bank Plc,NatWest Group,High-street bank,Banking and Payments,Credit file / debt / defaults,Miss T complains that NATIONAL WESTMINSTER BANK PUBLIC LIMITED COMPANY (‘NatWest’) were unsupportive when she experienced financial difficulties.,18,https://www.financial-ombudsman.org.uk/decision/DRN-5490737.pdf
DRN-5499508,2025-04-30,2025-03-01,Mar 2025 – Apr 2025,Upheld,1,Bank of Scotland Plc,Bank of Scotland Plc,Lloyds Banking Group,High-street bank,Mortgages,Mortgage,Mr C complains that Bank of Scotland plc trading as Halifax didn’t offer him a reduced interest rate on his mortgage.,21,https://www.financial-ombudsman.org.uk/decision/DRN-5499508.pdf
DRN-5181966,2025-04-30,2025-03-01,Mar 2025 – Apr 2025,Not upheld,0,Santander UK Plc,Santander UK Plc,Santander UK,High-street bank,Banking and Payments,Refund claim (s75 / chargeback),Mrs H has complained about the way Santander UK Plc (“Santander”) responded to claims she’d made under chargeback and section 75 (“s.75”) of the Consumer Credit Act 1974 (“the CCA”).,30,https://www.financial-ombudsman.org.uk/decision/DRN-5181966.pdf
DRN-5521087,2025-04-30,2025-03-01,Mar 2025 – Apr 2025,Upheld,1,Shawbrook Bank Limited,Shawbrook Bank Limited,Shawbrook Bank Limited,Other lender / payment firm,Consumer Credit,Timeshare / unfair credit (s140A),"Mr P and Mrs Z’s complaint is, in essence, that Shawbrook Bank Limited (the ‘Lender’) acted unfairly and unreasonably by (1) being party to an unfair credit relationship with them under Section 140A of the Consumer Credit Act 1974",39,https://www.financial-ombudsman.org.uk/decision/DRN-5521087.pdf
DRN-5366288,2025-04-30,2025-03-01,Mar 2025 – Apr 2025,Upheld,1,Lendable Ltd,Lendable Ltd,Lendable Ltd,Other lender / payment firm,Consumer Credit,Car finance - vehicle quality,Mr P has complained about the quality of a car he acquired using finance from Lendable Ltd trading as Autolend.,20,https://www.financial-ombudsman.org.uk/decision/DRN-5366288.pdf
DRN-5372354,2025-04-30,2025-03-01,Mar 2025 – Apr 2025,Upheld,1,NATIONAL WESTMINSTER BANK PUBLIC LIMITED COMPANY,National Westminster Bank Plc,NatWest Group,High-street bank,Mortgages,Mortgage,"Ms C complains that National Westminster Bank Public Limited Company trading as Ulster Bank (UB) told her in error that a previous complaint she had made about her mortgage had been reactivated, which meant that her switch to a new fixed rate was delayed.",44,https://www.financial-ombudsman.org.uk/decision/DRN-5372354.pdf
DRN-5359802,2025-04-30,2025-03-01,Mar 2025 – Apr 2025,Not upheld,0,Lloyds Bank PLC,Lloyds Bank PLC,Lloyds Banking Group,High-street bank,Banking and Payments,Service & administration,"Mr U complains that Lloyds Bank PLC credited £12,270 to his account when he paid in £15,270.",17,https://www.financial-ombudsman.org.uk/decision/DRN-5359802.pdf
DRN-5447241,2025-04-30,2025-03-01,Mar 2025 – Apr 2025,Not upheld,0,Bank of Scotland Plc,Bank of Scotland Plc,Lloyds Banking Group,High-street bank,Banking and Payments,Service & administration,Mr C complains about the service received from Bank of Scotland Plc (“BOS”) when setting up a savings account for Mrs C who he holds Power of Attorney (POA) for.,30,https://www.financial-ombudsman.org.uk/decision/DRN-5447241.pdf
DRN-5163615,2025-04-30,2025-03-01,Mar 2025 – Apr 2025,Not upheld,0,New Wave Capital Limited,New Wave Capital Limited,New Wave Capital Limited,Other lender / payment firm,Banking and Payments,Service & administration,"M is a company, which has brought this complaint through its director, Mr S. He complains that solicitors who represented him in matrimonial proceedings acted negligently.",26,https://www.financial-ombudsman.org.uk/decision/DRN-5163615.pdf
DRN-5458353,2025-04-30,2025-03-01,Mar 2025 – Apr 2025,Upheld,1,Marsh Finance & Commercial Limited,Marsh Finance & Commercial Limited,Marsh Finance & Commercial Limited,Other lender / payment firm,Consumer Credit,Car finance - vehicle quality,Mr P complains about a car acquired through a Hire Purchase agreement with Marsh Finance & Commercial Limited (‘Marsh’).,19,https://www.financial-ombudsman.org.uk/decision/DRN-5458353.pdf
DRN-5523784,2025-04-30,2025-03-01,Mar 2025 – Apr 2025,Upheld,1,Bank of Scotland Plc,Bank of Scotland Plc,Lloyds Banking Group,High-street bank,Banking and Payments,Unauthorised transactions,Ms R has complained that Bank of Scotland plc (trading as Halifax) held her liable for a transaction which she says she didn’t make or otherwise authorise.,27,https://www.financial-ombudsman.org.uk/decision/DRN-5523784.pdf
DRN-5488389,2025-04-30,2025-03-01,Mar 2025 – Apr 2025,Upheld,1,NewDay Ltd,NewDay Ltd,NewDay Ltd,Other lender / payment firm,Banking and Payments,Irresponsible lending,Miss B complains that NewDay Ltd trading as Aqua lent irresponsibly when it approved her credit card application and later increased the credit limit.,24,https://www.financial-ombudsman.org.uk/decision/DRN-5488389.pdf
DRN-5519488,2025-04-30,2025-03-01,Mar 2025 – Apr 2025,Not upheld,0,Barclays Bank UK PLC,Barclays Bank UK PLC,Barclays,High-street bank,Banking and Payments,Account closure / fraud marker,Mr P complains that Barclays Bank UK PLC unfairly closed his account. He’s also unhappy that a buffer on his overdraft resulted in a direct debit payment processing successfully.,29,https://www.financial-ombudsman.org.uk/decision/DRN-5519488.pdf
DRN-5495599,2025-04-30,2025-03-01,Mar 2025 – Apr 2025,Not upheld,0,Tesco Personal Finance Limited,Tesco Personal Finance Limited,Tesco Personal Finance Limited,Other lender / payment firm,Banking and Payments,Refund claim (s75 / chargeback),"Mrs K, using a professional representative (“the PR”), has complained that Tesco Personal Finance Limited, trading as ‘Tesco Bank’, acted unfairly and unreasonably by declining to pay a claim under Section 75 of the Consumer Credit Act 1974 (“CCA”).",39,https://www.financial-ombudsman.org.uk/decision/DRN-5495599.pdf
DRN-5521992,2025-04-30,2025-03-01,Mar 2025 – Apr 2025,Upheld,1,Barclays Bank UK PLC,Barclays Bank UK PLC,Barclays,High-street bank,Banking and Payments,Mortgage,Mr and Mrs O complain that Barclays Bank UK PLC didn’t offer them support and flexibility with their commercial mortgage.,20,https://www.financial-ombudsman.org.uk/decision/DRN-5521992.pdf
DRN-5497023,2025-04-30,2025-03-01,Mar 2025 – Apr 2025,Not upheld,0,Barclays Bank UK PLC,Barclays Bank UK PLC,Barclays,High-street bank,Banking and Payments,Service & administration,Mrs T complains that Barclays Bank UK PLC trading as Tesco Bank (“Tesco”) sent funds from her credit card account to the wrong recipient when she requested a balance transfer.,30,https://www.financial-ombudsman.org.uk/decision/DRN-5497023.pdf
DRN-5374966,2025-04-30,2025-03-01,Mar 2025 – Apr 2025,Not upheld,0,National Savings and Investments,National Savings and Investments,National Savings and Investments,Other lender / payment firm,Banking and Payments,"Mis-selling, fees & charges",Mr and Mrs M complain National Savings and Investments (“NS&I”) misled them about the interest rate they’d receive on their new bond.,22,https://www.financial-ombudsman.org.uk/decision/DRN-5374966.pdf
DRN-5497426,2025-04-30,2025-03-01,Mar 2025 – Apr 2025,Upheld,1,NATIONAL WESTMINSTER BANK PUBLIC LIMITED COMPANY,National Westminster Bank Plc,NatWest Group,High-street bank,Consumer Credit,Irresponsible lending,Mr E complains that NATIONAL WESTMINSTER BANK PUBLIC LIMITED COMPANY (NatWest) was irresponsible in its lending to him.,18,https://www.financial-ombudsman.org.uk/decision/DRN-5497426.pdf
DRN-5501781,2025-04-30,2025-03-01,Mar 2025 – Apr 2025,Upheld,1,Startline Motor Finance Limited,Startline Motor Finance Limited,Startline Motor Finance Limited,Car & consumer finance,Consumer Credit,Car finance - vehicle quality,Miss G complains Startline Motor Finance Limited (SMFL) supplied a car under a hire purchase agreement which wasn’t of satisfactory quality.,21,https://www.financial-ombudsman.org.uk/decision/DRN-5501781.pdf
DRN-5232778,2025-04-30,2025-03-01,Mar 2025 – Apr 2025,Upheld,1,Stellantis Financial Services UK Limited,Stellantis Financial Services UK Limited,Stellantis Financial Services UK Limited,Car & consumer finance,Consumer Credit,Car finance - vehicle quality,Miss M is unhappy that a car supplied to her under a hire purchase agreement with Stellantis Financial Services UK Limited was of an unsatisfactory quality.,26,https://www.financial-ombudsman.org.uk/decision/DRN-5232778.pdf
DRN-5450288,2025-04-30,2025-03-01,Mar 2025 – Apr 2025,Not upheld,0,Monzo Bank Ltd,Monzo Bank Ltd,Monzo,Digital bank / e-money,Banking and Payments,Service & administration,"Mr M has complained that Monzo Bank Ltd (“Monzo”) allowed gambling transactions to be processed on his account, even though he had a gambling block in place.",27,https://www.financial-ombudsman.org.uk/decision/DRN-5450288.pdf
DRN-5334952,2025-04-30,2025-03-01,Mar 2025 – Apr 2025,Not upheld,0,Lloyds Bank PLC,Lloyds Bank PLC,Lloyds Banking Group,High-street bank,Banking and Payments,Account closure / fraud marker,"Mr V has complained Lloyds Bank PLC lodged a fraud-related marker on the industry fraud database, CIFAS, in his name.",20,https://www.financial-ombudsman.org.uk/decision/DRN-5334952.pdf
DRN-5321727,2025-04-30,2025-03-01,Mar 2025 – Apr 2025,Not upheld,0,Madison CF UK Limited,Madison CF UK Limited,Madison CF UK Limited,Other lender / payment firm,Consumer Credit,Unauthorised transactions,"Mr K has complained Madison CF UK Limited, trading as 118 118 Money, is asking him to repay a personal loan he didn’t take out.",25,https://www.financial-ombudsman.org.uk/decision/DRN-5321727.pdf
DRN-5155309,2025-04-30,2025-03-01,Mar 2025 – Apr 2025,Upheld,1,Zopa Bank Limited,Zopa Bank Limited,Zopa Bank Limited,Other lender / payment firm,Consumer Credit,Unauthorised transactions,Mr O has complained Zopa Bank Limited is asking him to repay a personal loan he didn’t take out.,19,https://www.financial-ombudsman.org.uk/decision/DRN-5155309.pdf
DRN-5304668,2025-04-30,2025-03-01,Mar 2025 – Apr 2025,Not upheld,0,Lloyds Bank PLC,Lloyds Bank PLC,Lloyds Banking Group,High-street bank,Banking and Payments,Service & administration,Mr F has complained Lloyds Bank PLC didn’t credit his bank account properly when he paid £500 cash into his account.,21,https://www.financial-ombudsman.org.uk/decision/DRN-5304668.pdf
DRN-4873719,2025-04-30,2025-03-01,Mar 2025 – Apr 2025,Not upheld,0,Monzo Bank Ltd,Monzo Bank Ltd,Monzo,Digital bank / e-money,Banking and Payments,Scam / APP fraud,Mr T complains Monzo Bank Ltd won’t refund the money he lost to a scam.,15,https://www.financial-ombudsman.org.uk/decision/DRN-4873719.pdf
DRN-5421688,2025-04-30,2025-03-01,Mar 2025 – Apr 2025,Not upheld,0,Zopa Bank Limited,Zopa Bank Limited,Zopa Bank Limited,Other lender / payment firm,Consumer Credit,Irresponsible lending,Mr M complains Zopa Bank Ltd (‘Zopa’) irresponsibly lent to him.,11,https://www.financial-ombudsman.org.uk/decision/DRN-5421688.pdf
DRN-5089061,2025-04-30,2025-03-01,Mar 2025 – Apr 2025,Not upheld,0,NATIONAL WESTMINSTER BANK PUBLIC LIMITED COMPANY,National Westminster Bank Plc,NatWest Group,High-street bank,Banking and Payments,Refund claim (s75 / chargeback),Ms D complains about how NATIONAL WESTMINSTER BANK PUBLIC LIMITED COMPANY handled her chargeback dispute.,15,https://www.financial-ombudsman.org.uk/decision/DRN-5089061.pdf
DRN-5437843,2025-04-30,2025-03-01,Mar 2025 – Apr 2025,Upheld,1,NewDay Ltd,NewDay Ltd,NewDay Ltd,Other lender / payment firm,Banking and Payments,Service & administration,Mr U complains that NewDay Ltd trading as Aquacard (“NewDay”) didn’t handle his claim correctly.,15,https://www.financial-ombudsman.org.uk/decision/DRN-5437843.pdf
DRN-5485748,2025-04-30,2025-03-01,Mar 2025 – Apr 2025,Not upheld,0,HSBC UK Bank Plc,HSBC UK Bank Plc,HSBC UK,High-street bank,Banking and Payments,Account closure / fraud marker,"Mr S complains that HSBC UK Bank PLC blocked, then closed his accounts without explaining why.",16,https://www.financial-ombudsman.org.uk/decision/DRN-5485748.pdf
DRN-5485700,2025-04-30,2025-03-01,Mar 2025 – Apr 2025,Not upheld,0,HSBC UK Bank Plc,HSBC UK Bank Plc,HSBC UK,High-street bank,Banking and Payments,Account closure / fraud marker,"A company I’ll call M complains that HSBC UK Bank PLC blocked, then closed its account, before terminating its Bounce Back Loan (BBL) and offsetting the balance of the account against the BBL debt.",34,https://www.financial-ombudsman.org.uk/decision/DRN-5485700.pdf
DRN-5497922,2025-04-30,2025-03-01,Mar 2025 – Apr 2025,Not upheld,0,NATIONAL WESTMINSTER BANK PUBLIC LIMITED COMPANY,National Westminster Bank Plc,NatWest Group,High-street bank,Consumer Credit,Credit file / debt / defaults,Mr and Mrs S complain about the information NATIONAL WESTMINSTER BANK PUBLIC LIMITED COMPANY (“NatWest”) is reporting to the Credit Reference Agencies (“CRA’s”) in relation to a loan account they had with it.,33,https://www.financial-ombudsman.org.uk/decision/DRN-5497922.pdf
DRN-5442568,2025-04-30,2025-03-01,Mar 2025 – Apr 2025,Not upheld,0,Madison CF UK Limited,Madison CF UK Limited,Madison CF UK Limited,Other lender / payment firm,Consumer Credit,Irresponsible lending,Mrs A complains that Madison CF UK Limited trading as 118 118 Money (118 118) acted irresponsibly in agreeing to lend to her.,23,https://www.financial-ombudsman.org.uk/decision/DRN-5442568.pdf
DRN-5229148,2025-04-30,2025-03-01,Mar 2025 – Apr 2025,Not upheld,0,Revolut Ltd,Revolut Ltd,Revolut,Digital bank / e-money,Banking and Payments,Refund claim (s75 / chargeback),Mr C complains that Revolut Ltd didn’t pursue a chargeback for a purchase made using his Revolut debit card.,19,https://www.financial-ombudsman.org.uk/decision/DRN-5229148.pdf
DRN-5046152,2025-04-30,2025-03-01,Mar 2025 – Apr 2025,Upheld,1,Monzo Bank Ltd,Monzo Bank Ltd,Monzo,Digital bank / e-money,Banking and Payments,Refund claim (s75 / chargeback),Mr R complains about Monzo Bank Ltd’s decision not to raise a chargeback claim on his behalf.,17,https://www.financial-ombudsman.org.uk/decision/DRN-5046152.pdf
DRN-5515840,2025-04-30,2025-03-01,Mar 2025 – Apr 2025,Not upheld,0,MBNA Limited,MBNA Limited,Lloyds Banking Group,High-street bank,Banking and Payments,Service & administration,Mr R is unhappy with several aspects of the service he’s received from MBNA Limited.,15,https://www.financial-ombudsman.org.uk/decision/DRN-5515840.pdf
DRN-5503326,2025-04-30,2025-03-01,Mar 2025 – Apr 2025,Not upheld,0,The Co-operative Bank Plc,The Co-operative Bank Plc,Co-operative Bank,High-street bank,Banking and Payments,Refund claim (s75 / chargeback),"Mr M’s complaint is, in essence, that The Co-operative Bank Plc (the ‘Lender’) acted unfairly and unreasonably by (1) deciding against paying a claim under Section 75 of the Consumer Credit Act 1974",33,https://www.financial-ombudsman.org.uk/decision/DRN-5503326.pdf
DRN-5346931,2025-04-30,2025-03-01,Mar 2025 – Apr 2025,Not upheld,0,Clydesdale Bank Plc,Clydesdale Bank Plc,Virgin Money,High-street bank,Banking and Payments,Refund claim (s75 / chargeback),Mr H has complained that Clydesdale Bank Plc trading as Virgin Money “Virgin Money” rejected his claim against it under Section 75 of the Consumer Credit Act 1974.,28,https://www.financial-ombudsman.org.uk/decision/DRN-5346931.pdf
DRN-4923668,2025-04-30,2025-03-01,Mar 2025 – Apr 2025,Not upheld,0,Revolut Ltd,Revolut Ltd,Revolut,Digital bank / e-money,Banking and Payments,Scam / APP fraud,Mr A complains that Revolut Ltd did not reimburse the funds he lost to a scam.,16,https://www.financial-ombudsman.org.uk/decision/DRN-4923668.pdf
DRN-5518529,2025-04-30,2025-03-01,Mar 2025 – Apr 2025,Not upheld,0,Caledonian Consumer Finance Ltd,Caledonian Consumer Finance Ltd,Caledonian Consumer Finance Ltd,Other lender / payment firm,Consumer Credit,"Mis-selling, fees & charges",Mr G complains about Caledonian Consumer Finance Ltd’s (Caledonian) response to his claim that a training course he purchased using a fixed sum loan from it was mis-sold to him.,30,https://www.financial-ombudsman.org.uk/decision/DRN-5518529.pdf
DRN-5521302,2025-04-30,2025-03-01,Mar 2025 – Apr 2025,Upheld,1,Stellantis Financial Services UK Limited,Stellantis Financial Services UK Limited,Stellantis Financial Services UK Limited,Car & consumer finance,Consumer Credit,Car finance - vehicle quality,Mr F is unhappy that a car supplied to him under a conditional sale agreement with Stellantis Financial Services UK Limited was of an unsatisfactory quality.,26,https://www.financial-ombudsman.org.uk/decision/DRN-5521302.pdf
DRN-5493802,2025-04-30,2025-03-01,Mar 2025 – Apr 2025,Not upheld,0,Monzo Bank Ltd,Monzo Bank Ltd,Monzo,Digital bank / e-money,Banking and Payments,Account closure / fraud marker,Mr E complains Monzo Bank Ltd closed his account and unfairly defaulted him.,13,https://www.financial-ombudsman.org.uk/decision/DRN-5493802.pdf
DRN-5015124,2025-04-30,2025-03-01,Mar 2025 – Apr 2025,Not upheld,0,Monzo Bank Ltd,Monzo Bank Ltd,Monzo,Digital bank / e-money,Banking and Payments,Scam / APP fraud,Mr D complains that Monzo Bank Ltd didn’t do enough to protect him when he fell victim to an investment scam.,21,https://www.financial-ombudsman.org.uk/decision/DRN-5015124.pdf
DRN-5514186,2025-04-30,2025-03-01,Mar 2025 – Apr 2025,Upheld,1,Swift 1st Limited,Swift 1st Limited,Swift 1st Limited,Other lender / payment firm,Mortgages,Mortgage,Mr and Mrs F complain about a second charge mortgage (secured loan) they have which is being administered by Swift 1st Limited trading as Swift Advances.,26,https://www.financial-ombudsman.org.uk/decision/DRN-5514186.pdf
DRN-5081122,2025-04-30,2025-03-01,Mar 2025 – Apr 2025,Upheld,1,CA AUTO FINANCE UK LTD,CA AUTO FINANCE UK LTD,CA AUTO FINANCE UK LTD,Car & consumer finance,Consumer Credit,Car finance - vehicle quality,Miss T complains that the car she acquired through CA AUTO FINANCE UK LTD (“CA AUTO”) wasn’t of satisfactory quality.,20,https://www.financial-ombudsman.org.uk/decision/DRN-5081122.pdf
DRN-5113908,2025-04-30,2025-03-01,Mar 2025 – Apr 2025,Not upheld,0,Healthcare Finance Limited,Healthcare Finance Limited,Healthcare Finance Limited,Other lender / payment firm,Consumer Credit,Refund claim (s75 / chargeback),Mrs P has complained about the way Healthcare Finance Limited (“HFL”) dealt with a claim for money back in relation to dental treatment which she paid for with credit it provided.,31,https://www.financial-ombudsman.org.uk/decision/DRN-5113908.pdf
DRN-5015125,2025-04-30,2025-03-01,Mar 2025 – Apr 2025,Not upheld,0,Revolut Ltd,Revolut Ltd,Revolut,Digital bank / e-money,Banking and Payments,Scam / APP fraud,Mr D complains that Revolut Ltd didn’t do enough to protect him when he says he fell victim to an investment scam.,22,https://www.financial-ombudsman.org.uk/decision/DRN-5015125.pdf
DRN-5378702,2025-04-30,2025-03-01,Mar 2025 – Apr 2025,Not upheld,0,Loans 2 Go Limited,Loans 2 Go Limited,Loans 2 Go Limited,Other lender / payment firm,Consumer Credit,Irresponsible lending,Mr C has complained about a fixed sum loan agreement he took out in December 2021 with Loans 2 Go Limited. He’s said the loan was unaffordable and shouldn’t have been approved.,32,https://www.financial-ombudsman.org.uk/decision/DRN-5378702.pdf
DRN-5627695,2025-06-30,2025-05-01,May 2025 – Jun 2025,Upheld,1,Santander UK Plc,Santander UK Plc,Santander UK,High-street bank,Mortgages,Mortgage,The estate of Mr D complains about how Santander UK Plc managed Mr D’s mortgage after he sadly died.,19,https://www.financial-ombudsman.org.uk/decision/DRN-5627695.pdf
DRN-5625122,2025-06-30,2025-05-01,May 2025 – Jun 2025,Not upheld,0,Nationwide Building Society,Nationwide Building Society,Nationwide,High-street bank,Banking and Payments,Service & administration,Mr M complained about Nationwide Building Society (‘Nationwide’) blocking a payment and then delaying payment after the block was removed.,20,https://www.financial-ombudsman.org.uk/decision/DRN-5625122.pdf
DRN-5596745,2025-06-30,2025-05-01,May 2025 – Jun 2025,Not upheld,0,National Savings and Investments,National Savings and Investments,National Savings and Investments,Other lender / payment firm,Banking and Payments,Service & administration,"Mrs L, acting as attorney on behalf of Mr M, complains about the service provided by National Savings and Investments (‘NS&I’) in connection with a bond application.",27,https://www.financial-ombudsman.org.uk/decision/DRN-5596745.pdf
DRN-5558552,2025-06-30,2025-05-01,May 2025 – Jun 2025,Not upheld,0,Mitsubishi HC Capital UK Plc,Mitsubishi HC Capital UK Plc,Mitsubishi HC Capital UK Plc,Car & consumer finance,Consumer Credit,"Mis-selling, fees & charges",Mrs B has complained that Mitsubishi HC Capital UK PLC trading as Novuna Vehicle Solutions (“Novuna”) failed to inform her that she would be liable for excess mileage charges and additional hire rental charges.,34,https://www.financial-ombudsman.org.uk/decision/DRN-5558552.pdf
DRN-5597563,2025-06-30,2025-05-01,May 2025 – Jun 2025,Not upheld,0,Lloyds Bank PLC,Lloyds Bank PLC,Lloyds Banking Group,High-street bank,Banking and Payments,Unauthorised transactions,Miss D has complained that Lloyds Bank PLC transferred her debt to a debt collection company without her knowledge.,19,https://www.financial-ombudsman.org.uk/decision/DRN-5597563.pdf
DRN-5510350,2025-06-30,2025-05-01,May 2025 – Jun 2025,Not upheld,0,Barclays Bank UK PLC,Barclays Bank UK PLC,Barclays,High-street bank,Banking and Payments,Scam / APP fraud,Mr A is unhappy that Barclays Bank UK PLC won’t reimburse money he lost to a scam.,17,https://www.financial-ombudsman.org.uk/decision/DRN-5510350.pdf
DRN-5628703,2025-06-30,2025-05-01,May 2025 – Jun 2025,Not upheld,0,NewDay Ltd,NewDay Ltd,NewDay Ltd,Other lender / payment firm,Banking and Payments,Irresponsible lending,"Mr C complains that NewDay Ltd trading as Marbles and Fluid (NewDay) acted irresponsibly when agreeing to open two credit card accounts, and to subsequent credit limit increases for one of the credit cards.",34,https://www.financial-ombudsman.org.uk/decision/DRN-5628703.pdf
DRN-5638545,2025-06-30,2025-05-01,May 2025 – Jun 2025,Not upheld,0,Revolut Ltd,Revolut Ltd,Revolut,Digital bank / e-money,Banking and Payments,Scam / APP fraud,Mr P complains that Revolut Ltd has declined to reimburse a payment made in relation to a scam.,18,https://www.financial-ombudsman.org.uk/decision/DRN-5638545.pdf
DRN-5515702,2025-06-30,2025-05-01,May 2025 – Jun 2025,Not upheld,0,J.P. Morgan Europe Limited,J.P. Morgan Europe Limited,Chase UK,Digital bank / e-money,Banking and Payments,Scam / APP fraud,Ms P complains that J.P. Morgan Europe Limited trading as Chase (‘Chase’) has not refunded her for a payment she made to an investment scam.,25,https://www.financial-ombudsman.org.uk/decision/DRN-5515702.pdf
DRN-5627684,2025-06-30,2025-05-01,May 2025 – Jun 2025,Upheld,1,Santander UK Plc,Santander UK Plc,Santander UK,High-street bank,Mortgages,Mortgage,Mrs D complains about how Santander UK Plc managed her application to take over the late Mr D’s mortgage after he sadly died.,23,https://www.financial-ombudsman.org.uk/decision/DRN-5627684.pdf
DRN-5463917,2025-06-30,2025-05-01,May 2025 – Jun 2025,Not upheld,0,Clydesdale Bank Plc,Clydesdale Bank Plc,Virgin Money,High-street bank,Banking and Payments,Car finance - vehicle quality,Mr S has complained that Clydesdale Bank Plc trading as Virgin Money unfairly declined his claim about the quality of a motorbike he bought.,24,https://www.financial-ombudsman.org.uk/decision/DRN-5463917.pdf
DRN-5172988,2025-06-30,2025-05-01,May 2025 – Jun 2025,Upheld,1,CA AUTO FINANCE UK LTD,CA AUTO FINANCE UK LTD,CA AUTO FINANCE UK LTD,Car & consumer finance,Consumer Credit,Car finance - vehicle quality,Miss B complained about the quality of a car provided on finance by CA Auto Finance UK Ltd (“CAAF”).,19,https://www.financial-ombudsman.org.uk/decision/DRN-5172988.pdf
DRN-5368375,2025-06-30,2025-05-01,May 2025 – Jun 2025,Not upheld,0,Capquest Debt Recovery Limited,Capquest Debt Recovery Limited,Capquest Debt Recovery Limited,Other lender / payment firm,Consumer Credit,Credit file / debt / defaults,Mr A complains that Capquest Debt Recovery Limited (Capquest) applied for a County Court Judgement (CCJ) against him at the incorrect address when they had his correct address.,28,https://www.financial-ombudsman.org.uk/decision/DRN-5368375.pdf
DRN-5099884,2025-06-30,2025-05-01,May 2025 – Jun 2025,Not upheld,0,Revolut Ltd,Revolut Ltd,Revolut,Digital bank / e-money,Banking and Payments,Scam / APP fraud,Mr D is unhappy that Revolut Ltd didn’t reimburse him after he fell victim to a scam.,17,https://www.financial-ombudsman.org.uk/decision/DRN-5099884.pdf
DRN-5581813,2025-06-30,2025-05-01,May 2025 – Jun 2025,Not upheld,0,Mercedes-Benz Financial Services UK Limited,Mercedes-Benz Financial Services UK Limited,Mercedes-Benz Financial Services UK Limited,Car & consumer finance,Consumer Credit,Service & administration,"Mr W has complained about the redress he’s received from Mercedes-Benz Financial Services UK Limited (‘MBFS’), following the rejection of his car.",22,https://www.financial-ombudsman.org.uk/decision/DRN-5581813.pdf
DRN-5657544,2025-06-30,2025-05-01,May 2025 – Jun 2025,Not upheld,0,Mortgage Advice Bureau Limited,Mortgage Advice Bureau Limited,Mortgage Advice Bureau Limited,Other lender / payment firm,Mortgages,Mortgage,Ms C and Mr S complain that an appointed representative of Mortgage Advice Bureau Limited failed to give them correct and timely information about interest rate products for their mortgage.,30,https://www.financial-ombudsman.org.uk/decision/DRN-5657544.pdf
DRN-5259533,2025-06-30,2025-05-01,May 2025 – Jun 2025,Not upheld,0,Revolut Ltd,Revolut Ltd,Revolut,Digital bank / e-money,Banking and Payments,Scam / APP fraud,Mr G is unhappy Revolut Ltd (“Revolut”) hasn’t reimbursed him after he fell victim to an investment scam.,18,https://www.financial-ombudsman.org.uk/decision/DRN-5259533.pdf
DRN-5221522,2025-06-30,2025-05-01,May 2025 – Jun 2025,Not upheld,0,AIB Group (UK) Plc,AIB Group (UK) Plc,AIB Group (UK) Plc,Other lender / payment firm,Banking and Payments,Scam / APP fraud,Mr H complains that AIB Group (UK) Plc (“AIB”) didn’t do enough to protect him when he fell victim to a scam.,22,https://www.financial-ombudsman.org.uk/decision/DRN-5221522.pdf
DRN-5655807,2025-06-30,2025-05-01,May 2025 – Jun 2025,Upheld,1,BMW Financial Services(GB) Limited,BMW Financial Services (GB) Limited,BMW Financial Services (GB) Limited,Car & consumer finance,Consumer Credit,Car finance - vehicle quality,Mr O complains about the quality of a car supplied to him by BMW Financial Services (GB) Limited trading as ALPHERA Financial Services (“Alphera”).,24,https://www.financial-ombudsman.org.uk/decision/DRN-5655807.pdf
DRN-5647532,2025-06-30,2025-05-01,May 2025 – Jun 2025,Not upheld,0,Barclays Bank UK PLC,Barclays Bank UK PLC,Barclays,High-street bank,Banking and Payments,Scam / APP fraud,Mr S complains that Barclays Bank UK PLC won’t refund money he said he lost to a scam.,18,https://www.financial-ombudsman.org.uk/decision/DRN-5647532.pdf
DRN-5656339,2025-06-30,2025-05-01,May 2025 – Jun 2025,Upheld,1,Mitsubishi HC Capital UK Plc,Mitsubishi HC Capital UK Plc,Mitsubishi HC Capital UK Plc,Car & consumer finance,Consumer Credit,Service & administration,Mr R has complained about the way Mitsubishi HC Capital UK PLC trading as Novuna Vehicle Solutions (“MHCC”) handled an application for a lease agreement.,25,https://www.financial-ombudsman.org.uk/decision/DRN-5656339.pdf
DRN-5412095,2025-06-30,2025-05-01,May 2025 – Jun 2025,Not upheld,0,Specialist Motor Finance Limited,Specialist Motor Finance Limited,Specialist Motor Finance Limited,Car & consumer finance,Consumer Credit,Irresponsible lending,Mr L complains that Specialist Motor Finance Limited (SMF) lent to him irresponsibly.,13,https://www.financial-ombudsman.org.uk/decision/DRN-5412095.pdf
DRN-4912144,2025-06-30,2025-05-01,May 2025 – Jun 2025,Upheld,1,ClearBank Limited,ClearBank Limited,ClearBank Limited,Other lender / payment firm,Banking and Payments,Scam / APP fraud,Company M complains that ClearBank Limited (‘Tide’) hasn’t reimbursed money it lost though an Authorised Push Payment scam.,18,https://www.financial-ombudsman.org.uk/decision/DRN-4912144.pdf
DRN-5630628,2025-06-30,2025-05-01,May 2025 – Jun 2025,Not upheld,0,NATIONAL WESTMINSTER BANK PUBLIC LIMITED COMPANY,National Westminster Bank Plc,NatWest Group,High-street bank,Banking and Payments,Account closure / fraud marker,"Mr F has complained that NATIONAL WESTMINSTER BANK PUBLIC LIMITED COMPANY (“NatWest”) blocked a payment, that he made via a third-party payment provider.",23,https://www.financial-ombudsman.org.uk/decision/DRN-5630628.pdf
DRN-5655716,2025-06-30,2025-05-01,May 2025 – Jun 2025,Upheld,1,Frasers Group Financial Services Limited,Frasers Group Financial Services Limited,Frasers Group Financial Services Limited,Other lender / payment firm,Consumer Credit,Service & administration,Mr S has complained about the service received off the back of purchasing goods using his Frasers Group Financial Services Limited (“FGFS”) credit agreement.,24,https://www.financial-ombudsman.org.uk/decision/DRN-5655716.pdf
DRN-5271684,2025-06-30,2025-05-01,May 2025 – Jun 2025,Not upheld,0,Wise Payments Limited,Wise Payments Limited,Wise Payments Limited,Other lender / payment firm,Banking and Payments,Scam / APP fraud,Mr S complains that Wise Payments Limited trading as Wise won’t refund money he said he lost to a scam.,20,https://www.financial-ombudsman.org.uk/decision/DRN-5271684.pdf
DRN-5141808,2025-06-30,2025-05-01,May 2025 – Jun 2025,Not upheld,0,The Royal Bank of Scotland Plc,The Royal Bank of Scotland Plc,NatWest Group,High-street bank,Banking and Payments,Service & administration,"Company T, a limited company, complains that The Royal Bank of Scotland Plc (RBS) hasn’t reimbursed it for payments it made to what Company T now believes to have been a fraudulent investment scheme.",34,https://www.financial-ombudsman.org.uk/decision/DRN-5141808.pdf
DRN-5373358,2025-06-30,2025-05-01,May 2025 – Jun 2025,Not upheld,0,HSBC UK Bank Plc,HSBC UK Bank Plc,HSBC UK,High-street bank,Banking and Payments,Service & administration,Mr S complains that HSBC UK Bank Plc (HSBC) hasn’t reimbursed him for payments he made in 2018 to what he now believes to have been a fraudulent investment.,29,https://www.financial-ombudsman.org.uk/decision/DRN-5373358.pdf
DRN-5177655,2025-06-30,2025-05-01,May 2025 – Jun 2025,Not upheld,0,Bank of Scotland Plc,Bank of Scotland Plc,Lloyds Banking Group,High-street bank,Banking and Payments,Scam / APP fraud,Mr S complains that Bank of Scotland plc trading as Halifax (“Halifax”) won’t refund payments he made as part of a scam.,22,https://www.financial-ombudsman.org.uk/decision/DRN-5177655.pdf
DRN-5647514,2025-06-30,2025-05-01,May 2025 – Jun 2025,Not upheld,0,Nationwide Building Society,Nationwide Building Society,Nationwide,High-street bank,Banking and Payments,Scam / APP fraud,Mr S and Ms B complain that Nationwide Building Society won’t refund money they said Mr S lost to a scam.,21,https://www.financial-ombudsman.org.uk/decision/DRN-5647514.pdf
DRN-5154220,2025-06-30,2025-05-01,May 2025 – Jun 2025,Not upheld,0,Bank of Scotland Plc,Bank of Scotland Plc,Lloyds Banking Group,High-street bank,Banking and Payments,Scam / APP fraud,Miss M complains that Bank of Scotland Plc trading as Halifax (“Halifax”) won’t refund her multiple payments made from her account as the result of an investment scam.,28,https://www.financial-ombudsman.org.uk/decision/DRN-5154220.pdf
DRN-5072350,2025-06-30,2025-05-01,May 2025 – Jun 2025,Upheld,1,Kroo Bank Ltd,Kroo Bank Ltd,Kroo,Digital bank / e-money,Banking and Payments,Unauthorised transactions,Mr M complains that Kroo Bank Ltd (Kroo) hasn’t refunded transactions which he says he didn’t authorise,17,https://www.financial-ombudsman.org.uk/decision/DRN-5072350.pdf
DRN-5198710,2025-06-30,2025-05-01,May 2025 – Jun 2025,Not upheld,0,Revolut Ltd,Revolut Ltd,Revolut,Digital bank / e-money,Banking and Payments,Scam / APP fraud,Mr S complains Revolut Ltd (“Revolut”) didn’t do enough to protect him when he fell victim to a cryptocurrency investment scam.,21,https://www.financial-ombudsman.org.uk/decision/DRN-5198710.pdf
DRN-5470394,2025-06-30,2025-05-01,May 2025 – Jun 2025,Not upheld,0,Barclays Bank UK PLC,Barclays Bank UK PLC,Barclays,High-street bank,Banking and Payments,Service & administration,Mr A complains that Barclays Bank UK PLC hasn’t reimbursed him for four payments he made in March 2021 to what he now believes to have been a fraudulent investment.,30,https://www.financial-ombudsman.org.uk/decision/DRN-5470394.pdf
DRN-5349460,2025-06-30,2025-05-01,May 2025 – Jun 2025,Not upheld,0,Lloyds Bank PLC,Lloyds Bank PLC,Lloyds Banking Group,High-street bank,Banking and Payments,Refund claim (s75 / chargeback),Mr K complains about a claim he made to Lloyds Bank PLC (Lloyds) in respect of a deposit not having been returned following the cancellation of a contract.,28,https://www.financial-ombudsman.org.uk/decision/DRN-5349460.pdf
DRN-5656099,2025-06-30,2025-05-01,May 2025 – Jun 2025,Upheld,1,Intrum Mortgages UK Finance Limited,Intrum Mortgages UK Finance Limited,Intrum Mortgages UK Finance Limited,Other lender / payment firm,Mortgages,Mortgage,Mr and Mrs Y complain that Intrum Mortgages UK Finance Limited has charged them an unfairly high rate of interest on their mortgage account.,24,https://www.financial-ombudsman.org.uk/decision/DRN-5656099.pdf
DRN-5656434,2025-06-30,2025-05-01,May 2025 – Jun 2025,Not upheld,0,Loans 2 Go Limited,Loans 2 Go Limited,Loans 2 Go Limited,Other lender / payment firm,Consumer Credit,Irresponsible lending,Ms K complains Loans 2 Go Limited (L2G) acted irresponsibly by approving her for lending which was unaffordable. Ms K also complains the interest rate L2G charged her was grossly excessive.,31,https://www.financial-ombudsman.org.uk/decision/DRN-5656434.pdf
DRN-5242676,2025-06-30,2025-05-01,May 2025 – Jun 2025,Not upheld,0,NATIONAL WESTMINSTER BANK PUBLIC LIMITED COMPANY,National Westminster Bank Plc,NatWest Group,High-street bank,Banking and Payments,Scam / APP fraud,Mr I complains National Westminster Bank Public Limited Company (“NatWest”) didn’t do enough to protect him when he fell victim to a cryptocurrency investment scam.,25,https://www.financial-ombudsman.org.uk/decision/DRN-5242676.pdf
DRN-5195555,2025-06-30,2025-05-01,May 2025 – Jun 2025,Not upheld,0,Revolut Ltd,Revolut Ltd,Revolut,Digital bank / e-money,Banking and Payments,Scam / APP fraud,Mr B complains that Revolut Ltd won’t refund money he lost to a scam.,14,https://www.financial-ombudsman.org.uk/decision/DRN-5195555.pdf
DRN-5655866,2025-06-30,2025-05-01,May 2025 – Jun 2025,Upheld,1,Tandem Motor Finance Limited,Tandem Motor Finance Limited,Tandem Motor Finance Limited,Car & consumer finance,Consumer Credit,Car finance - vehicle quality,Mr H is unhappy that a car supplied to him under a hire purchase agreement with Tandem Motor Finance Limited (Tandem) was of unsatisfactory quality.,25,https://www.financial-ombudsman.org.uk/decision/DRN-5655866.pdf
DRN-5469571,2025-06-30,2025-05-01,May 2025 – Jun 2025,Not upheld,0,Moneybarn No. 1 Limited,Moneybarn No. 1 Limited,Moneybarn No. 1 Limited,Car & consumer finance,Consumer Credit,Irresponsible lending,Mr B complains Moneybarn No.1 Limited (Moneybarn) irresponsibly entered into a car finance agreement because it didn’t carry out reasonable and proportionate checks to ensure the agreement was affordable for him.,31,https://www.financial-ombudsman.org.uk/decision/DRN-5469571.pdf
DRN-5318290,2025-06-30,2025-05-01,May 2025 – Jun 2025,Not upheld,0,NewDay Ltd,NewDay Ltd,NewDay Ltd,Other lender / payment firm,Banking and Payments,Irresponsible lending,Miss I complains NewDay Ltd trading as Marbles (NewDay) acted irresponsibly by failing to conduct proportionate checks prior to approving her for lending.,23,https://www.financial-ombudsman.org.uk/decision/DRN-5318290.pdf
DRN-5653962,2025-06-30,2025-05-01,May 2025 – Jun 2025,Not upheld,0,Creation Consumer Finance Ltd,Creation Consumer Finance Limited,Creation Consumer Finance Limited,Other lender / payment firm,Consumer Credit,Service & administration,Mr B complains about the balance owed under a fixed sum loan agreement with Creation Consumer Finance Ltd.,18,https://www.financial-ombudsman.org.uk/decision/DRN-5653962.pdf
DRN-5570430,2025-06-30,2025-05-01,May 2025 – Jun 2025,Not upheld,0,Startline Motor Finance Limited,Startline Motor Finance Limited,Startline Motor Finance Limited,Car & consumer finance,Consumer Credit,Car finance - vehicle quality,Miss J complains STARTLINE MOTOR FINANCE LIMITED (Startline) provided her with a car under a hire purchase agreement which wasn’t of satisfactory quality.,23,https://www.financial-ombudsman.org.uk/decision/DRN-5570430.pdf
DRN-5350630,2025-06-30,2025-05-01,May 2025 – Jun 2025,Not upheld,0,The Co-operative Bank Plc,The Co-operative Bank Plc,Co-operative Bank,High-street bank,Banking and Payments,Service & administration,Ms L complains about the customer service she received from The Co-operative Bank Plc (Co-op) when she attempted to complete an account switch.,23,https://www.financial-ombudsman.org.uk/decision/DRN-5350630.pdf
DRN-5552900,2025-06-30,2025-05-01,May 2025 – Jun 2025,Upheld,1,Moneybarn No. 1 Limited,Moneybarn No. 1 Limited,Moneybarn No. 1 Limited,Car & consumer finance,Consumer Credit,Credit file / debt / defaults,Mr D complains that Moneybarn No.1 Limited mishandled his account when it fell into arrears and this has unfairly impacted on his credit file.,24,https://www.financial-ombudsman.org.uk/decision/DRN-5552900.pdf
DRN-5657707,2025-06-30,2025-05-01,May 2025 – Jun 2025,Upheld,1,Nationwide Building Society,Nationwide Building Society,Nationwide,High-street bank,Banking and Payments,Service & administration,Mr S complains that Nationwide Building Society (‘Nationwide’) should pay compensation for admitted poor service in connection with a FlexDirect account.,21,https://www.financial-ombudsman.org.uk/decision/DRN-5657707.pdf
DRN-5624054,2025-06-30,2025-05-01,May 2025 – Jun 2025,Not upheld,0,Volvo Car UK Limited,Volvo Car UK Limited,Volvo Car UK Limited,Car & consumer finance,Consumer Credit,"Mis-selling, fees & charges",Mrs B complains that the end of contract charges applied by Volvo Car UK Limited trading as Volvo Cars when a car was returned under a hire agreement were unfair and unreasonable.,32,https://www.financial-ombudsman.org.uk/decision/DRN-5624054.pdf
DRN-5548839,2025-06-30,2025-05-01,May 2025 – Jun 2025,Not upheld,0,Bank of Scotland Plc,Bank of Scotland Plc,Lloyds Banking Group,High-street bank,Banking and Payments,Unauthorised transactions,Mr I complains Bank of Scotland plc trading as Halifax (Halifax) failed to support and refund him for a fraudulent transaction on his account at an Automated Teller Machine (ATM).,30,https://www.financial-ombudsman.org.uk/decision/DRN-5548839.pdf
DRN-5578835,2025-06-30,2025-05-01,May 2025 – Jun 2025,Not upheld,0,Pendragon Finance and Insurance Services Limited,Pendragon Finance and Insurance Services Limited,Pendragon Finance and Insurance Services Limited,Other lender / payment firm,Consumer Credit,"Mis-selling, fees & charges",Mr J complains that Pendragon Finance and Insurance Services Limited misled him about the terms on which he would be able to obtain motor finance without telling him in advance.,30,https://www.financial-ombudsman.org.uk/decision/DRN-5578835.pdf
DRN-5465649,2025-06-30,2025-05-01,May 2025 – Jun 2025,Not upheld,0,Hyundai Capital UK Limited,Hyundai Capital UK Limited,Hyundai Capital UK Limited,Car & consumer finance,Consumer Credit,"Mis-selling, fees & charges","Mr L has complained that Hyundai Capital UK Limited paid a parking fine on his behalf, then passed the cost and an admin fee on to him.",27,https://www.financial-ombudsman.org.uk/decision/DRN-5465649.pdf
DRN-5588800,2025-06-30,2025-05-01,May 2025 – Jun 2025,Not upheld,0,Santander UK Plc,Santander UK Plc,Santander UK,High-street bank,Banking and Payments,Service & administration,Mr Z has complained that Santander UK Plc (“Santander”) prevented him from withdrawing a large sum of money from his account to pay for building work.,26,https://www.financial-ombudsman.org.uk/decision/DRN-5588800.pdf
DRN-5216527,2025-06-30,2025-05-01,May 2025 – Jun 2025,Not upheld,0,HiFX Europe Limited,HiFX Europe Limited,HiFX Europe Limited,Other lender / payment firm,Banking and Payments,Scam / APP fraud,Mr D is unhappy that HiFX Europe Limited won’t refund payments he made as part of a scam.,18,https://www.financial-ombudsman.org.uk/decision/DRN-5216527.pdf
DRN-5263030,2025-06-30,2025-05-01,May 2025 – Jun 2025,Not upheld,0,Wise Payments Limited,Wise Payments Limited,Wise Payments Limited,Other lender / payment firm,Banking and Payments,Scam / APP fraud,Mr D is unhappy Wise Payments Limited won’t refund payments he sent as part of a scam.,17,https://www.financial-ombudsman.org.uk/decision/DRN-5263030.pdf
DRN-5255655,2025-06-30,2025-05-01,May 2025 – Jun 2025,Upheld,1,Creation Consumer Finance Ltd,Creation Consumer Finance Limited,Creation Consumer Finance Limited,Other lender / payment firm,Consumer Credit,Car finance - vehicle quality,Mr M complaints that a car supplied to him under a hire purchase agreement with Creation Consumer Finance Ltd (CCF) is of unsatisfactory quality.,24,https://www.financial-ombudsman.org.uk/decision/DRN-5255655.pdf
DRN-5159074,2025-06-30,2025-05-01,May 2025 – Jun 2025,Not upheld,0,TSB Bank plc,TSB Bank plc,TSB,High-street bank,Banking and Payments,Scam / APP fraud,Mr and Mrs D are unhappy that TSB Bank plc won’t refund payments they sent as part of a scam through their joint account.,24,https://www.financial-ombudsman.org.uk/decision/DRN-5159074.pdf
DRN-4966044,2025-06-30,2025-05-01,May 2025 – Jun 2025,Not upheld,0,Revolut Ltd,Revolut Ltd,Revolut,Digital bank / e-money,Banking and Payments,Scam / APP fraud,"Mr C complains that Revolut Ltd didn’t do enough to protect him from the financial harm caused by a safe account scam, or to help him recover the money once he’d reported the scam to it.",36,https://www.financial-ombudsman.org.uk/decision/DRN-4966044.pdf
DRN-5642557,2025-06-30,2025-05-01,May 2025 – Jun 2025,Not upheld,0,Barclays Bank UK PLC,Barclays Bank UK PLC,Barclays,High-street bank,Mortgages,Mortgage,"Mr P, Mr P1 and Mrs P complain that Barclays Bank UK PLC misled them about the end date of the tracker interest rate deal on their mortgage, and put in place a fixed rate that they don’t want.",39,https://www.financial-ombudsman.org.uk/decision/DRN-5642557.pdf
DRN-5332250,2025-06-30,2025-05-01,May 2025 – Jun 2025,Not upheld,0,Monzo Bank Ltd,Monzo Bank Ltd,Monzo,Digital bank / e-money,Banking and Payments,Scam / APP fraud,Mr O is unhappy that Monzo Bank Ltd won’t reimburse money he lost to a scam.,16,https://www.financial-ombudsman.org.uk/decision/DRN-5332250.pdf
DRN-5574649,2025-06-30,2025-05-01,May 2025 – Jun 2025,Not upheld,0,Revolut Ltd,Revolut Ltd,Revolut,Digital bank / e-money,Banking and Payments,Scam / APP fraud,"Mr S complains Revolut Ltd (‘Revolut’) won’t reimburse over £44,000 that he lost when he fell victim to an cryptocurrency investment scam.",22,https://www.financial-ombudsman.org.uk/decision/DRN-5574649.pdf
DRN-5501090,2025-06-30,2025-05-01,May 2025 – Jun 2025,Not upheld,0,Starling Bank Limited,Starling Bank Limited,Starling,Digital bank / e-money,Banking and Payments,Unauthorised transactions,Mr M complains that Starling Bank Limited has declined to reimburse a payment he says he didn’t authorise.,18,https://www.financial-ombudsman.org.uk/decision/DRN-5501090.pdf
DRN-5603795,2025-06-30,2025-05-01,May 2025 – Jun 2025,Not upheld,0,Handelsbanken plc,Handelsbanken plc,Handelsbanken plc,Other lender / payment firm,Mortgages,Service & administration,Mrs H complains Handelsbanken plc trading as Handelsbanken had carried out a credit search without her permission.,17,https://www.financial-ombudsman.org.uk/decision/DRN-5603795.pdf
DRN-5441425,2025-06-30,2025-05-01,May 2025 – Jun 2025,Not upheld,0,Cabot Credit Management Group Limited,Cabot Credit Management Group Limited,Cabot Credit Management Group Limited,Other lender / payment firm,Consumer Credit,Service & administration,The estate of Miss L (the estate) complains that Cabot Credit Management Group Limited trading as Cabot Financial (Europe) Limited (Cabot) are refusing to honour a reduced settlement they sent to the late Miss L prior to her passing.,39,https://www.financial-ombudsman.org.uk/decision/DRN-5441425.pdf
DRN-5307680,2025-06-30,2025-05-01,May 2025 – Jun 2025,Not upheld,0,Barclays Bank UK PLC,Barclays Bank UK PLC,Barclays,High-street bank,Banking and Payments,Unauthorised transactions,Ms A complains that Barclays Bank UK PLC is holding her liable for transactions which she says she didn’t authorise.,20,https://www.financial-ombudsman.org.uk/decision/DRN-5307680.pdf
DRN-5392301,2025-06-30,2025-05-01,May 2025 – Jun 2025,Not upheld,0,Lex Autolease Ltd,Lex Autolease Ltd,Lloyds Banking Group,High-street bank,Consumer Credit,"Mis-selling, fees & charges","Mr G has complained about charges Lex Autolease Ltd applied at the end of his lease agreement, when he was expecting a rebate.",23,https://www.financial-ombudsman.org.uk/decision/DRN-5392301.pdf
DRN-5502705,2025-06-30,2025-05-01,May 2025 – Jun 2025,Not upheld,0,Barclays Bank UK PLC,Barclays Bank UK PLC,Barclays,High-street bank,Banking and Payments,Scam / APP fraud,Miss C complains that Barclays Bank UK PLC won’t reimburse her a loss she suffered from an investment fraud.,19,https://www.financial-ombudsman.org.uk/decision/DRN-5502705.pdf
DRN-5657796,2025-06-30,2025-05-01,May 2025 – Jun 2025,Not upheld,0,JAJA FINANCE LTD,JAJA FINANCE LTD,JAJA FINANCE LTD,Other lender / payment firm,Consumer Credit,Timeshare / unfair credit (s140A),Mr R complains that JAJA Finance Limited has not met its obligations in regard to transactions he made on his credit card to pay for a Timeshare type agreement.,29,https://www.financial-ombudsman.org.uk/decision/DRN-5657796.pdf
DRN-5601340,2025-06-30,2025-05-01,May 2025 – Jun 2025,Not upheld,0,JBR Capital Limited,JBR Capital Limited,JBR Capital Limited,Other lender / payment firm,Consumer Credit,Irresponsible lending,Mr and Mrs T complain about issues with a car that was supplied to them under a hire purchase agreement with JBR Capital Limited and that the lending was unaffordable for them.,32,https://www.financial-ombudsman.org.uk/decision/DRN-5601340.pdf
DRN-5486269,2025-06-30,2025-05-01,May 2025 – Jun 2025,Not upheld,0,Lowell Portfolio I Ltd,Lowell Portfolio I Ltd,Lowell Portfolio I Ltd,Other lender / payment firm,Consumer Credit,Service & administration,Mr C complains that Lowell Portfolio I limited (Lowell) won’t accept his offer for a repayment plan with him having to share more information with them.,26,https://www.financial-ombudsman.org.uk/decision/DRN-5486269.pdf
DRN-5601277,2025-06-30,2025-05-01,May 2025 – Jun 2025,Not upheld,0,Monzo Bank Ltd,Monzo Bank Ltd,Monzo,Digital bank / e-money,Banking and Payments,Refund claim (s75 / chargeback),Mr D complains that Monzo Bank Limited won’t refund to him the payments that he made for two digital instructional videos.,21,https://www.financial-ombudsman.org.uk/decision/DRN-5601277.pdf
DRN-5277879,2025-06-30,2025-05-01,May 2025 – Jun 2025,Not upheld,0,Lloyds Bank PLC,Lloyds Bank PLC,Lloyds Banking Group,High-street bank,Banking and Payments,Unauthorised transactions,Company N complains that Lloyds Bank PLC (‘Lloyds’) has not refunded losses incurred through what it believes to have been a series of fraudulent transactions.,25,https://www.financial-ombudsman.org.uk/decision/DRN-5277879.pdf
DRN-5545969,2025-06-30,2025-05-01,May 2025 – Jun 2025,Not upheld,0,Nationwide Building Society,Nationwide Building Society,Nationwide,High-street bank,Banking and Payments,Service & administration,Mr and Mrs S complain that Nationwide Building Society sent them incorrect information about their current account which caused them distress.,21,https://www.financial-ombudsman.org.uk/decision/DRN-5545969.pdf
DRN-5452535,2025-06-30,2025-05-01,May 2025 – Jun 2025,Upheld,1,Metro Bank PLC,Metro Bank PLC,Metro Bank,High-street bank,Banking and Payments,Refund claim (s75 / chargeback),Mr O complains Metro Bank PLC didn’t do enough to help get a refund for transactions made on his debit card.,21,https://www.financial-ombudsman.org.uk/decision/DRN-5452535.pdf
DRN-5498355,2025-06-30,2025-05-01,May 2025 – Jun 2025,Not upheld,0,Bank of Scotland Plc,Bank of Scotland Plc,Lloyds Banking Group,High-street bank,Banking and Payments,Unauthorised transactions,"Mr C’s father complains on his behalf. Briefly, Mr C’s father says that Bank of Scotland Plc (part of the Lloyds banking group) didn’t make him aware of the arrears that had built up on Mr C’s loan.",38,https://www.financial-ombudsman.org.uk/decision/DRN-5498355.pdf
DRN-5657705,2025-06-30,2025-05-01,May 2025 – Jun 2025,Not upheld,0,Bank of Scotland Plc,Bank of Scotland Plc,Lloyds Banking Group,High-street bank,Banking and Payments,Refund claim (s75 / chargeback),Ms H complains that Halifax didn’t agree to pay for new windows and doors as a result of claim made through Section 75 of the Consumer Credit Act 1974 (Section 75).,31,https://www.financial-ombudsman.org.uk/decision/DRN-5657705.pdf
DRN-5546487,2025-06-30,2025-05-01,May 2025 – Jun 2025,Not upheld,0,Starling Bank Limited,Starling Bank Limited,Starling,Digital bank / e-money,Banking and Payments,Unauthorised transactions,"Mr D complains about a claim he made to Starling Bank Limited (Starling) in respect of an unauthorised transaction on his account, and the resulting default applied to his account for non-payment of arrears.",34,https://www.financial-ombudsman.org.uk/decision/DRN-5546487.pdf
DRN-5293576,2025-06-30,2025-05-01,May 2025 – Jun 2025,Not upheld,0,Lloyds Bank PLC,Lloyds Bank PLC,Lloyds Banking Group,High-street bank,Banking and Payments,Refund claim (s75 / chargeback),Miss K complains Lloyds Bank PLC didn’t do enough to help get a refund for transactions made on her debit card.,21,https://www.financial-ombudsman.org.uk/decision/DRN-5293576.pdf
DRN-4944465,2025-06-30,2025-05-01,May 2025 – Jun 2025,Not upheld,0,Revolut Ltd,Revolut Ltd,Revolut,Digital bank / e-money,Banking and Payments,Scam / APP fraud,Miss L complains that Revolut Ltd (“Revolut”) didn’t do enough to protect her when she fell victim to a scam.,20,https://www.financial-ombudsman.org.uk/decision/DRN-4944465.pdf
DRN-5038739,2025-06-30,2025-05-01,May 2025 – Jun 2025,Not upheld,0,Curve UK Limited,Curve UK Limited,Curve UK Limited,Other lender / payment firm,Banking and Payments,Unauthorised transactions,Mr K complains that Curve UK Limited (Curve) processed a payment that he had not authorised.,16,https://www.financial-ombudsman.org.uk/decision/DRN-5038739.pdf
DRN-5133751,2025-06-30,2025-05-01,May 2025 – Jun 2025,Not upheld,0,Revolut Ltd,Revolut Ltd,Revolut,Digital bank / e-money,Banking and Payments,Scam / APP fraud,Mrs S complains that Revolut Ltd won’t refund money she lost to a scam.,14,https://www.financial-ombudsman.org.uk/decision/DRN-5133751.pdf
DRN-5191567,2025-08-29,2025-07-01,Jul 2025 – Aug 2025,Not upheld,0,Bank of Scotland Plc,Bank of Scotland Plc,Lloyds Banking Group,High-street bank,Banking and Payments,Scam / APP fraud,Mr M complains Bank of Scotland plc trading as Halifax won’t refund the full amount of money he says he lost to a scam.,24,https://www.financial-ombudsman.org.uk/decision/DRN-5191567.pdf
DRN-5565341,2025-08-29,2025-07-01,Jul 2025 – Aug 2025,Upheld,1,Clydesdale Bank Plc,Clydesdale Bank Plc,Virgin Money,High-street bank,Banking and Payments,Scam / APP fraud,"Mr I complains that Clydesdale Bank Plc, trading as Virgin Money, won’t refund money he’s lost in a scam.",19,https://www.financial-ombudsman.org.uk/decision/DRN-5565341.pdf
DRN-5783065,2025-08-29,2025-07-01,Jul 2025 – Aug 2025,Not upheld,0,Santander UK Plc,Santander UK Plc,Santander UK,High-street bank,Banking and Payments,Scam / APP fraud,Ms W complains that Santander UK Plc ought to have done more to prevent her from being defrauded.,18,https://www.financial-ombudsman.org.uk/decision/DRN-5783065.pdf
DRN-5778290,2025-08-29,2025-07-01,Jul 2025 – Aug 2025,Not upheld,0,MotoNovo Finance Limited,MotoNovo Finance Limited,MotoNovo Finance Limited,Car & consumer finance,Consumer Credit,Service & administration,Mr L complains that MotoNovo Finance Limited (MotoNovo) didn’t provide adequate information about how he should return a bike when his finance agreement ended.,24,https://www.financial-ombudsman.org.uk/decision/DRN-5778290.pdf
DRN-5757067,2025-08-29,2025-07-01,Jul 2025 – Aug 2025,Not upheld,0,Shawbrook Bank Limited,Shawbrook Bank Limited,Shawbrook Bank Limited,Other lender / payment firm,Banking and Payments,Service & administration,Ms L complains that Shawbrook Bank Limited won’t provide her with printed communications about her ISA including sending a paper statement in the post.,24,https://www.financial-ombudsman.org.uk/decision/DRN-5757067.pdf
DRN-5677203,2025-08-29,2025-07-01,Jul 2025 – Aug 2025,Not upheld,0,Monzo Bank Ltd,Monzo Bank Ltd,Monzo,Digital bank / e-money,Banking and Payments,Scam / APP fraud,Mr W complains that Monzo Bank Ltd hasn’t fully refunded the money he lost when he made a payment that turned out to be an APP scam.,27,https://www.financial-ombudsman.org.uk/decision/DRN-5677203.pdf
DRN-5754706,2025-08-29,2025-07-01,Jul 2025 – Aug 2025,Not upheld,0,Barclays Bank UK PLC,Barclays Bank UK PLC,Barclays,High-street bank,Banking and Payments,Refund claim (s75 / chargeback),Mr D is unhappy with the service he received from Barclays Bank UK PLC when he raised a dispute about a deposit about a merchant.,25,https://www.financial-ombudsman.org.uk/decision/DRN-5754706.pdf
DRN-5571519,2025-08-29,2025-07-01,Jul 2025 – Aug 2025,Not upheld,0,Bank of Scotland Plc,Bank of Scotland Plc,Lloyds Banking Group,High-street bank,Banking and Payments,Account closure / fraud marker,Mr M complains Bank of Scotland plc trading as Halifax unfairly closed his account and wrongly loaded a fraud marker against his name.,23,https://www.financial-ombudsman.org.uk/decision/DRN-5571519.pdf
DRN-5030456,2025-08-29,2025-07-01,Jul 2025 – Aug 2025,Not upheld,0,Lloyds Bank PLC,Lloyds Bank PLC,Lloyds Banking Group,High-street bank,Banking and Payments,Scam / APP fraud,Mr O has complained that Lloyds Bank PLC won’t refund the full amount of money he lost to a scam.,20,https://www.financial-ombudsman.org.uk/decision/DRN-5030456.pdf
DRN-5784283,2025-08-29,2025-07-01,Jul 2025 – Aug 2025,Not upheld,0,Nationwide Building Society,Nationwide Building Society,Nationwide,High-street bank,Banking and Payments,Scam / APP fraud,Mr C complains that Nationwide Building Society will not refund money he says he lost to a scam.,18,https://www.financial-ombudsman.org.uk/decision/DRN-5784283.pdf
DRN-5775299,2025-08-29,2025-07-01,Jul 2025 – Aug 2025,Not upheld,0,Topaz Finance Limited,Topaz Finance Limited,Topaz Finance Limited,Other lender / payment firm,Mortgages,Mortgage,Ms B is unhappy with Topaz Finance Limited trading as Hessonite Mortgage’s approach to handling her mortgage account.,18,https://www.financial-ombudsman.org.uk/decision/DRN-5775299.pdf
DRN-5696685,2025-08-29,2025-07-01,Jul 2025 – Aug 2025,Not upheld,0,Bank of Scotland Plc,Bank of Scotland Plc,Lloyds Banking Group,High-street bank,Mortgages,Service & administration,Mrs K complains that Bank of Scotland plc (BoS) unfairly withdrew its acceptance of her negative equity property sale application.,20,https://www.financial-ombudsman.org.uk/decision/DRN-5696685.pdf
DRN-5784441,2025-08-29,2025-07-01,Jul 2025 – Aug 2025,Upheld,1,Lloyds Bank PLC,Lloyds Bank PLC,Lloyds Banking Group,High-street bank,Banking and Payments,Refund claim (s75 / chargeback),Mrs C complains Lloyds Bank Plc acted unfairly by not refunding a payment she made using her debit card.,19,https://www.financial-ombudsman.org.uk/decision/DRN-5784441.pdf
DRN-5330394,2025-08-29,2025-07-01,Jul 2025 – Aug 2025,Not upheld,0,HSBC UK Bank Plc,HSBC UK Bank Plc,HSBC UK,High-street bank,Banking and Payments,Scam / APP fraud,Mr C complains that HSBC UK Bank Plc won’t refund money he said he lost to a scam.,18,https://www.financial-ombudsman.org.uk/decision/DRN-5330394.pdf
DRN-5784446,2025-08-29,2025-07-01,Jul 2025 – Aug 2025,Upheld,1,NATIONAL WESTMINSTER BANK PUBLIC LIMITED COMPANY,National Westminster Bank Plc,NatWest Group,High-street bank,Banking and Payments,"Mis-selling, fees & charges",Miss B has complained that NATIONAL WESTMINSTER BANK PUBLIC LIMITED COMPANY (“NatWest”) started charging her a monthly fee for a Select Platinum packaged account.,24,https://www.financial-ombudsman.org.uk/decision/DRN-5784446.pdf
DRN-5234178,2025-08-29,2025-07-01,Jul 2025 – Aug 2025,Not upheld,0,The Royal Bank of Scotland Plc,The Royal Bank of Scotland Plc,NatWest Group,High-street bank,Banking and Payments,Service & administration,Mr and Miss N complain that Royal Bank of Scotland plc (RBS) didn’t notify them that their platinum account didn’t pay interest.,22,https://www.financial-ombudsman.org.uk/decision/DRN-5234178.pdf
DRN-5623558,2025-08-29,2025-07-01,Jul 2025 – Aug 2025,Not upheld,0,Bank of Scotland Plc,Bank of Scotland Plc,Lloyds Banking Group,High-street bank,Banking and Payments,Scam / APP fraud,Mr S complains that Bank of Scotland plc trading as Halifax (‘Halifax’) won’t refund the money he lost to an investment scam.,22,https://www.financial-ombudsman.org.uk/decision/DRN-5623558.pdf
DRN-5243135,2025-08-29,2025-07-01,Jul 2025 – Aug 2025,Not upheld,0,Revolut Ltd,Revolut Ltd,Revolut,Digital bank / e-money,Banking and Payments,Scam / APP fraud,Mr J complains that Revolut Ltd will not refund money he says was lost to a scam.,17,https://www.financial-ombudsman.org.uk/decision/DRN-5243135.pdf
DRN-5573125,2025-08-29,2025-07-01,Jul 2025 – Aug 2025,Not upheld,0,Black Horse Limited,Black Horse Limited,Lloyds Banking Group,High-street bank,Consumer Credit,Irresponsible lending,"Mr D, through his representative, complains that Black Horse Limited lent to him irresponsibly when it approved two agreements to finance vehicle purchases in 2017 and 2019.",27,https://www.financial-ombudsman.org.uk/decision/DRN-5573125.pdf
DRN-5234358,2025-08-29,2025-07-01,Jul 2025 – Aug 2025,Not upheld,0,Santander UK Plc,Santander UK Plc,Santander UK,High-street bank,Banking and Payments,Scam / APP fraud,Mr R is unhappy that Santander UK Plc didn’t reimburse him after he reported falling victim to a scam.,19,https://www.financial-ombudsman.org.uk/decision/DRN-5234358.pdf
DRN-5447011,2025-08-29,2025-07-01,Jul 2025 – Aug 2025,Upheld,1,Revolut Ltd,Revolut Ltd,Revolut,Digital bank / e-money,Banking and Payments,Scam / APP fraud,Ms B is unhappy that Revolut Ltd (“Revolut”) didn’t reimburse her after she fell victim to a scam.,18,https://www.financial-ombudsman.org.uk/decision/DRN-5447011.pdf
DRN-5663643,2025-08-29,2025-07-01,Jul 2025 – Aug 2025,Not upheld,0,NATIONAL WESTMINSTER BANK PUBLIC LIMITED COMPANY,National Westminster Bank Plc,NatWest Group,High-street bank,Mortgages,Mortgage,Mr I complains that National Westminster Bank Public Limited Company have caused him financial detriment and emotional suffering due to their actions. He says that they allowed a fraudulent mortgage application to go through without his knowledge.,37,https://www.financial-ombudsman.org.uk/decision/DRN-5663643.pdf
DRN-5503495,2025-08-29,2025-07-01,Jul 2025 – Aug 2025,Not upheld,0,Metro Bank PLC,Metro Bank PLC,Metro Bank,High-street bank,Consumer Credit,Service & administration,Mrs S has complained that Metro Bank PLC trading as RateSetter unfairly provided her with a loan.,17,https://www.financial-ombudsman.org.uk/decision/DRN-5503495.pdf
DRN-5294401,2025-08-29,2025-07-01,Jul 2025 – Aug 2025,Upheld,1,Lloyds Bank PLC,Lloyds Bank PLC,Lloyds Banking Group,High-street bank,Banking and Payments,Scam / APP fraud,"Mr U complains Lloyds Bank Plc (“Lloyds”) has declined to reimburse him £10,000 which he says he lost to an investment scam.",22,https://www.financial-ombudsman.org.uk/decision/DRN-5294401.pdf
DRN-5574660,2025-08-29,2025-07-01,Jul 2025 – Aug 2025,Not upheld,0,NewDay Ltd,NewDay Ltd,NewDay Ltd,Other lender / payment firm,Banking and Payments,Irresponsible lending,Mr H complains that NewDay Ltd trading as Aqua lent irresponsibly when it approved his credit card application.,18,https://www.financial-ombudsman.org.uk/decision/DRN-5574660.pdf
DRN-5379552,2025-08-29,2025-07-01,Jul 2025 – Aug 2025,Not upheld,0,Yorkshire Building Society,Yorkshire Building Society,Yorkshire Building Society,Other lender / payment firm,Banking and Payments,Refund claim (s75 / chargeback),Miss A complains that Yorkshire Building Society (YBS) won’t refund the money she lost following a number of payments she made from her account.,24,https://www.financial-ombudsman.org.uk/decision/DRN-5379552.pdf
DRN-5379415,2025-08-29,2025-07-01,Jul 2025 – Aug 2025,Upheld,1,Lloyds Bank PLC,Lloyds Bank PLC,Lloyds Banking Group,High-street bank,Banking and Payments,Scam / APP fraud,Mr J is unhappy Lloyds Bank PLC will not refund the money he lost as the result of a scam.,20,https://www.financial-ombudsman.org.uk/decision/DRN-5379415.pdf
DRN-5520526,2025-08-29,2025-07-01,Jul 2025 – Aug 2025,Not upheld,0,Salary Finance Loans Limited,Salary Finance Loans Limited,Salary Finance Loans Limited,Other lender / payment firm,Consumer Credit,Service & administration,Miss T has complained that Salary Finance Loans Limited (Salary Finance) unfairly provided her with a loan.,17,https://www.financial-ombudsman.org.uk/decision/DRN-5520526.pdf
DRN-5390965,2025-08-29,2025-07-01,Jul 2025 – Aug 2025,Upheld,1,Santander Consumer (UK) Plc,Santander Consumer (UK) Plc,Santander UK,High-street bank,Consumer Credit,Car finance - vehicle quality,Mr C complains about the quality of a car that was supplied through a conditional sale agreement with Santander Consumer (UK) Plc (Santander).,23,https://www.financial-ombudsman.org.uk/decision/DRN-5390965.pdf
DRN-5732469,2025-08-29,2025-07-01,Jul 2025 – Aug 2025,Not upheld,0,MBNA Limited,MBNA Limited,Lloyds Banking Group,High-street bank,Banking and Payments,"Mis-selling, fees & charges",Mr H complains that MBNA Limited didn’t tell him that his promotional interest free rate of interest had ended.,19,https://www.financial-ombudsman.org.uk/decision/DRN-5732469.pdf
DRN-5553994,2025-08-29,2025-07-01,Jul 2025 – Aug 2025,Not upheld,0,Fairscore Ltd,Fairscore Ltd,Fairscore Ltd,Other lender / payment firm,Consumer Credit,Irresponsible lending,Mr P has complained about a personal loan Fairscore Ltd (trading as “Updraft”) which he says was unfairly lent to him. He says he was lent to at a time when he already had significant debts.,36,https://www.financial-ombudsman.org.uk/decision/DRN-5553994.pdf
DRN-5640338,2025-08-29,2025-07-01,Jul 2025 – Aug 2025,Upheld,1,BMW Financial Services(GB) Limited,BMW Financial Services (GB) Limited,BMW Financial Services (GB) Limited,Car & consumer finance,Consumer Credit,Car finance - vehicle quality,Mrs S complains that a car supplied to him under a hire purchase agreement with BMW Financial Services(GB) Limited trading as ALPHERA Financial Services (AFS) is of unsatisfactory quality.,29,https://www.financial-ombudsman.org.uk/decision/DRN-5640338.pdf
DRN-5783477,2025-08-29,2025-07-01,Jul 2025 – Aug 2025,Upheld,1,CA AUTO FINANCE UK LTD,CA AUTO FINANCE UK LTD,CA AUTO FINANCE UK LTD,Car & consumer finance,Consumer Credit,Car finance - vehicle quality,Ms H is unhappy that a car supplied to her under a hire purchase agreement with CA AUTO FINANCE UK LTD (CA) was of unsatisfactory quality.,26,https://www.financial-ombudsman.org.uk/decision/DRN-5783477.pdf
DRN-5783501,2025-08-29,2025-07-01,Jul 2025 – Aug 2025,Not upheld,0,Revolut Ltd,Revolut Ltd,Revolut,Digital bank / e-money,Banking and Payments,Scam / APP fraud,Mrs B complains that Revolut Ltd hasn’t protected her from losing money to a scam.,15,https://www.financial-ombudsman.org.uk/decision/DRN-5783501.pdf
DRN-5601402,2025-08-29,2025-07-01,Jul 2025 – Aug 2025,Not upheld,0,LEASYS UK LTD,LEASYS UK LTD,LEASYS UK LTD,Car & consumer finance,Consumer Credit,Car finance - vehicle quality,Mr H complains that a car supplied to him under a hire agreement with LEASYS UK LTD (LU) of unsatisfactory quality.,21,https://www.financial-ombudsman.org.uk/decision/DRN-5601402.pdf
DRN-5617275,2025-08-29,2025-07-01,Jul 2025 – Aug 2025,Not upheld,0,Creation Consumer Finance Ltd,Creation Consumer Finance Limited,Creation Consumer Finance Limited,Other lender / payment firm,Consumer Credit,Refund claim (s75 / chargeback),Mr E is unhappy with how Creation Consumer Finance Ltd (Creation) handled his Section 75 claim regarding faulty sofas.,19,https://www.financial-ombudsman.org.uk/decision/DRN-5617275.pdf
DRN-5783475,2025-08-29,2025-07-01,Jul 2025 – Aug 2025,Not upheld,0,HSBC UK Bank Plc,HSBC UK Bank Plc,HSBC UK,High-street bank,Banking and Payments,Unauthorised transactions,"Mr B complained because HSBC UK Bank Plc refused to refund him for transactions totalling £9,169.25, which he said he didn’t authorise.",22,https://www.financial-ombudsman.org.uk/decision/DRN-5783475.pdf
DRN-5769662,2025-08-29,2025-07-01,Jul 2025 – Aug 2025,Not upheld,0,Monzo Bank Ltd,Monzo Bank Ltd,Monzo,Digital bank / e-money,Consumer Credit,Irresponsible lending,Mr C complains that Monzo Bank Ltd (Monzo) lent to him irresponsibly and has asked it to write off the loan.,21,https://www.financial-ombudsman.org.uk/decision/DRN-5769662.pdf
DRN-5150594,2025-08-29,2025-07-01,Jul 2025 – Aug 2025,Not upheld,0,HSBC UK Bank Plc,HSBC UK Bank Plc,HSBC UK,High-street bank,Banking and Payments,Scam / APP fraud,Mr L complains HSBC UK Bank Plc trading as first direct (“first direct”) won’t refund the full amount of money he lost to a scam.,25,https://www.financial-ombudsman.org.uk/decision/DRN-5150594.pdf
DRN-5721640,2025-08-29,2025-07-01,Jul 2025 – Aug 2025,Not upheld,0,MBNA Limited,MBNA Limited,Lloyds Banking Group,High-street bank,Banking and Payments,Irresponsible lending,Miss A complains that MBNA Limited trading as MBNA lent irresponsibly when it approved her credit card application.,18,https://www.financial-ombudsman.org.uk/decision/DRN-5721640.pdf
DRN-5634901,2025-08-29,2025-07-01,Jul 2025 – Aug 2025,Upheld,1,Nationwide Building Society,Nationwide Building Society,Nationwide,High-street bank,Banking and Payments,Scam / APP fraud,"Mr and Mrs P complain (‘Nationwide’), haven’t reimbursed them following an Authorised Push Payment (‘APP’) property investment scam they fell victim to.",22,https://www.financial-ombudsman.org.uk/decision/DRN-5634901.pdf
DRN-5785219,2025-08-29,2025-07-01,Jul 2025 – Aug 2025,Upheld,1,Bank of Scotland Plc,Bank of Scotland Plc,Lloyds Banking Group,High-street bank,Banking and Payments,Account closure / fraud marker,"Mr A is unhappy that Bank of Scotland plc, trading as Halifax, blocked a recurring card payment on his account.",20,https://www.financial-ombudsman.org.uk/decision/DRN-5785219.pdf
DRN-5241499,2025-08-29,2025-07-01,Jul 2025 – Aug 2025,Not upheld,0,Monzo Bank Ltd,Monzo Bank Ltd,Monzo,Digital bank / e-money,Banking and Payments,Scam / APP fraud,"Ms M is unhappy that Monzo Bank Ltd will not refund £8,540 she lost after she fell victim to an Authorised Push Payment (APP) scam.",25,https://www.financial-ombudsman.org.uk/decision/DRN-5241499.pdf
DRN-5627712,2025-08-29,2025-07-01,Jul 2025 – Aug 2025,Not upheld,0,NewDay Ltd,NewDay Ltd,NewDay Ltd,Other lender / payment firm,Banking and Payments,Irresponsible lending,Miss H complains that NewDay Ltd trading as Aqua lent irresponsibly when it approved her credit card application and later increased the credit limit.,24,https://www.financial-ombudsman.org.uk/decision/DRN-5627712.pdf
DRN-5785042,2025-08-29,2025-07-01,Jul 2025 – Aug 2025,Not upheld,0,BMW Financial Services(GB) Limited,BMW Financial Services (GB) Limited,BMW Financial Services (GB) Limited,Car & consumer finance,Consumer Credit,Service & administration,Mr M complains about what he was told when he entered into a hire purchase agreement with BMW Financial Services(GB) Limited trading as BMW Financial (‘BMWFS’).,26,https://www.financial-ombudsman.org.uk/decision/DRN-5785042.pdf
DRN-5275616,2025-08-29,2025-07-01,Jul 2025 – Aug 2025,Not upheld,0,Revolut Ltd,Revolut Ltd,Revolut,Digital bank / e-money,Banking and Payments,Scam / APP fraud,"Ms U complains Revolut Ltd (‘Revolut’) won’t reimburse £5,500 that she lost when she fell victim to a cryptocurrency investment scam.",21,https://www.financial-ombudsman.org.uk/decision/DRN-5275616.pdf
DRN-5599405,2025-08-29,2025-07-01,Jul 2025 – Aug 2025,Not upheld,0,Bank of Scotland Plc,Bank of Scotland Plc,Lloyds Banking Group,High-street bank,Banking and Payments,Scam / APP fraud,"Mr G complains about Bank of Scotland plc, trading as Halifax, only giving him a partial refund when he became a victim of an investment scam.",26,https://www.financial-ombudsman.org.uk/decision/DRN-5599405.pdf
DRN-5623561,2025-08-29,2025-07-01,Jul 2025 – Aug 2025,Not upheld,0,Revolut Ltd,Revolut Ltd,Revolut,Digital bank / e-money,Banking and Payments,Scam / APP fraud,Mr S complains that Revolut Ltd (‘Revolut’) won’t refund the money he lost to an investment scam.,17,https://www.financial-ombudsman.org.uk/decision/DRN-5623561.pdf
DRN-5507208,2025-08-29,2025-07-01,Jul 2025 – Aug 2025,Not upheld,0,Wise Payments Limited,Wise Payments Limited,Wise Payments Limited,Other lender / payment firm,Banking and Payments,Scam / APP fraud,"J, a limited company, complains that Wise Payments Limited (“Wise”) hasn’t refunded funds it says it lost as the result of a scam.",23,https://www.financial-ombudsman.org.uk/decision/DRN-5507208.pdf
DRN-5667173,2025-08-29,2025-07-01,Jul 2025 – Aug 2025,Not upheld,0,NewDay Ltd,NewDay Ltd,NewDay Ltd,Other lender / payment firm,Banking and Payments,Irresponsible lending,Mr N complains that NewDay Ltd trading as Aqua lent irresponsibly when it approved his credit card application.,18,https://www.financial-ombudsman.org.uk/decision/DRN-5667173.pdf
DRN-5717637,2025-08-29,2025-07-01,Jul 2025 – Aug 2025,Upheld,1,Capquest Debt Recovery Limited,Capquest Debt Recovery Limited,Capquest Debt Recovery Limited,Other lender / payment firm,Consumer Credit,Credit file / debt / defaults,Mr M complains that Capquest Debt Recovery Limited (Capquest) were pursuing him for a debt they should have know was statute barred.,22,https://www.financial-ombudsman.org.uk/decision/DRN-5717637.pdf
DRN-5457436,2025-08-29,2025-07-01,Jul 2025 – Aug 2025,Not upheld,0,Black Horse Limited,Black Horse Limited,Lloyds Banking Group,High-street bank,Consumer Credit,Credit file / debt / defaults,Ms L complains about a debt owing to Black Horse Limited (“Black Horse”) which has now been sold on to a third party.,23,https://www.financial-ombudsman.org.uk/decision/DRN-5457436.pdf
DRN-5230253,2025-08-29,2025-07-01,Jul 2025 – Aug 2025,Not upheld,0,Bank of Scotland Plc,Bank of Scotland Plc,Lloyds Banking Group,High-street bank,Banking and Payments,Scam / APP fraud,Mrs O complains that Bank of Scotland plc trading as Halifax won’t refund money she lost when she fell victim to an investment scam.,24,https://www.financial-ombudsman.org.uk/decision/DRN-5230253.pdf
DRN-5623647,2025-08-29,2025-07-01,Jul 2025 – Aug 2025,Not upheld,0,Specialist Motor Finance Limited,Specialist Motor Finance Limited,Specialist Motor Finance Limited,Car & consumer finance,Consumer Credit,Irresponsible lending,Mr L complains that Specialist Motor Finance Limited (‘Specialist’) entered into a Hire Purchase agreement with him when it wasn’t affordable.,21,https://www.financial-ombudsman.org.uk/decision/DRN-5623647.pdf
DRN-5657484,2025-08-29,2025-07-01,Jul 2025 – Aug 2025,Not upheld,0,Santander UK Plc,Santander UK Plc,Santander UK,High-street bank,Banking and Payments,Service & administration,Mr H is unhappy with Santander UK Plc. He said that Santander told him it could move his stocks and shares ISA account over from another financial services provider (H).,30,https://www.financial-ombudsman.org.uk/decision/DRN-5657484.pdf
DRN-5493334,2025-08-29,2025-07-01,Jul 2025 – Aug 2025,Upheld,1,BMW Financial Services(GB) Limited,BMW Financial Services (GB) Limited,BMW Financial Services (GB) Limited,Car & consumer finance,Consumer Credit,Service & administration,Miss M complains that she shouldn’t still owe another payment on her previous finance agreement with BMW Financial Services (GB) Limited trading as Alphera Financial Services (“Alphera”).,27,https://www.financial-ombudsman.org.uk/decision/DRN-5493334.pdf
DRN-5319509,2025-08-29,2025-07-01,Jul 2025 – Aug 2025,Not upheld,0,NATIONAL WESTMINSTER BANK PUBLIC LIMITED COMPANY,National Westminster Bank Plc,NatWest Group,High-street bank,Banking and Payments,Scam / APP fraud,Mrs R complains that NATIONAL WESTMINSTER BANK PUBLIC LIMITED COMPANY (“NatWest”) won’t refund payments she made as part of a scam.,21,https://www.financial-ombudsman.org.uk/decision/DRN-5319509.pdf
DRN-5784764,2025-08-29,2025-07-01,Jul 2025 – Aug 2025,Upheld,1,Revolut Ltd,Revolut Ltd,Revolut,Digital bank / e-money,Banking and Payments,Scam / APP fraud,Mr M complains that Revolut Ltd has declined to refund payments made as part of a scam.,17,https://www.financial-ombudsman.org.uk/decision/DRN-5784764.pdf
DRN-5732691,2025-08-29,2025-07-01,Jul 2025 – Aug 2025,Not upheld,0,Barclays Bank UK PLC,Barclays Bank UK PLC,Barclays,High-street bank,Banking and Payments,Service & administration,Ms F complains that Barclays Bank UK PLC declined her application for a credit card.,15,https://www.financial-ombudsman.org.uk/decision/DRN-5732691.pdf
DRN-5141063,2025-08-29,2025-07-01,Jul 2025 – Aug 2025,Upheld,1,Monzo Bank Ltd,Monzo Bank Ltd,Monzo,Digital bank / e-money,Banking and Payments,Scam / APP fraud,Mr L complains that Monzo Bank Ltd hasn’t refunded him after he fell victim to a scam.,17,https://www.financial-ombudsman.org.uk/decision/DRN-5141063.pdf
DRN-5544736,2025-08-29,2025-07-01,Jul 2025 – Aug 2025,Not upheld,0,Revolut Ltd,Revolut Ltd,Revolut,Digital bank / e-money,Banking and Payments,Scam / APP fraud,Mr H complains Revolut Ltd won’t reimburse money he lost when he fell victim to a scam.,17,https://www.financial-ombudsman.org.uk/decision/DRN-5544736.pdf
DRN-5784706,2025-08-29,2025-07-01,Jul 2025 – Aug 2025,Upheld,1,CA AUTO FINANCE UK LTD,CA AUTO FINANCE UK LTD,CA AUTO FINANCE UK LTD,Car & consumer finance,Consumer Credit,Car finance - vehicle quality,"Miss E complains about a car supplied under a personal contract purchase (‘PCP’) agreement, provided by CA AUTO FINANCE UK LTD (‘CA’).",22,https://www.financial-ombudsman.org.uk/decision/DRN-5784706.pdf
DRN-5659085,2025-08-29,2025-07-01,Jul 2025 – Aug 2025,Not upheld,0,Barclays Bank UK PLC,Barclays Bank UK PLC,Barclays,High-street bank,Banking and Payments,Scam / APP fraud,Mr I complains Barclays Bank UK PLC won’t reimburse money he lost when he fell victim to a scam.,19,https://www.financial-ombudsman.org.uk/decision/DRN-5659085.pdf
DRN-5586312,2025-08-29,2025-07-01,Jul 2025 – Aug 2025,Not upheld,0,BMW Financial Services(GB) Limited,BMW Financial Services (GB) Limited,BMW Financial Services (GB) Limited,Car & consumer finance,Consumer Credit,Car finance - vehicle quality,Mr T complains that a car acquired under a hire purchase agreement with BMW Financial Services (GB) Limited trading as ALPHERA Financial Services (Alphera) wasn’t of satisfactory quality.,28,https://www.financial-ombudsman.org.uk/decision/DRN-5586312.pdf
DRN-5243408,2025-08-29,2025-07-01,Jul 2025 – Aug 2025,Not upheld,0,The Royal Bank of Scotland Plc,The Royal Bank of Scotland Plc,NatWest Group,High-street bank,Banking and Payments,Scam / APP fraud,Mrs K complains that The Royal Bank of Scotland Plc (‘RBS’) hasn’t refunded money she lost when she was the victim of a scam.,24,https://www.financial-ombudsman.org.uk/decision/DRN-5243408.pdf
DRN-5459577,2025-08-29,2025-07-01,Jul 2025 – Aug 2025,Not upheld,0,Moneybarn No. 1 Limited,Moneybarn No. 1 Limited,Moneybarn No. 1 Limited,Car & consumer finance,Consumer Credit,Car finance - vehicle quality,Mr T complains that a used vehicle he purchased via a conditional sale agreement with Moneybarn No.1 Limited had been misrepresented to him.,23,https://www.financial-ombudsman.org.uk/decision/DRN-5459577.pdf
DRN-5592149,2025-08-29,2025-07-01,Jul 2025 – Aug 2025,Not upheld,0,OPOS Limited,OPOS Limited,OPOS Limited,Other lender / payment firm,Consumer Credit,Credit file / debt / defaults,Mr M complains that Opos Limited contacted him about a debt they should have reasonably known was statute barred.,19,https://www.financial-ombudsman.org.uk/decision/DRN-5592149.pdf
DRN-5782461,2025-08-29,2025-07-01,Jul 2025 – Aug 2025,Upheld,1,Vodafone Limited,Vodafone Limited,Vodafone Limited,Other lender / payment firm,Consumer Credit,Service & administration,Mr F complains about the sale of a fixed sum loan agreement taken out with Vodafone Limited.,17,https://www.financial-ombudsman.org.uk/decision/DRN-5782461.pdf
DRN-5657103,2025-08-29,2025-07-01,Jul 2025 – Aug 2025,Not upheld,0,Santander UK Plc,Santander UK Plc,Santander UK,High-street bank,Banking and Payments,Service & administration,Ms L is unhappy with Santander UK Plc. Ms L thinks Santander’s transfer system is unsafe.,16,https://www.financial-ombudsman.org.uk/decision/DRN-5657103.pdf
DRN-5670846,2025-08-29,2025-07-01,Jul 2025 – Aug 2025,Not upheld,0,Trading 212 UK Limited,Trading 212 UK Limited,Trading 212 UK Limited,Other lender / payment firm,Banking and Payments,Service & administration,Mr S has complained that Trading 212 UK Limited (“Trading 212”) prevented him from transferring an ISA from another provider to it.,22,https://www.financial-ombudsman.org.uk/decision/DRN-5670846.pdf
DRN-5785014,2025-08-29,2025-07-01,Jul 2025 – Aug 2025,Not upheld,0,Barclays Bank UK PLC,Barclays Bank UK PLC,Barclays,High-street bank,Banking and Payments,Scam / APP fraud,Ms T has complained that Barclays Bank UK PLC won’t refund the money she lost after falling victim to a scam.,21,https://www.financial-ombudsman.org.uk/decision/DRN-5785014.pdf
DRN-5462831,2025-08-29,2025-07-01,Jul 2025 – Aug 2025,Upheld,1,Zopa Bank Limited,Zopa Bank Limited,Zopa Bank Limited,Other lender / payment firm,Consumer Credit,Car finance - vehicle quality,Mr B complains that Zopa Bank Limited (Zopa) didn’t follow the correct process when his vehicle was subject to a rejection.,21,https://www.financial-ombudsman.org.uk/decision/DRN-5462831.pdf
DRN-5724164,2025-08-29,2025-07-01,Jul 2025 – Aug 2025,Upheld,1,Mercedes-Benz Financial Services UK Limited,Mercedes-Benz Financial Services UK Limited,Mercedes-Benz Financial Services UK Limited,Car & consumer finance,Consumer Credit,"Mis-selling, fees & charges",Mrs H complains that the end of contract charges invoiced by Mercedes-Benz Financial Services UK Limited “(MBFS”) when she returned a car were unfair.,24,https://www.financial-ombudsman.org.uk/decision/DRN-5724164.pdf
DRN-5785053,2025-08-29,2025-07-01,Jul 2025 – Aug 2025,Not upheld,0,Lloyds Bank PLC,Lloyds Bank PLC,Lloyds Banking Group,High-street bank,Banking and Payments,Scam / APP fraud,Ms T has complained that Lloyds Bank PLC won’t refund the money she lost after falling victim to a scam.,20,https://www.financial-ombudsman.org.uk/decision/DRN-5785053.pdf
DRN-5737853,2025-08-29,2025-07-01,Jul 2025 – Aug 2025,Not upheld,0,NewDay Ltd,NewDay Ltd,NewDay Ltd,Other lender / payment firm,Banking and Payments,Service & administration,"Mrs D is unhappy that NewDay Ltd, trading as Aqua, didn’t inform her of changes they made to how they processed received payments.",23,https://www.financial-ombudsman.org.uk/decision/DRN-5737853.pdf
DRN-5754231,2025-08-29,2025-07-01,Jul 2025 – Aug 2025,Not upheld,0,Barclays Bank UK PLC,Barclays Bank UK PLC,Barclays,High-street bank,Banking and Payments,Service & administration,Mr P complains about how Barclays Bank UK PLC dealt with a US Dollar Currency Deposit Account.,17,https://www.financial-ombudsman.org.uk/decision/DRN-5754231.pdf
DRN-5748693,2025-08-29,2025-07-01,Jul 2025 – Aug 2025,Upheld,1,Go Car Credit Limited,Go Car Credit Limited,Go Car Credit Limited,Car & consumer finance,Consumer Credit,Car finance - vehicle quality,Miss E complains about problems she has had with a car Go Car Credit Limited supplied to her under a hire purchase agreement.,23,https://www.financial-ombudsman.org.uk/decision/DRN-5748693.pdf
DRN-5762470,2025-08-30,2025-07-01,Jul 2025 – Aug 2025,Upheld,1,Clydesdale Bank Plc,Clydesdale Bank Plc,Virgin Money,High-street bank,Banking and Payments,Account closure / fraud marker,"Mr K, on behalf of G, complains that Clydesdale Bank Plc trading as Virgin Money restricted G’s account access which meant money couldn’t be moved to a different account.",29,https://www.financial-ombudsman.org.uk/decision/DRN-5762470.pdf
DRN-5749799,2025-08-30,2025-07-01,Jul 2025 – Aug 2025,Not upheld,0,Santander UK Plc,Santander UK Plc,Santander UK,High-street bank,Banking and Payments,Service & administration,Mr N complains that Santander UK Plc has been unable to locate his account.,14,https://www.financial-ombudsman.org.uk/decision/DRN-5749799.pdf
DRN-5785682,2025-08-31,2025-07-01,Jul 2025 – Aug 2025,Not upheld,0,Monzo Bank Ltd,Monzo Bank Ltd,Monzo,Digital bank / e-money,Banking and Payments,Scam / APP fraud,"A company, which I’ll refer to as “H”, complain that Monzo Bank Ltd (“Monzo”) won’t refund it for the money lost when one of its directors fell victim to a scam.",31,https://www.financial-ombudsman.org.uk/decision/DRN-5785682.pdf
DRN-5801691,2025-10-30,2025-09-01,Sep 2025 – Oct 2025,Not upheld,0,Santander UK Plc,Santander UK Plc,Santander UK,High-street bank,Banking and Payments,Scam / APP fraud,Mrs E complains that Santander UK Plc (“Santander”) will not reimburse her money she says she lost when she fell victim to a scam.,24,https://www.financial-ombudsman.org.uk/decision/DRN-5801691.pdf
DRN-5629077,2025-10-30,2025-09-01,Sep 2025 – Oct 2025,Not upheld,0,Lloyds Bank PLC,Lloyds Bank PLC,Lloyds Banking Group,High-street bank,Banking and Payments,Account closure / fraud marker,Mr I complains Lloyds Bank PLC unfairly closed his accounts and wrongly loaded a Credit Industry Fraud Avoidance System (‘CIFAS’- the UK’s fraud alert service) marker against his name.,29,https://www.financial-ombudsman.org.uk/decision/DRN-5629077.pdf
DRN-5634856,2025-10-30,2025-09-01,Sep 2025 – Oct 2025,Not upheld,0,Federal Capital Limited,Federal Capital Limited,Federal Capital Limited,Other lender / payment firm,Banking and Payments,Credit file / debt / defaults,Miss W complains that Federal Capital Limited behaved unreasonably in pursuing her for debts of a company she was director of under a personal guarantee.,25,https://www.financial-ombudsman.org.uk/decision/DRN-5634856.pdf
DRN-5650522,2025-10-30,2025-09-01,Sep 2025 – Oct 2025,Not upheld,0,Revolut Ltd,Revolut Ltd,Revolut,Digital bank / e-money,Banking and Payments,Scam / APP fraud,Miss K is complaining that Revolut Ltd won’t refund a payment she made as part of a scam.,18,https://www.financial-ombudsman.org.uk/decision/DRN-5650522.pdf
DRN-5682081,2025-10-30,2025-09-01,Sep 2025 – Oct 2025,Upheld,1,Halfords Limited,Halfords Limited,Halfords Limited,Other lender / payment firm,Consumer Credit,Service & administration,Mr F has complained about the way Halfords Limited brokered a fixed sum loan agreement.,15,https://www.financial-ombudsman.org.uk/decision/DRN-5682081.pdf
DRN-5867826,2025-10-30,2025-09-01,Sep 2025 – Oct 2025,Not upheld,0,Monzo Bank Ltd,Monzo Bank Ltd,Monzo,Digital bank / e-money,Banking and Payments,Account closure / fraud marker,Miss G complains Monzo Bank Ltd unfairly loaded a Credit Industry Fraud Avoidance System (‘CIFAS’- the UK’s fraud alert service) marker against her name.,24,https://www.financial-ombudsman.org.uk/decision/DRN-5867826.pdf
DRN-5698135,2025-10-30,2025-09-01,Sep 2025 – Oct 2025,Not upheld,0,Social Money Limited,Social Money Limited,Social Money Limited,Other lender / payment firm,Consumer Credit,Refund claim (s75 / chargeback),Mr T complains about a claim he made to Social Money Limited trading as Payl8r (‘SM’).,16,https://www.financial-ombudsman.org.uk/decision/DRN-5698135.pdf
DRN-5539629,2025-10-30,2025-09-01,Sep 2025 – Oct 2025,Upheld,1,Barclays Bank UK PLC,Barclays Bank UK PLC,Barclays,High-street bank,Banking and Payments,Scam / APP fraud,Mr and Mrs K complain that Barclays Bank UK PLC did not reimburse the funds they lost to a scam.,20,https://www.financial-ombudsman.org.uk/decision/DRN-5539629.pdf
DRN-5896204,2025-10-30,2025-09-01,Sep 2025 – Oct 2025,Upheld,1,NATIONAL WESTMINSTER BANK PUBLIC LIMITED COMPANY,National Westminster Bank Plc,NatWest Group,High-street bank,Banking and Payments,Service & administration,"Ms J complains that NATIONAL WESTMINSTER BANK PUBLIC LIMITED COMPANY (NatWest’) should pay her more compensation than it has so far offered, after admitting it provided poor service when it didn’t respond to her complaint about a payment error.",39,https://www.financial-ombudsman.org.uk/decision/DRN-5896204.pdf
DRN-5869164,2025-10-30,2025-09-01,Sep 2025 – Oct 2025,Upheld,1,HSBC UK Bank Plc,HSBC UK Bank Plc,HSBC UK,High-street bank,Banking and Payments,Scam / APP fraud,Mr K complains HSBC UK Bank Plc trading as first direct won’t refund the money he says he lost to a scam.,22,https://www.financial-ombudsman.org.uk/decision/DRN-5869164.pdf
DRN-5914704,2025-10-30,2025-09-01,Sep 2025 – Oct 2025,Not upheld,0,Mitsubishi HC Capital UK Plc,Mitsubishi HC Capital UK Plc,Mitsubishi HC Capital UK Plc,Car & consumer finance,Consumer Credit,Timeshare / unfair credit (s140A),"Mrs W’s complaint is, in essence, that Mitsubishi HC Capital UK PLC trading as Novuna Personal Finance (the ‘Lender’) acted unfairly and unreasonably by being party to an unfair credit relationship with her under Section 140A of the Consumer Credit Act 1974",42,https://www.financial-ombudsman.org.uk/decision/DRN-5914704.pdf
DRN-5826244,2025-10-30,2025-09-01,Sep 2025 – Oct 2025,Not upheld,0,CA AUTO FINANCE UK LTD,CA AUTO FINANCE UK LTD,CA AUTO FINANCE UK LTD,Car & consumer finance,Consumer Credit,Car finance - vehicle quality,"Mr F complains about a van supplied under a hire purchase agreement, provided by CA AUTO FINANCE UK LTD (‘CA’).",20,https://www.financial-ombudsman.org.uk/decision/DRN-5826244.pdf
DRN-5801698,2025-10-30,2025-09-01,Sep 2025 – Oct 2025,Not upheld,0,HSBC UK Bank Plc,HSBC UK Bank Plc,HSBC UK,High-street bank,Banking and Payments,Scam / APP fraud,Mrs E complains that HSBC UK Bank Plc (“HSBC”) will not reimburse her money she says she lost when she fell victim to a scam.,25,https://www.financial-ombudsman.org.uk/decision/DRN-5801698.pdf
DRN-5918551,2025-10-30,2025-09-01,Sep 2025 – Oct 2025,Upheld,1,ClearBank Limited,ClearBank Limited,ClearBank Limited,Other lender / payment firm,Banking and Payments,Scam / APP fraud,"Mr H, director of a limited company I will refer to as A, complains that ClearBank Limited trading as Tide Platform Ltd (“Tide”) will not reimburse him money he says he lost when he fell victim to a theft which resulted in fraud.",43,https://www.financial-ombudsman.org.uk/decision/DRN-5918551.pdf
DRN-5726827,2025-10-30,2025-09-01,Sep 2025 – Oct 2025,Not upheld,0,Barclays Bank UK PLC,Barclays Bank UK PLC,Barclays,High-street bank,Banking and Payments,Scam / APP fraud,Mr A complains Barclays Bank UK PLC (“Barclays”) hasn’t refunded money he said he lost as the result of a scam.,21,https://www.financial-ombudsman.org.uk/decision/DRN-5726827.pdf
DRN-5651279,2025-10-31,2025-09-01,Sep 2025 – Oct 2025,Not upheld,0,HSBC UK Bank Plc,HSBC UK Bank Plc,HSBC UK,High-street bank,Banking and Payments,Scam / APP fraud,Mr and Mrs C complain about HSBC UK Bank Plc. They say that HSBC didn’t do enough to protect them when they fell victim to a scam.,27,https://www.financial-ombudsman.org.uk/decision/DRN-5651279.pdf
DRN-5918737,2025-10-31,2025-09-01,Sep 2025 – Oct 2025,Upheld,1,Santander UK Plc,Santander UK Plc,Santander UK,High-street bank,Banking and Payments,Service & administration,"Mrs B, who is represented, complains that Santander UK Plc won’t reimburse a loss she suffered from fraud.",18,https://www.financial-ombudsman.org.uk/decision/DRN-5918737.pdf
DRN-5908185,2025-10-31,2025-09-01,Sep 2025 – Oct 2025,Not upheld,0,Tesla Financial Services Limited,Tesla Financial Services Limited,Tesla Financial Services Limited,Car & consumer finance,Consumer Credit,Car finance - vehicle quality,"Mr S complains that features he paid for on a car he has financed through an agreement with Tesla Financial Services Limited (“TFSL”), are not available. He says that the agreement was therefore misrepresented to him.",36,https://www.financial-ombudsman.org.uk/decision/DRN-5908185.pdf
DRN-5909884,2025-10-31,2025-09-01,Sep 2025 – Oct 2025,Not upheld,0,Santander UK Plc,Santander UK Plc,Santander UK,High-street bank,Banking and Payments,Scam / APP fraud,Mr B complains that Santander UK Plc didn’t handle his request properly to recover money paid to a scammer.,19,https://www.financial-ombudsman.org.uk/decision/DRN-5909884.pdf
DRN-5755443,2025-10-31,2025-09-01,Sep 2025 – Oct 2025,Not upheld,0,NATIONAL WESTMINSTER BANK PUBLIC LIMITED COMPANY,National Westminster Bank Plc,NatWest Group,High-street bank,Banking and Payments,Service & administration,Miss J complains that National Westminster Bank Public Limited Company trading as Ulster Bank has decreased her overdraft limit.,19,https://www.financial-ombudsman.org.uk/decision/DRN-5755443.pdf
DRN-5685164,2025-10-31,2025-09-01,Sep 2025 – Oct 2025,Upheld,1,HSBC UK Bank Plc,HSBC UK Bank Plc,HSBC UK,High-street bank,Banking and Payments,Scam / APP fraud,Mr S complains HSBC UK Bank Plc won’t refund the money he says he lost to a scam.,18,https://www.financial-ombudsman.org.uk/decision/DRN-5685164.pdf
DRN-5832739,2025-10-31,2025-09-01,Sep 2025 – Oct 2025,Not upheld,0,Flex Mortgages Limited,Flex Mortgages Limited,Flex Mortgages Limited,Other lender / payment firm,Mortgages,Mortgage,"Mr A and Ms O complain that Flex Mortgages Limited did not administer the agreement correctly, unfairly applied interest, fees and charges, and took legal action unfairly and unnecessarily.",29,https://www.financial-ombudsman.org.uk/decision/DRN-5832739.pdf
DRN-5910188,2025-10-31,2025-09-01,Sep 2025 – Oct 2025,Upheld,1,RCI Financial Services Limited,RCI Financial Services Limited,RCI Financial Services Limited,Car & consumer finance,Consumer Credit,Service & administration,Mr G complains that RCI Financial Services Limited trading as Mobilize Financial Services (“RCI”) refused to let him reject a faulty car.,22,https://www.financial-ombudsman.org.uk/decision/DRN-5910188.pdf
DRN-5886065,2025-10-31,2025-09-01,Sep 2025 – Oct 2025,Not upheld,0,Barclays Bank UK PLC,Barclays Bank UK PLC,Barclays,High-street bank,Banking and Payments,Scam / APP fraud,Mrs J has complained that Barclays Bank UK PLC won’t refund several payments she says she made and lost to a scam.,22,https://www.financial-ombudsman.org.uk/decision/DRN-5886065.pdf
DRN-5807961,2025-10-31,2025-09-01,Sep 2025 – Oct 2025,Not upheld,0,PayPal UK Ltd,PayPal UK Ltd,PayPal UK Ltd,Other lender / payment firm,Banking and Payments,Service & administration,"Mr C complains PayPal UK Ltd allowed him to open multiple accounts and gamble, which led to significant losses and harm to Mr C.",24,https://www.financial-ombudsman.org.uk/decision/DRN-5807961.pdf
DRN-5866622,2025-10-31,2025-09-01,Sep 2025 – Oct 2025,Not upheld,0,HSBC UK Bank Plc,HSBC UK Bank Plc,HSBC UK,High-street bank,Banking and Payments,Refund claim (s75 / chargeback),Mrs C complains that HSBC UK Bank Plc rejected her disputed transaction claim.,13,https://www.financial-ombudsman.org.uk/decision/DRN-5866622.pdf
DRN-5486298,2025-10-31,2025-09-01,Sep 2025 – Oct 2025,Not upheld,0,HSBC UK Bank Plc,HSBC UK Bank Plc,HSBC UK,High-street bank,Banking and Payments,Scam / APP fraud,Mr N and Mrs S complain that HSBC UK Bank Plc (HSBC) is refusing to refund them the amount they lost as the result of a scam.,27,https://www.financial-ombudsman.org.uk/decision/DRN-5486298.pdf
DRN-5469894,2025-10-31,2025-09-01,Sep 2025 – Oct 2025,Not upheld,0,Santander UK Plc,Santander UK Plc,Santander UK,High-street bank,Banking and Payments,Scam / APP fraud,Mr B and Ms Z complain that Santander UK Plc won’t refund the money they lost when they were the victims of what they feel was a scam.,28,https://www.financial-ombudsman.org.uk/decision/DRN-5469894.pdf
DRN-5482577,2025-10-31,2025-09-01,Sep 2025 – Oct 2025,Upheld,1,NATIONAL WESTMINSTER BANK PUBLIC LIMITED COMPANY,National Westminster Bank Plc,NatWest Group,High-street bank,Banking and Payments,Scam / APP fraud,Mr B complains that NATIONAL WESTMINSTER BANK PUBLIC LIMITED COMPANY won’t refund the money he lost when he was the victim of what he feels was a scam.,28,https://www.financial-ombudsman.org.uk/decision/DRN-5482577.pdf
DRN-5840521,2025-10-31,2025-09-01,Sep 2025 – Oct 2025,Not upheld,0,HSBC UK Bank Plc,HSBC UK Bank Plc,HSBC UK,High-street bank,Banking and Payments,Scam / APP fraud,"Mr B complains that HSBC UK Bank Plc, trading as first direct, won’t refund the money he lost when he was the victim of a scam.",26,https://www.financial-ombudsman.org.uk/decision/DRN-5840521.pdf
DRN-5763847,2025-10-31,2025-09-01,Sep 2025 – Oct 2025,Not upheld,0,HSBC UK Bank Plc,HSBC UK Bank Plc,HSBC UK,High-street bank,Banking and Payments,Scam / APP fraud,"Mr and Mrs B complain that HSBC UK Bank Plc, trading as first direct, won’t refund the money they lost when they were the victims of a scam.",28,https://www.financial-ombudsman.org.uk/decision/DRN-5763847.pdf
DRN-5806635,2025-10-31,2025-09-01,Sep 2025 – Oct 2025,Not upheld,0,NewDay Ltd,NewDay Ltd,NewDay Ltd,Other lender / payment firm,Banking and Payments,Refund claim (s75 / chargeback),"Mr W complains that NewDay Ltd, trading as Aqua, didn’t refund a payment he made using his credit card.",19,https://www.financial-ombudsman.org.uk/decision/DRN-5806635.pdf
DRN-5907985,2025-10-31,2025-09-01,Sep 2025 – Oct 2025,Not upheld,0,Lendable Ltd,Lendable Ltd,Lendable Ltd,Other lender / payment firm,Consumer Credit,Irresponsible lending,Mr M complains that Lendable Ltd irresponsibly provided him a loan.,11,https://www.financial-ombudsman.org.uk/decision/DRN-5907985.pdf
DRN-5684081,2025-10-31,2025-09-01,Sep 2025 – Oct 2025,Not upheld,0,Bank of Scotland Plc,Bank of Scotland Plc,Lloyds Banking Group,High-street bank,Banking and Payments,Scam / APP fraud,Mrs K has complained that Bank of Scotland plc (trading as Halifax) won’t refund the money she lost after falling victim to a scam.,24,https://www.financial-ombudsman.org.uk/decision/DRN-5684081.pdf
DRN-5684099,2025-10-31,2025-09-01,Sep 2025 – Oct 2025,Not upheld,0,Lloyds Bank PLC,Lloyds Bank PLC,Lloyds Banking Group,High-street bank,Banking and Payments,Scam / APP fraud,Mrs K has complained that Lloyds Bank PLC won’t refund the money she lost after falling victim to a scam.,20,https://www.financial-ombudsman.org.uk/decision/DRN-5684099.pdf
DRN-5921118,2025-10-31,2025-09-01,Sep 2025 – Oct 2025,Not upheld,0,Shawbrook Bank Limited,Shawbrook Bank Limited,Shawbrook Bank Limited,Other lender / payment firm,Consumer Credit,Timeshare / unfair credit (s140A),"Mr and Mrs D say that Shawbrook Bank Limited, have unfairly declined a claim they made under section 75 of the Consumer Credit Act 1974 (‘CCA’). In August 2015, Mr and Mrs D purchased a timeshare membership.",37,https://www.financial-ombudsman.org.uk/decision/DRN-5921118.pdf
DRN-5912117,2025-10-31,2025-09-01,Sep 2025 – Oct 2025,Not upheld,0,Loans 2 Go Limited,Loans 2 Go Limited,Loans 2 Go Limited,Other lender / payment firm,Consumer Credit,Irresponsible lending,Mr W complains that Loans 2 Go Limited trading as Loans 2 Go was irresponsible in its lending to him.,20,https://www.financial-ombudsman.org.uk/decision/DRN-5912117.pdf
DRN-5921245,2025-10-31,2025-09-01,Sep 2025 – Oct 2025,Not upheld,0,Metro Bank PLC,Metro Bank PLC,Metro Bank,High-street bank,Banking and Payments,Service & administration,"Mr Z, who is represented by his uncle, complains that Metro Bank PLC refused to give him access to his account.",21,https://www.financial-ombudsman.org.uk/decision/DRN-5921245.pdf
DRN-5918275,2025-10-31,2025-09-01,Sep 2025 – Oct 2025,Not upheld,0,Clydesdale Financial Services Limited,Clydesdale Financial Services Limited,Barclays,High-street bank,Consumer Credit,Timeshare / unfair credit (s140A),"Mr M says Clydesdale Financial Services Limited trading as Barclays Partner Finance (‘BPF’) has unfairly declined a claim he made under section 75 of the Consumer Credit Act 1974 (‘CCA’). In July 2013, Mr M purchased a timeshare membership.",39,https://www.financial-ombudsman.org.uk/decision/DRN-5918275.pdf
DRN-5921243,2025-10-31,2025-09-01,Sep 2025 – Oct 2025,Upheld,1,J.P. Morgan Europe Limited,J.P. Morgan Europe Limited,Chase UK,Digital bank / e-money,Banking and Payments,Scam / APP fraud,"Mr A complains that J.P. Morgan Europe Limited, trading as Chase, won’t refund the money he lost to an investment scam.",21,https://www.financial-ombudsman.org.uk/decision/DRN-5921243.pdf
DRN-5542720,2025-10-31,2025-09-01,Sep 2025 – Oct 2025,Not upheld,0,Revolut Ltd,Revolut Ltd,Revolut,Digital bank / e-money,Banking and Payments,Scam / APP fraud,Mr A complains that Revolut Ltd won’t refund the money he lost to an investment scam.,16,https://www.financial-ombudsman.org.uk/decision/DRN-5542720.pdf
DRN-5918254,2025-10-31,2025-09-01,Sep 2025 – Oct 2025,Not upheld,0,Shawbrook Bank Limited,Shawbrook Bank Limited,Shawbrook Bank Limited,Other lender / payment firm,Consumer Credit,Timeshare / unfair credit (s140A),"Mr and Mrs D say Shawbrook Bank Limited (‘Shawbrook’) has unfairly declined a claim they made under section 75 of the Consumer Credit Act 1974 (‘CCA’). In October 2015, Mr and Mrs D purchased a timeshare membership.",37,https://www.financial-ombudsman.org.uk/decision/DRN-5918254.pdf
DRN-5899182,2025-10-31,2025-09-01,Sep 2025 – Oct 2025,Not upheld,0,Lloyds Bank PLC,Lloyds Bank PLC,Lloyds Banking Group,High-street bank,Banking and Payments,Scam / APP fraud,Ms M complains about Lloyds Bank PLC. She says that Lloyds didn’t do enough to protect her when she fell victim to a scam and would like it to refund her in full for the money she has lost.,39,https://www.financial-ombudsman.org.uk/decision/DRN-5899182.pdf
DRN-4815815,2025-10-31,2025-09-01,Sep 2025 – Oct 2025,Not upheld,0,Mitsubishi HC Capital UK Plc,Mitsubishi HC Capital UK Plc,Mitsubishi HC Capital UK Plc,Car & consumer finance,Consumer Credit,Timeshare / unfair credit (s140A),"Mr F’s complaint is, in essence, that Mitsubishi HC Capital UK PLC trading as Novuna Personal Finance (the ‘Lender’) acted unfairly and unreasonably by (1) being party to an unfair credit relationship with him under section 140A of the Consumer Credit Act 1974",43,https://www.financial-ombudsman.org.uk/decision/DRN-4815815.pdf
DRN-5778092,2025-10-31,2025-09-01,Sep 2025 – Oct 2025,Upheld,1,Frasers Group Financial Services Limited,Frasers Group Financial Services Limited,Frasers Group Financial Services Limited,Other lender / payment firm,Consumer Credit,Service & administration,Mrs J complains about an order she made through a catalogue shopping account she held with Frasers Group Financial Services Limited trading as Studio (“FGFS”). She says she was held liable for the cost of the item despite it not being delivered to her.,44,https://www.financial-ombudsman.org.uk/decision/DRN-5778092.pdf
DRN-5911844,2025-10-31,2025-09-01,Sep 2025 – Oct 2025,Upheld,1,Carmoola Limited,Carmoola Limited,Carmoola Limited,Car & consumer finance,Consumer Credit,Car finance - vehicle quality,Mrs G is unhappy that a car supplied to her under a hire purchase agreement with Carmoola Limited (Carmoola) was of an unsatisfactory quality.,24,https://www.financial-ombudsman.org.uk/decision/DRN-5911844.pdf
DRN-5916820,2025-10-31,2025-09-01,Sep 2025 – Oct 2025,Upheld,1,National Savings and Investments,National Savings and Investments,National Savings and Investments,Other lender / payment firm,Banking and Payments,Service & administration,Mrs M complains that National Savings and Investments (NS and I) won’t supply her with a copy of the withdrawal authorisation form relating to a premium savings bond.,28,https://www.financial-ombudsman.org.uk/decision/DRN-5916820.pdf
DRN-5297587,2025-10-31,2025-09-01,Sep 2025 – Oct 2025,Not upheld,0,NATIONAL WESTMINSTER BANK PUBLIC LIMITED COMPANY,National Westminster Bank Plc,NatWest Group,High-street bank,Banking and Payments,Scam / APP fraud,Mrs C complains about National Westminster Bank Public Limited Company (NatWest). She says that a roofer has scammed her out of money and asks that NatWest refund her under the CRM code.,32,https://www.financial-ombudsman.org.uk/decision/DRN-5297587.pdf
DRN-5875953,2025-10-31,2025-09-01,Sep 2025 – Oct 2025,Not upheld,0,Home Retail Group Card Services Limited,Home Retail Group Card Services Limited,Home Retail Group Card Services Limited,Other lender / payment firm,Consumer Credit,Irresponsible lending,Mr A complains that Home Retail Group Card Services Limited trading as Argos Card (Argos) lent irresponsibly when it approved his store card application and later increased the credit limit.,30,https://www.financial-ombudsman.org.uk/decision/DRN-5875953.pdf
DRN-5919076,2025-10-31,2025-09-01,Sep 2025 – Oct 2025,Upheld,1,Marks & Spencer Financial Services plc,Marks & Spencer Financial Services plc,Marks & Spencer Financial Services plc,Other lender / payment firm,Banking and Payments,Refund claim (s75 / chargeback),"Mr S complains that Marks & Spencer Financial Services Plc, trading as M&S Bank, won’t refund a purchase he made using his credit card.",24,https://www.financial-ombudsman.org.uk/decision/DRN-5919076.pdf
DRN-5757272,2025-10-31,2025-09-01,Sep 2025 – Oct 2025,Not upheld,0,Marks & Spencer Financial Services plc,Marks & Spencer Financial Services plc,Marks & Spencer Financial Services plc,Other lender / payment firm,Banking and Payments,Service & administration,Mrs C complains that Marks & Spencer Financial Services Plc (“M&SFS”) have unfairly reversed a credit they had provided her after a previous complaint with our service.,27,https://www.financial-ombudsman.org.uk/decision/DRN-5757272.pdf
DRN-5919110,2025-10-31,2025-09-01,Sep 2025 – Oct 2025,Upheld,1,American Express Services Europe Limited,American Express Services Europe Limited,American Express Services Europe Limited,Other lender / payment firm,Banking and Payments,Refund claim (s75 / chargeback),Mr K complains that AMERICAN EXPRESS SERVICES EUROPE LIMITED (“AESEL”) delayed sending him a credit balance refund (CBR) due on his credit card.,23,https://www.financial-ombudsman.org.uk/decision/DRN-5919110.pdf
DRN-5915628,2025-10-31,2025-09-01,Sep 2025 – Oct 2025,Upheld,1,Nationwide Building Society,Nationwide Building Society,Nationwide,High-street bank,Banking and Payments,Refund claim (s75 / chargeback),Mr N complains about how Nationwide Building Society handled a claim he made to it.,15,https://www.financial-ombudsman.org.uk/decision/DRN-5915628.pdf
DRN-5862595,2025-10-31,2025-09-01,Sep 2025 – Oct 2025,Upheld,1,BMW Financial Services (GB) Limited,BMW Financial Services (GB) Limited,BMW Financial Services (GB) Limited,Car & consumer finance,Consumer Credit,Car finance - vehicle quality,Mr D complains that a car he acquired via a hire purchase agreement with BMW Financial Services (GB) Limited trading as Alphera Financial Services wasn’t of satisfactory quality.,28,https://www.financial-ombudsman.org.uk/decision/DRN-5862595.pdf
DRN-5920755,2025-10-31,2025-09-01,Sep 2025 – Oct 2025,Not upheld,0,HSBC UK Bank Plc,HSBC UK Bank Plc,HSBC UK,High-street bank,Banking and Payments,Scam / APP fraud,Mr T complains that HSBC UK Plc did not reimburse the funds he lost to a scam.,17,https://www.financial-ombudsman.org.uk/decision/DRN-5920755.pdf
DRN-5808058,2025-10-31,2025-09-01,Sep 2025 – Oct 2025,Not upheld,0,TSB Bank plc,TSB Bank plc,TSB,High-street bank,Banking and Payments,Account closure / fraud marker,Miss N complains that TSB blocked and then closed her account.,11,https://www.financial-ombudsman.org.uk/decision/DRN-5808058.pdf
DRN-5220967,2025-10-31,2025-09-01,Sep 2025 – Oct 2025,Not upheld,0,The Royal Bank of Scotland Plc,The Royal Bank of Scotland Plc,NatWest Group,High-street bank,Banking and Payments,Scam / APP fraud,Mr and Mrs I complain about The Royal Bank of Scotland Plc (RBS). The say that they have fallen victim to a scam and would like RBS to refund them under the Contingent Reimbursement Model (CRM) Code.,37,https://www.financial-ombudsman.org.uk/decision/DRN-5220967.pdf
DRN-5886318,2025-10-31,2025-09-01,Sep 2025 – Oct 2025,Upheld,1,MotoNovo Finance Limited,MotoNovo Finance Limited,MotoNovo Finance Limited,Car & consumer finance,Consumer Credit,Car finance - vehicle quality,Mr R complains about the quality of a car he has been financing through an agreement with MotoNovo Finance Limited (MotoNovo).,21,https://www.financial-ombudsman.org.uk/decision/DRN-5886318.pdf
DRN-5711537,2025-10-31,2025-09-01,Sep 2025 – Oct 2025,Not upheld,0,ZILCH TECHNOLOGY LIMITED,ZILCH TECHNOLOGY LIMITED,ZILCH TECHNOLOGY LIMITED,Other lender / payment firm,Consumer Credit,Service & administration,Mr M complains about an issue with his account with ZILCH TECHNOLOGY LIMITED (‘Z’).,14,https://www.financial-ombudsman.org.uk/decision/DRN-5711537.pdf
DRN-5919662,2025-10-31,2025-09-01,Sep 2025 – Oct 2025,Not upheld,0,Monzo Bank Ltd,Monzo Bank Ltd,Monzo,Digital bank / e-money,Banking and Payments,Scam / APP fraud,Mr B complains that Monzo Bank Ltd (“Monzo”) won’t refund money he lost to an investment scam.,17,https://www.financial-ombudsman.org.uk/decision/DRN-5919662.pdf
DRN-5920217,2025-10-31,2025-09-01,Sep 2025 – Oct 2025,Not upheld,0,Mitsubishi HC Capital UK Plc,Mitsubishi HC Capital UK Plc,Mitsubishi HC Capital UK Plc,Car & consumer finance,Consumer Credit,Timeshare / unfair credit (s140A),"Mr B says Mitsubushi HC Capital UK PLC (Mitsubushi), trading as Novuna Personal Finance, has unfairly declined a claim he made under section 75 of the Consumer Credit Act 1974. In December 2013, Mr B purchased a timeshare membership.",39,https://www.financial-ombudsman.org.uk/decision/DRN-5920217.pdf
DRN-5785941,2025-10-31,2025-09-01,Sep 2025 – Oct 2025,Not upheld,0,Bank of Scotland Plc,Bank of Scotland Plc,Lloyds Banking Group,High-street bank,Banking and Payments,Service & administration,Mr B complains Bank of Scotland plc trading as Halifax didn’t remove a third party from his account when he asked it do so resulting in his personal information being shared.,31,https://www.financial-ombudsman.org.uk/decision/DRN-5785941.pdf
DRN-5699764,2025-10-31,2025-09-01,Sep 2025 – Oct 2025,Not upheld,0,Bank of Scotland Plc,Bank of Scotland Plc,Lloyds Banking Group,High-street bank,Banking and Payments,Scam / APP fraud,"Mr H complains that Bank of Scotland plc, trading as Halifax, hasn’t refunded the money he believes he lost as a result of an authorised push payment (‘APP’) scam.",29,https://www.financial-ombudsman.org.uk/decision/DRN-5699764.pdf
DRN-5908974,2025-10-31,2025-09-01,Sep 2025 – Oct 2025,Not upheld,0,Clydesdale Bank Plc,Clydesdale Bank Plc,Virgin Money,High-street bank,Banking and Payments,Refund claim (s75 / chargeback),Miss S is unhappy with how Clydesdale Bank Plc trading as Virgin Money (Virgin) handled her claim for goods that were returned but not refunded.,25,https://www.financial-ombudsman.org.uk/decision/DRN-5908974.pdf
DRN-5867997,2025-10-31,2025-09-01,Sep 2025 – Oct 2025,Not upheld,0,PSI-Pay Ltd,PSI-Pay Ltd,PSI-Pay Ltd,Other lender / payment firm,Banking and Payments,Account closure / fraud marker,Mr R complains that PSI-Pay Ltd unfairly decided not to issue a refund for several payments he reported as unauthorised. He’s also unhappy that the firm restricted and later closed his Pockit account.,33,https://www.financial-ombudsman.org.uk/decision/DRN-5867997.pdf
DRN-5846989,2025-10-31,2025-09-01,Sep 2025 – Oct 2025,Not upheld,0,NATIONAL WESTMINSTER BANK PUBLIC LIMITED COMPANY,National Westminster Bank Plc,NatWest Group,High-street bank,Banking and Payments,"Mis-selling, fees & charges",Mr B complains that National Westminster Bank Public Limited Company (“NatWest”) failed to pay him a cash incentive for switching his bank account to it.,25,https://www.financial-ombudsman.org.uk/decision/DRN-5846989.pdf
DRN-5860852,2025-10-31,2025-09-01,Sep 2025 – Oct 2025,Not upheld,0,Stellantis Financial Services UK Limited,Stellantis Financial Services UK Limited,Stellantis Financial Services UK Limited,Car & consumer finance,Consumer Credit,Irresponsible lending,"Mr F, who is represented by a third party, complains that Stellantis Financial Services UK Limited, trading as Vauxhall Finance (‘Vauxhall Finance’), irresponsibly granted him a conditional sale agreement he couldn’t afford to repay.",34,https://www.financial-ombudsman.org.uk/decision/DRN-5860852.pdf
DRN-5875038,2025-10-31,2025-09-01,Sep 2025 – Oct 2025,Not upheld,0,Barclays Bank UK PLC,Barclays Bank UK PLC,Barclays,High-street bank,Consumer Credit,Service & administration,Mr P is not happy that a loan application he made with Barclays Bank UK PLC trading as Tesco Bank (Tesco) was declined.,23,https://www.financial-ombudsman.org.uk/decision/DRN-5875038.pdf
DRN-5002035,2025-10-31,2025-09-01,Sep 2025 – Oct 2025,Not upheld,0,Revolut Ltd,Revolut Ltd,Revolut,Digital bank / e-money,Banking and Payments,Scam / APP fraud,Mr O complains that Revolut Ltd won’t refund money he lost when he was the victim of a job scam.,20,https://www.financial-ombudsman.org.uk/decision/DRN-5002035.pdf
DRN-5907420,2025-10-31,2025-09-01,Sep 2025 – Oct 2025,Not upheld,0,Starling Bank Limited,Starling Bank Limited,Starling,Digital bank / e-money,Banking and Payments,Unauthorised transactions,Miss M says Starling Bank Limited (“Starling”) refuses to refund her for unauthorised transactions on her account.,17,https://www.financial-ombudsman.org.uk/decision/DRN-5907420.pdf
DRN-5749988,2025-10-31,2025-09-01,Sep 2025 – Oct 2025,Not upheld,0,NATIONAL WESTMINSTER BANK PUBLIC LIMITED COMPANY,National Westminster Bank Plc,NatWest Group,High-street bank,Banking and Payments,Scam / APP fraud,Miss S is unhappy that NATIONAL WESTMINSTER BANK PUBLIC LIMITED COMPANY (“NatWest”) won’t reimburse money she lost to a scam.,20,https://www.financial-ombudsman.org.uk/decision/DRN-5749988.pdf
DRN-5776639,2025-10-31,2025-09-01,Sep 2025 – Oct 2025,Not upheld,0,Prepay Technologies Ltd,Prepay Technologies Ltd,Prepay Technologies Ltd,Other lender / payment firm,Banking and Payments,Scam / APP fraud,Ms S complains that Prepay Technologies Ltd (‘Monese’) has unfairly declined to refund transactions made from her account after she was the victim of a scam.,26,https://www.financial-ombudsman.org.uk/decision/DRN-5776639.pdf
DRN-5794351,2025-10-31,2025-09-01,Sep 2025 – Oct 2025,Not upheld,0,Barclays Bank UK PLC,Barclays Bank UK PLC,Barclays,High-street bank,Banking and Payments,Scam / APP fraud,Mr O complains that Barclays Bank UK PLC won’t refund him money he says he lost in an investment scam.,20,https://www.financial-ombudsman.org.uk/decision/DRN-5794351.pdf
DRN-5817196,2025-10-31,2025-09-01,Sep 2025 – Oct 2025,Not upheld,0,Lloyds Bank PLC,Lloyds Bank PLC,Lloyds Banking Group,High-street bank,Banking and Payments,Scam / APP fraud,Mr H complains that Lloyds Bank PLC won’t refund money he lost when he was a victim of an investment scam.,21,https://www.financial-ombudsman.org.uk/decision/DRN-5817196.pdf
DRN-5919878,2025-10-31,2025-09-01,Sep 2025 – Oct 2025,Not upheld,0,Specialist Motor Finance Limited,Specialist Motor Finance Limited,Specialist Motor Finance Limited,Car & consumer finance,Consumer Credit,Irresponsible lending,Miss Z complains about the checks Specialist Motor Finance Limited trading as Specialist Motor Finance (SMF) conducted prior to approving her for finance.,23,https://www.financial-ombudsman.org.uk/decision/DRN-5919878.pdf
DRN-5865316,2025-10-31,2025-09-01,Sep 2025 – Oct 2025,Not upheld,0,Bank of Scotland Plc,Bank of Scotland Plc,Lloyds Banking Group,High-street bank,Consumer Credit,Service & administration,Ms F complains about the administration of her loan with Bank of Scotland plc trading as Halifax (“Halifax”).,18,https://www.financial-ombudsman.org.uk/decision/DRN-5865316.pdf
DRN-5776340,2025-10-31,2025-09-01,Sep 2025 – Oct 2025,Not upheld,0,Barclays Bank UK PLC,Barclays Bank UK PLC,Barclays,High-street bank,Banking and Payments,Account closure / fraud marker,Miss B complains Barclays Bank UK PLC (“Barclays”) closed her account without explanation.,13,https://www.financial-ombudsman.org.uk/decision/DRN-5776340.pdf
DRN-5868042,2025-10-31,2025-09-01,Sep 2025 – Oct 2025,Not upheld,0,Central Trust Limited,Central Trust Limited,Central Trust Limited,Other lender / payment firm,Mortgages,Mortgage,Mr H has complained about a second charge mortgage (secured loan) he held with Central Trust Limited. He’s said the lending was irresponsible.,23,https://www.financial-ombudsman.org.uk/decision/DRN-5868042.pdf
DRN-5371522,2025-10-31,2025-09-01,Sep 2025 – Oct 2025,Not upheld,0,Payment Assist Ltd,Payment Assist Ltd,Payment Assist Ltd,Other lender / payment firm,Consumer Credit,Service & administration,Mrs O has complained about the way Payment Assist Limited treated her in relation to a credit agreement.,18,https://www.financial-ombudsman.org.uk/decision/DRN-5371522.pdf
DRN-5822630,2025-10-31,2025-09-01,Sep 2025 – Oct 2025,Not upheld,0,Barclays Bank UK PLC,Barclays Bank UK PLC,Barclays,High-street bank,Banking and Payments,Service & administration,"Mr P complains about his application for a SAR (subject access request) in respect of communications and telephone calls he had with Barclays Bank PLC, and about the customer service he received.",32,https://www.financial-ombudsman.org.uk/decision/DRN-5822630.pdf
DRN-6021616,2025-12-30,2025-11-01,Nov 2025 – Dec 2025,Upheld,1,Santander UK Plc,Santander UK Plc,Santander UK,High-street bank,Banking and Payments,Scam / APP fraud,Mr M complains that Santander UK Plc won’t refund payments he made as a result of an investment scam.,19,https://www.financial-ombudsman.org.uk/decision/DRN-6021616.pdf
DRN-5978688,2025-12-30,2025-11-01,Nov 2025 – Dec 2025,Not upheld,0,Shawbrook Bank Limited,Shawbrook Bank Limited,Shawbrook Bank Limited,Other lender / payment firm,Consumer Credit,Timeshare / unfair credit (s140A),"Mrs S’s and Mr S’s complaint is, in essence, that Shawbrook Bank Ltd (the ‘Lender’) acted unfairly and unreasonably by (1) being party to an unfair credit relationship with them under Section 140A of the Consumer Credit Act 1974",39,https://www.financial-ombudsman.org.uk/decision/DRN-5978688.pdf
DRN-5938171,2025-12-30,2025-11-01,Nov 2025 – Dec 2025,Not upheld,0,Zopa Bank Limited,Zopa Bank Limited,Zopa Bank Limited,Other lender / payment firm,Consumer Credit,Car finance - vehicle quality,Mr H complains about the quality of a vehicle that was supplied through a hire purchase agreement with Zopa Bank Limited (Zopa).,22,https://www.financial-ombudsman.org.uk/decision/DRN-5938171.pdf
DRN-6030877,2025-12-30,2025-11-01,Nov 2025 – Dec 2025,Not upheld,0,Lloyds Bank PLC,Lloyds Bank PLC,Lloyds Banking Group,High-street bank,Banking and Payments,Account closure / fraud marker,"Mr B complains that Lloyds Bank PLC blocked his debit card, preventing him from making a cash machine withdrawal.",19,https://www.financial-ombudsman.org.uk/decision/DRN-6030877.pdf
DRN-5803846,2025-12-30,2025-11-01,Nov 2025 – Dec 2025,Not upheld,0,Santander UK Plc,Santander UK Plc,Santander UK,High-street bank,Banking and Payments,Service & administration,Mr M complains that Santander UK Plc allowed him to carry on gambling despite being aware that he had a problem with gambling.,23,https://www.financial-ombudsman.org.uk/decision/DRN-5803846.pdf
DRN-6041089,2025-12-30,2025-11-01,Nov 2025 – Dec 2025,Upheld,1,HSBC UK Bank Plc,HSBC UK Bank Plc,HSBC UK,High-street bank,Banking and Payments,Unauthorised transactions,"M, a company, complains about the service received from HSBC UK Bank Plc in relation to several disputed payments.",19,https://www.financial-ombudsman.org.uk/decision/DRN-6041089.pdf
DRN-5785109,2025-12-30,2025-11-01,Nov 2025 – Dec 2025,Not upheld,0,Bank of Scotland Plc,Bank of Scotland Plc,Lloyds Banking Group,High-street bank,Banking and Payments,Service & administration,Mr E complains that Bank of Scotland plc delayed a credit to his account leading to severe financial hardship.,19,https://www.financial-ombudsman.org.uk/decision/DRN-5785109.pdf
DRN-6016916,2025-12-30,2025-11-01,Nov 2025 – Dec 2025,Not upheld,0,AJ Bell Securities Limited,AJ Bell Securities Limited,AJ Bell Securities Limited,Other lender / payment firm,Banking and Payments,Service & administration,Mr C is unhappy with AJ Bell Securities Limited. Mr C said AJ Bell failed to complete his Lifetime ISA (LISA) transfer on 1 March 2024.,26,https://www.financial-ombudsman.org.uk/decision/DRN-6016916.pdf
DRN-5962926,2025-12-30,2025-11-01,Nov 2025 – Dec 2025,Not upheld,0,Virgin Media Mobile Finance Limited,Virgin Media Mobile Finance Limited,Virgin Media Mobile Finance Limited,Other lender / payment firm,Consumer Credit,Service & administration,"Mr B complains about the outstanding amount owed under a fixed sum loan agreement, taken out with Virgin Media Mobile Finance Limited.",22,https://www.financial-ombudsman.org.uk/decision/DRN-5962926.pdf
DRN-4625221,2025-12-30,2025-11-01,Nov 2025 – Dec 2025,Not upheld,0,Mitsubishi HC Capital UK Plc,Mitsubishi HC Capital UK Plc,Mitsubishi HC Capital UK Plc,Car & consumer finance,Consumer Credit,Timeshare / unfair credit (s140A),"Mr D’s complaint is, in essence, that Mitsubishi HC Capital UK PLC (the ‘Lender’) acted unfairly and unreasonably by (1) being party to an unfair credit relationship with him under Section 140A of the Consumer Credit Act 1974",38,https://www.financial-ombudsman.org.uk/decision/DRN-4625221.pdf
DRN-5314637,2025-12-30,2025-11-01,Nov 2025 – Dec 2025,Not upheld,0,Prepay Technologies Ltd,Prepay Technologies Ltd,Prepay Technologies Ltd,Other lender / payment firm,Banking and Payments,Scam / APP fraud,"P, a company, complains that Prepay Technologies Ltd (‘Prepay’) won’t refund payments that happened as part of a scam.",19,https://www.financial-ombudsman.org.uk/decision/DRN-5314637.pdf
DRN-5970505,2025-12-30,2025-11-01,Nov 2025 – Dec 2025,Not upheld,0,Revolut Ltd,Revolut Ltd,Revolut,Digital bank / e-money,Banking and Payments,Scam / APP fraud,"Ms C complains that Revolut Ltd didn’t do enough to protect her from the financial harm caused by an investment scam, or to help her recover the money once she’d reported the scam to it.",35,https://www.financial-ombudsman.org.uk/decision/DRN-5970505.pdf
DRN-6028382,2025-12-30,2025-11-01,Nov 2025 – Dec 2025,Not upheld,0,Monzo Bank Ltd,Monzo Bank Ltd,Monzo,Digital bank / e-money,Banking and Payments,Scam / APP fraud,"Mrs S complains that Monzo Bank Ltd didn’t do enough to protect her from the financial harm caused by an investment scam, or to help her recover the money once she’d reported the scam to it.",36,https://www.financial-ombudsman.org.uk/decision/DRN-6028382.pdf
DRN-5936330,2025-12-30,2025-11-01,Nov 2025 – Dec 2025,Not upheld,0,Monzo Bank Ltd,Monzo Bank Ltd,Monzo,Digital bank / e-money,Banking and Payments,Scam / APP fraud,Miss G is unhappy that Monzo Bank Ltd won’t refund money she lost as a result of a scam.,19,https://www.financial-ombudsman.org.uk/decision/DRN-5936330.pdf
DRN-5762212,2025-12-30,2025-11-01,Nov 2025 – Dec 2025,Not upheld,0,Barclays Bank UK PLC,Barclays Bank UK PLC,Barclays,High-street bank,Banking and Payments,Scam / APP fraud,Mr and Mrs V complain that Barclays Bank UK PLC won’t reimburse money they lost to fraud.,17,https://www.financial-ombudsman.org.uk/decision/DRN-5762212.pdf
DRN-5951301,2025-12-30,2025-11-01,Nov 2025 – Dec 2025,Not upheld,0,Clydesdale Financial Services Limited,Clydesdale Financial Services Limited,Barclays,High-street bank,Consumer Credit,Timeshare / unfair credit (s140A),"Mr D’s complaint is, in essence, that Clydesdale Financial Services Limited, trading as Barclays Partner Finance (the ‘Lender’), acted unfairly and unreasonably by (1) being party to an unfair credit relationship with him under Section 140A",36,https://www.financial-ombudsman.org.uk/decision/DRN-5951301.pdf
DRN-5950631,2025-12-30,2025-11-01,Nov 2025 – Dec 2025,Not upheld,0,Clydesdale Financial Services Limited,Clydesdale Financial Services Limited,Barclays,High-street bank,Consumer Credit,Timeshare / unfair credit (s140A),"Ms J’s complaint is, in essence, that Clydesdale Financial Services Limited, trading as Barclays Partner Finance (the ‘Lender’), acted unfairly and unreasonably by (1) being party to an unfair credit relationship with her under Section 140A",36,https://www.financial-ombudsman.org.uk/decision/DRN-5950631.pdf
DRN-5976762,2025-12-30,2025-11-01,Nov 2025 – Dec 2025,Not upheld,0,Santander UK Plc,Santander UK Plc,Santander UK,High-street bank,Mortgages,Mortgage,"Mr S complains that he was refused a Buy To Let mortgage for a rental property he owns, by Santander UK Plc.",22,https://www.financial-ombudsman.org.uk/decision/DRN-5976762.pdf
DRN-5996826,2025-12-30,2025-11-01,Nov 2025 – Dec 2025,Not upheld,0,Monzo Bank Ltd,Monzo Bank Ltd,Monzo,Digital bank / e-money,Banking and Payments,Service & administration,Mr R complained because Monzo Bank Limited debited temporary credits which it had made to his account.,17,https://www.financial-ombudsman.org.uk/decision/DRN-5996826.pdf
DRN-5906888,2025-12-30,2025-11-01,Nov 2025 – Dec 2025,Not upheld,0,Goldman Sachs International Bank,Goldman Sachs International Bank,Goldman Sachs International Bank,Other lender / payment firm,Banking and Payments,Scam / APP fraud,Mr W complains Goldman Sachs International Bank trading as Marcus by Goldman Sachs (“Marcus”) hasn’t refunded funds he lost as the result of a scam.,25,https://www.financial-ombudsman.org.uk/decision/DRN-5906888.pdf
DRN-5849422,2025-12-30,2025-11-01,Nov 2025 – Dec 2025,Upheld,1,MONEYBARN NO.1 LIMITED,Moneybarn No. 1 Limited,Moneybarn No. 1 Limited,Car & consumer finance,Consumer Credit,Car finance - vehicle quality,Mr P complains about the quality of a vehicle that was supplied through a motor finance agreement with MONEYBARN NO.1 LIMITED (MB).,22,https://www.financial-ombudsman.org.uk/decision/DRN-5849422.pdf
DRN-5851863,2025-12-30,2025-11-01,Nov 2025 – Dec 2025,Not upheld,0,Santander Consumer (UK) Plc,Santander Consumer (UK) Plc,Santander UK,High-street bank,Consumer Credit,"Mis-selling, fees & charges",Mrs B complains about the mis-sale of a fixed sum loan agreement she entered into with Santander Consumer (UK) Plc. The loan was related to a warranty product.,28,https://www.financial-ombudsman.org.uk/decision/DRN-5851863.pdf
DRN-5863106,2025-12-30,2025-11-01,Nov 2025 – Dec 2025,Upheld,1,Santander Consumer (UK) Plc,Santander Consumer (UK) Plc,Santander UK,High-street bank,Consumer Credit,Car finance - vehicle quality,Miss D complains about the quality of a vehicle that was supplied through a hire purchase agreement with Santander Consumer (UK) Plc (Santander).,23,https://www.financial-ombudsman.org.uk/decision/DRN-5863106.pdf
DRN-5912511,2025-12-30,2025-11-01,Nov 2025 – Dec 2025,Upheld,1,Quidie Limited,Quidie Limited,Quidie Limited,Other lender / payment firm,Consumer Credit,Irresponsible lending,Miss H complains that Quidie Limited trading as Fernovo lent to her multiple times irresponsibly.,15,https://www.financial-ombudsman.org.uk/decision/DRN-5912511.pdf
DRN-6033459,2025-12-30,2025-11-01,Nov 2025 – Dec 2025,Upheld,1,Zopa Bank Limited,Zopa Bank Limited,Zopa Bank Limited,Other lender / payment firm,Consumer Credit,Car finance - vehicle quality,Mr B complains about the quality of a car he acquired under a hire purchase agreement with ZOPA BANK LIMITED (Zopa).,21,https://www.financial-ombudsman.org.uk/decision/DRN-6033459.pdf
DRN-5689802,2025-12-30,2025-11-01,Nov 2025 – Dec 2025,Upheld,1,Monzo Bank Ltd,Monzo Bank Ltd,Monzo,Digital bank / e-money,Banking and Payments,Scam / APP fraud,Mr N complains that Monzo Bank Ltd (‘Monzo’) won’t refund him the money he lost after he fell victim to a scam.,22,https://www.financial-ombudsman.org.uk/decision/DRN-5689802.pdf
DRN-5768061,2025-12-30,2025-11-01,Nov 2025 – Dec 2025,Not upheld,0,EE Limited,EE Limited,EE Limited,Other lender / payment firm,Consumer Credit,Service & administration,Mr F complains about the balance of a fixed sum loan agreement with EE Limited.,15,https://www.financial-ombudsman.org.uk/decision/DRN-5768061.pdf
DRN-6004495,2025-12-30,2025-11-01,Nov 2025 – Dec 2025,Not upheld,0,Barclays Bank UK PLC,Barclays Bank UK PLC,Barclays,High-street bank,Mortgages,Mortgage,Mr H complains that Barclays Bank UK PLC unfairly added fees and charges to his mortgage when payments were missed.,20,https://www.financial-ombudsman.org.uk/decision/DRN-6004495.pdf
DRN-5947827,2025-12-30,2025-11-01,Nov 2025 – Dec 2025,Not upheld,0,J.P. Morgan Europe Limited,J.P. Morgan Europe Limited,Chase UK,Digital bank / e-money,Banking and Payments,Refund claim (s75 / chargeback),Mr H complains J.P. Chase Europe Limited trading as Chase won’t refund the money he says he lost due to fraud.,21,https://www.financial-ombudsman.org.uk/decision/DRN-5947827.pdf
DRN-5947840,2025-12-30,2025-11-01,Nov 2025 – Dec 2025,Not upheld,0,Bank of Scotland Plc,Bank of Scotland Plc,Lloyds Banking Group,High-street bank,Banking and Payments,Scam / APP fraud,Mr H complains Bank of Scotland plc trading as Halifax won’t refund the funds he says he lost due to a scam.,22,https://www.financial-ombudsman.org.uk/decision/DRN-5947840.pdf
DRN-5636829,2025-12-30,2025-11-01,Nov 2025 – Dec 2025,Upheld,1,HSBC UK Bank Plc,HSBC UK Bank Plc,HSBC UK,High-street bank,Banking and Payments,Scam / APP fraud,Mr P complains that HSBC UK Bank Plc didn’t do enough to protect him from the financial harm caused by an investment scam.,23,https://www.financial-ombudsman.org.uk/decision/DRN-5636829.pdf
DRN-6006426,2025-12-30,2025-11-01,Nov 2025 – Dec 2025,Upheld,1,Arval UK Limited,Arval UK Limited,Arval UK Limited,Car & consumer finance,Consumer Credit,Irresponsible lending,Mr S complains that Arval UK Limited provided him with an unaffordable hire agreement.,14,https://www.financial-ombudsman.org.uk/decision/DRN-6006426.pdf
DRN-5993262,2025-12-30,2025-11-01,Nov 2025 – Dec 2025,Not upheld,0,Clydesdale Financial Services Limited,Clydesdale Financial Services Limited,Barclays,High-street bank,Consumer Credit,Timeshare / unfair credit (s140A),"Mrs N’s complaint is, in essence, that Clydesdale Financial Services Limited, trading as Barclays Partner Finance (the ‘Lender’), acted unfairly and unreasonably by (1) being party to an unfair credit relationship with her under Section 140A",36,https://www.financial-ombudsman.org.uk/decision/DRN-5993262.pdf
DRN-6002120,2025-12-30,2025-11-01,Nov 2025 – Dec 2025,Upheld,1,TSB Bank plc,TSB Bank plc,TSB,High-street bank,Mortgages,"Mis-selling, fees & charges",Mr and Mrs B complain that the end of their fixed interest rate deal with TSB Bank plc was followed immediately by a non-working day. They said it was wrong for TSB to force customers to pay its Standard Variable Rate.,41,https://www.financial-ombudsman.org.uk/decision/DRN-6002120.pdf
DRN-5854039,2025-12-30,2025-11-01,Nov 2025 – Dec 2025,Not upheld,0,Lloyds Bank PLC,Lloyds Bank PLC,Lloyds Banking Group,High-street bank,Banking and Payments,Scam / APP fraud,"Mr R complains that Lloyds Bank PLC (“Lloyds”) won’t refund him money, which he says he lost to a scam.",20,https://www.financial-ombudsman.org.uk/decision/DRN-5854039.pdf
DRN-5718823,2025-12-30,2025-11-01,Nov 2025 – Dec 2025,Upheld,1,Monzo Bank Ltd,Monzo Bank Ltd,Monzo,Digital bank / e-money,Banking and Payments,Scam / APP fraud,"Mr K complains that Monzo Bank Ltd (“Monzo”) won’t refund him money, which he says he lost to a scam.",20,https://www.financial-ombudsman.org.uk/decision/DRN-5718823.pdf
DRN-5989602,2025-12-31,2025-11-01,Nov 2025 – Dec 2025,Upheld,1,Starling Bank Limited,Starling Bank Limited,Starling,Digital bank / e-money,Banking and Payments,Service & administration,Mr G complains Starling Bank Limited (“Starling”) declined his application for an Easy Saver Account without an explanation of why he failed its eligibility criteria.,25,https://www.financial-ombudsman.org.uk/decision/DRN-5989602.pdf
DRN-5929498,2025-12-31,2025-11-01,Nov 2025 – Dec 2025,Not upheld,0,Santander UK Plc,Santander UK Plc,Santander UK,High-street bank,Banking and Payments,"Mis-selling, fees & charges",Mr G is a sole trader. He complains about Santander UK Plc’s decision to migrate his business account from one that for many years operated on a free from fees basis to an account for which the bank proposed charging a monthly fee.,43,https://www.financial-ombudsman.org.uk/decision/DRN-5929498.pdf
DRN-6040429,2025-12-31,2025-11-01,Nov 2025 – Dec 2025,Not upheld,0,V12 Retail Finance Limited,V12 Retail Finance Limited,V12 Retail Finance Limited,Other lender / payment firm,Consumer Credit,Refund claim (s75 / chargeback),Ms B complains about the way V12 Retail Finance Limited (‘V12’) handled her claim for a refund.,17,https://www.financial-ombudsman.org.uk/decision/DRN-6040429.pdf
DRN-5824599,2025-12-31,2025-11-01,Nov 2025 – Dec 2025,Not upheld,0,NATIONAL WESTMINSTER BANK PUBLIC LIMITED COMPANY,National Westminster Bank Plc,NatWest Group,High-street bank,Banking and Payments,Account closure / fraud marker,X complains that National Westminster Bank Public Limited closed his account without notice and lodged a fraud-related marker on the industry database CIFAS in his name.,26,https://www.financial-ombudsman.org.uk/decision/DRN-5824599.pdf
DRN-6041749,2025-12-31,2025-11-01,Nov 2025 – Dec 2025,Not upheld,0,Nationwide Building Society,Nationwide Building Society,Nationwide,High-street bank,Banking and Payments,Service & administration,Mr L complains that payments from his clients to his Nationwide Building Society account are frequently declined and he is dissatisfied with the actions Nationwide has taken to resolve the matter.,31,https://www.financial-ombudsman.org.uk/decision/DRN-6041749.pdf
DRN-5827354,2025-12-31,2025-11-01,Nov 2025 – Dec 2025,Not upheld,0,Monzo Bank Ltd,Monzo Bank Ltd,Monzo,Digital bank / e-money,Banking and Payments,Account closure / fraud marker,Ms K has complained Monzo Bank Ltd lodged a fraud-related marker on the industry database CIFAS in her name.,19,https://www.financial-ombudsman.org.uk/decision/DRN-5827354.pdf
DRN-5895632,2025-12-31,2025-11-01,Nov 2025 – Dec 2025,Not upheld,0,Bank of Scotland Plc,Bank of Scotland Plc,Lloyds Banking Group,High-street bank,Banking and Payments,Refund claim (s75 / chargeback),Ms M is unhappy that Bank of Scotland plc trading as Halifax (Halifax) did not refund a payment she made using her credit card. Ms M is also unhappy with a bank switch process.,34,https://www.financial-ombudsman.org.uk/decision/DRN-5895632.pdf
DRN-5947595,2025-12-31,2025-11-01,Nov 2025 – Dec 2025,Not upheld,0,Revolut Ltd,Revolut Ltd,Revolut,Digital bank / e-money,Banking and Payments,Scam / APP fraud,Mr I has complained Revolut Ltd won’t refund several payments he says he made and lost to a scam.,19,https://www.financial-ombudsman.org.uk/decision/DRN-5947595.pdf
DRN-5822166,2025-12-31,2025-11-01,Nov 2025 – Dec 2025,Upheld,1,Wise Payments Limited,Wise Payments Limited,Wise Payments Limited,Other lender / payment firm,Banking and Payments,Scam / APP fraud,"Ms K complains that Wise Payments Limited (‘Wise’) declined to refund her in full when she says she lost over £12,000 as a result of a scam.",27,https://www.financial-ombudsman.org.uk/decision/DRN-5822166.pdf
DRN-5802519,2025-12-31,2025-11-01,Nov 2025 – Dec 2025,Not upheld,0,Barclays Bank UK PLC,Barclays Bank UK PLC,Barclays,High-street bank,Banking and Payments,Scam / APP fraud,Mr G is unhappy that Barclays Bank UK PLC failed to sufficiently intervene causing him to fall victim to what he argues was an authorised push payment (APP) investment scam.,30,https://www.financial-ombudsman.org.uk/decision/DRN-5802519.pdf
DRN-6010974,2025-12-31,2025-11-01,Nov 2025 – Dec 2025,Not upheld,0,Hutchison 3G UK Limited,Hutchison 3G UK Limited,Hutchison 3G UK Limited,Other lender / payment firm,Consumer Credit,Service & administration,"Miss T complains about the information given to her by Hutchison 3G UK Limited trading as 3 (‘Three’), when she took out a fixed sum loan to pay for a mobile telephone handset.",33,https://www.financial-ombudsman.org.uk/decision/DRN-6010974.pdf
DRN-5631894,2025-12-31,2025-11-01,Nov 2025 – Dec 2025,Upheld,1,Nationwide Building Society,Nationwide Building Society,Nationwide,High-street bank,Banking and Payments,Scam / APP fraud,Mr and Mrs G have complained about Nationwide Building Society not refunding several payments made and lost to an authorised push payment (APP) scam.,24,https://www.financial-ombudsman.org.uk/decision/DRN-5631894.pdf
DRN-6050220,2025-12-31,2025-11-01,Nov 2025 – Dec 2025,Not upheld,0,Barclays Bank UK PLC,Barclays Bank UK PLC,Barclays,High-street bank,Banking and Payments,Service & administration,Miss C complains about the customer service she’s received from Barclays Bank UK PLC trading as Barclaycard (‘Barclays’).,18,https://www.financial-ombudsman.org.uk/decision/DRN-6050220.pdf
DRN-6048916,2025-12-31,2025-11-01,Nov 2025 – Dec 2025,Not upheld,0,EE Limited,EE Limited,EE Limited,Other lender / payment firm,Consumer Credit,Service & administration,Miss M complains about the way EE Limited trading as ‘EE’ sold her a loan agreement.,16,https://www.financial-ombudsman.org.uk/decision/DRN-6048916.pdf
DRN-5752487,2025-12-31,2025-11-01,Nov 2025 – Dec 2025,Not upheld,0,Mercedes-Benz Financial Services UK Limited,Mercedes-Benz Financial Services UK Limited,Mercedes-Benz Financial Services UK Limited,Car & consumer finance,Consumer Credit,Car finance - vehicle quality,"Mr O has complained that a car he acquired on finance from Mercedes-Benz Financial Services UK Limited (‘MBFS’) wasn’t of satisfactory quality, and that this wasn’t handled properly.",28,https://www.financial-ombudsman.org.uk/decision/DRN-5752487.pdf
DRN-6050367,2025-12-31,2025-11-01,Nov 2025 – Dec 2025,Upheld,1,REMIT CHOICE LIMITED,REMIT CHOICE LIMITED,REMIT CHOICE LIMITED,Other lender / payment firm,Banking and Payments,Service & administration,Mr H has complained about how long REMIT CHOICE LIMITED took to return an unsuccessful payment. Mr H is also unhappy that Remit Choice decided to close his account after he raised his complaint.,34,https://www.financial-ombudsman.org.uk/decision/DRN-6050367.pdf
DRN-5802686,2025-12-31,2025-11-01,Nov 2025 – Dec 2025,Not upheld,0,MONEYBARN NO.1 LIMITED,Moneybarn No. 1 Limited,Moneybarn No. 1 Limited,Car & consumer finance,Consumer Credit,Irresponsible lending,Miss G complains that Moneybarn No 1 Limited approved a vehicle finance agreement for her which she could not afford to repay.,22,https://www.financial-ombudsman.org.uk/decision/DRN-5802686.pdf
DRN-5656022,2025-12-31,2025-11-01,Nov 2025 – Dec 2025,Not upheld,0,MBNA Limited,MBNA Limited,Lloyds Banking Group,High-street bank,Consumer Credit,Credit file / debt / defaults,Mr S that MBNA Limited is holding him liable for the debt on a loan which he says he neither applied for nor knew about.,25,https://www.financial-ombudsman.org.uk/decision/DRN-5656022.pdf
DRN-5950417,2025-12-31,2025-11-01,Nov 2025 – Dec 2025,Not upheld,0,Shawbrook Bank Limited,Shawbrook Bank Limited,Shawbrook Bank Limited,Other lender / payment firm,Consumer Credit,Timeshare / unfair credit (s140A),"Mrs T’s and Mr T’s complaint is, in essence, that Shawbrook Bank Limited (the ‘Lender’) acted unfairly and unreasonably by (1) being party to an unfair credit relationship with them under Section 140A of the Consumer Credit Act 1974",39,https://www.financial-ombudsman.org.uk/decision/DRN-5950417.pdf
DRN-5882908,2025-12-31,2025-11-01,Nov 2025 – Dec 2025,Not upheld,0,Barclays Bank UK PLC,Barclays Bank UK PLC,Barclays,High-street bank,Banking and Payments,Scam / APP fraud,"Mrs Z complains that Barclays Bank UK PLC didn’t do enough to protect her from the financial harm caused by an investment scam, or to help her recover the money once she’d reported the scam to it.",37,https://www.financial-ombudsman.org.uk/decision/DRN-5882908.pdf
DRN-6001257,2025-12-31,2025-11-01,Nov 2025 – Dec 2025,Not upheld,0,Lendable Ltd,Lendable Ltd,Lendable Ltd,Other lender / payment firm,Consumer Credit,Car finance - vehicle quality,Miss Y is unhappy that a car supplied to her under a hire purchase agreement with Lendable Limited t/a Autolend (Lendable) was of unsatisfactory quality.,25,https://www.financial-ombudsman.org.uk/decision/DRN-6001257.pdf
DRN-5944687,2025-12-31,2025-11-01,Nov 2025 – Dec 2025,Not upheld,0,PayPal UK Ltd,PayPal UK Ltd,PayPal UK Ltd,Other lender / payment firm,Banking and Payments,Account closure / fraud marker,Mr H complains that PayPal UK Ltd failed to properly address his claim for a refund and closed his account.,20,https://www.financial-ombudsman.org.uk/decision/DRN-5944687.pdf
DRN-5697595,2025-12-31,2025-11-01,Nov 2025 – Dec 2025,Not upheld,0,Revolut Ltd,Revolut Ltd,Revolut,Digital bank / e-money,Banking and Payments,Scam / APP fraud,Ms K has complained about Revolut Ltd not refunding an authorised push payment she says she made and lost to a scam.,22,https://www.financial-ombudsman.org.uk/decision/DRN-5697595.pdf
DRN-5806629,2025-12-31,2025-11-01,Nov 2025 – Dec 2025,Not upheld,0,Lloyds Bank PLC,Lloyds Bank PLC,Lloyds Banking Group,High-street bank,Banking and Payments,Scam / APP fraud,Mr C complains that Lloyds Bank PLC won’t reimburse payments he made as part of a scam.,17,https://www.financial-ombudsman.org.uk/decision/DRN-5806629.pdf
DRN-5765308,2025-12-31,2025-11-01,Nov 2025 – Dec 2025,Not upheld,0,MBNA Limited,MBNA Limited,Lloyds Banking Group,High-street bank,Banking and Payments,Refund claim (s75 / chargeback),Mr A complained because MBNA Limited refused to refund transactions which took place after Mrs A’s card was stolen.,19,https://www.financial-ombudsman.org.uk/decision/DRN-5765308.pdf
DRN-6026729,2025-12-31,2025-11-01,Nov 2025 – Dec 2025,Not upheld,0,Blue Motor Finance Ltd,Blue Motor Finance Limited,Blue Motor Finance Limited,Car & consumer finance,Consumer Credit,Car finance - vehicle quality,Mr C is unhappy that a car supplied to him under a hire purchase agreement with Blue Motor Finance Ltd (BMF) was not of a satisfactory quality.,27,https://www.financial-ombudsman.org.uk/decision/DRN-6026729.pdf
DRN-6015393,2025-12-31,2025-11-01,Nov 2025 – Dec 2025,Upheld,1,Santander UK Plc,Santander UK Plc,Santander UK,High-street bank,Banking and Payments,Service & administration,Mr L is unhappy that Santander UK Plc failed to intervene when he used his credit card with them to invest in cryptocurrency.,23,https://www.financial-ombudsman.org.uk/decision/DRN-6015393.pdf
DRN-5862580,2025-12-31,2025-11-01,Nov 2025 – Dec 2025,Not upheld,0,Shawbrook Bank Limited,Shawbrook Bank Limited,Shawbrook Bank Limited,Other lender / payment firm,Consumer Credit,Timeshare / unfair credit (s140A),"Mr C’s and Mrs C’s complaint is, in essence, that Shawbrook Bank Limited (the ‘Lender’) acted unfairly and unreasonably by (1) being party to an unfair credit relationship with them under Section 140A of the Consumer Credit Act 1974",39,https://www.financial-ombudsman.org.uk/decision/DRN-5862580.pdf
DRN-6018121,2025-12-31,2025-11-01,Nov 2025 – Dec 2025,Upheld,1,Metro Bank PLC,Metro Bank PLC,Metro Bank,High-street bank,Banking and Payments,Refund claim (s75 / chargeback),Mr M complains that Metro Bank PLC failed to properly pursue his chargeback request.,14,https://www.financial-ombudsman.org.uk/decision/DRN-6018121.pdf
DRN-5421628,2025-12-31,2025-11-01,Nov 2025 – Dec 2025,Not upheld,0,Metro Bank PLC,Metro Bank PLC,Metro Bank,High-street bank,Banking and Payments,Scam / APP fraud,"Mrs S complains that Metro Bank PLC (“Metro”) won’t refund her the money she lost, to what she believes was an Authorised Push Payment (“APP”) scam.",26,https://www.financial-ombudsman.org.uk/decision/DRN-5421628.pdf
DRN-6040801,2025-12-31,2025-11-01,Nov 2025 – Dec 2025,Not upheld,0,Mitsubishi HC Capital UK Plc,Mitsubishi HC Capital UK Plc,Mitsubishi HC Capital UK Plc,Car & consumer finance,Consumer Credit,Refund claim (s75 / chargeback),Mrs S complains about the way Mitsubishi HC Capital UK PLC trading as Novuna Consumer Finance (‘Novuna’) handled her claim for a refund.,23,https://www.financial-ombudsman.org.uk/decision/DRN-6040801.pdf
DRN-5847048,2025-12-31,2025-11-01,Nov 2025 – Dec 2025,Not upheld,0,Santander UK Plc,Santander UK Plc,Santander UK,High-street bank,Banking and Payments,Scam / APP fraud,Miss B complains that Santander UK Plc (‘Santander’) declined to reimburse her after she says she fell victim to a romance scam.,22,https://www.financial-ombudsman.org.uk/decision/DRN-5847048.pdf
DRN-5929912,2025-12-31,2025-11-01,Nov 2025 – Dec 2025,Not upheld,0,Nationwide Building Society,Nationwide Building Society,Nationwide,High-street bank,Mortgages,Mortgage,Mrs G complains that Nationwide will not release her from a mortgage she is a party to with her ex-husband.,20,https://www.financial-ombudsman.org.uk/decision/DRN-5929912.pdf
DRN-6049597,2025-12-31,2025-11-01,Nov 2025 – Dec 2025,Upheld,1,HSBC UK Bank Plc,HSBC UK Bank Plc,HSBC UK,High-street bank,Banking and Payments,Scam / APP fraud,"Miss H complains that HSBC UK Bank Plc (‘First Direct’) declined to reimburse her when she says she lost over £14,000 as a result of a scam.",27,https://www.financial-ombudsman.org.uk/decision/DRN-6049597.pdf
DRN-6021074,2025-12-31,2025-11-01,Nov 2025 – Dec 2025,Not upheld,0,MONEYBARN NO.1 LIMITED,Moneybarn No. 1 Limited,Moneybarn No. 1 Limited,Car & consumer finance,Consumer Credit,Irresponsible lending,"Mr T, through his representative, complains that MONEYBARN NO.1 LIMITED approved a car finance agreement for him which he says he could not afford.",24,https://www.financial-ombudsman.org.uk/decision/DRN-6021074.pdf
DRN-6010055,2025-12-31,2025-11-01,Nov 2025 – Dec 2025,Upheld,1,American Express Services Europe Limited,American Express Services Europe Limited,American Express Services Europe Limited,Other lender / payment firm,Banking and Payments,Refund claim (s75 / chargeback),Mrs B complains that American Express Services Europe Limited (AESEL) did not properly pursue her chargeback request and rejected her claim under section 75 Consumer Credit Act 1974 (“s.75”).,29,https://www.financial-ombudsman.org.uk/decision/DRN-6010055.pdf
DRN-6034284,2025-12-31,2025-11-01,Nov 2025 – Dec 2025,Not upheld,0,BMW Financial Services (GB) Limited,BMW Financial Services (GB) Limited,BMW Financial Services (GB) Limited,Car & consumer finance,Consumer Credit,Credit file / debt / defaults,Mr M is unhappy with how arrears and a default on a hire purchase agreement with BMW Financial Services (GB) Ltd (BMW) was dealt with.,25,https://www.financial-ombudsman.org.uk/decision/DRN-6034284.pdf
DRN-6044728,2025-12-31,2025-11-01,Nov 2025 – Dec 2025,Upheld,1,NATIONAL WESTMINSTER BANK PUBLIC LIMITED COMPANY,National Westminster Bank Plc,NatWest Group,High-street bank,Banking and Payments,Service & administration,Mrs B is unhappy with NATIONAL WESTMINSTER BANK PUBLIC LIMITED COMPANY’s (‘NatWest’s’) handling of a USD cheque.,17,https://www.financial-ombudsman.org.uk/decision/DRN-6044728.pdf
DRN-6049685,2025-12-31,2025-11-01,Nov 2025 – Dec 2025,Not upheld,0,Mitsubishi HC Capital UK Plc,Mitsubishi HC Capital UK Plc,Mitsubishi HC Capital UK Plc,Car & consumer finance,Consumer Credit,Timeshare / unfair credit (s140A),"Mrs M’s complaint is, in essence, that Mitsubishi HC Capital UK Plc (the ‘Lender’) acted unfairly and unreasonably by (1) being party to an unfair credit relationship with her under Section 140A of the Consumer Credit Act 1974",38,https://www.financial-ombudsman.org.uk/decision/DRN-6049685.pdf
DRN-5861505,2025-12-31,2025-11-01,Nov 2025 – Dec 2025,Not upheld,0,Investec Bank PLC,Investec Bank PLC,Investec Bank PLC,Other lender / payment firm,Banking and Payments,Service & administration,A pension scheme trust which I’ll call ‘E’ complains that Investec Bank Plc didn’t close its account and transfer the account balance quickly enough which caused them a financial loss.,30,https://www.financial-ombudsman.org.uk/decision/DRN-5861505.pdf
DRN-5990418,2025-12-31,2025-11-01,Nov 2025 – Dec 2025,Not upheld,0,Telefonica UK Limited,Telefonica UK Limited,Telefonica UK Limited,Other lender / payment firm,Consumer Credit,Service & administration,Mr H complains about the switching process in relation to a mobile device that was supplied under a fixed sum loan agreement with Telefonica UK Limited trading as O2 (O2),30,https://www.financial-ombudsman.org.uk/decision/DRN-5990418.pdf
DRN-5961661,2025-12-31,2025-11-01,Nov 2025 – Dec 2025,Not upheld,0,Mitsubishi HC Capital UK Plc,Mitsubishi HC Capital UK Plc,Mitsubishi HC Capital UK Plc,Car & consumer finance,Consumer Credit,Credit file / debt / defaults,Mr P is unhappy with the way a default on a credit agreement with Mitsubishi HC Capital UK PLC trading as Novuna Consumer Finance (Novuna) was dealt with.,28,https://www.financial-ombudsman.org.uk/decision/DRN-5961661.pdf
DRN-6049294,2025-12-31,2025-11-01,Nov 2025 – Dec 2025,Not upheld,0,Shawbrook Bank Limited,Shawbrook Bank Limited,Shawbrook Bank Limited,Other lender / payment firm,Consumer Credit,Timeshare / unfair credit (s140A),"Miss M’s complaint is, in essence, that Shawbrook Bank Limited acted unfairly and unreasonably by (1) being party to an unfair credit relationship with them under Section 140A of the Consumer Credit Act 1974",34,https://www.financial-ombudsman.org.uk/decision/DRN-6049294.pdf
DRN-6049009,2025-12-31,2025-11-01,Nov 2025 – Dec 2025,Not upheld,0,Monzo Bank Ltd,Monzo Bank Ltd,Monzo,Digital bank / e-money,Banking and Payments,Scam / APP fraud,Mr K is unhappy that Monzo Bank Ltd won’t reimburse money he says he lost to a scam.,18,https://www.financial-ombudsman.org.uk/decision/DRN-6049009.pdf
DRN-4578200,2026-02-27,2026-01-01,Jan 2026 – Feb 2026,Upheld,1,Shawbrook Bank Limited,Shawbrook Bank Limited,Shawbrook Bank Limited,Other lender / payment firm,Consumer Credit,Timeshare / unfair credit (s140A),"Mr and Mrs M’s complaint is, in essence, that Shawbrook Bank Limited (the ‘Lender’) acted unfairly and unreasonably by (1) being party to an unfair credit relationship with them under Section 140A of the Consumer Credit Act 1974",38,https://www.financial-ombudsman.org.uk/decision/DRN-4578200.pdf
DRN-6000053,2026-02-27,2026-01-01,Jan 2026 – Feb 2026,Not upheld,0,Bank of Scotland Plc,Bank of Scotland Plc,Lloyds Banking Group,High-street bank,Banking and Payments,Service & administration,Mr W is unhappy with the service Bank of Scotland plc trading as Halifax provided when he was looking to renew his Individual Savings Account (ISA).,26,https://www.financial-ombudsman.org.uk/decision/DRN-6000053.pdf
DRN-6186576,2026-02-27,2026-01-01,Jan 2026 – Feb 2026,Upheld,1,Paysafe Financial Services Limited,Paysafe Financial Services Limited,Paysafe Financial Services Limited,Other lender / payment firm,Banking and Payments,Service & administration,"Ms Z complains Paysafe Financial Services Limited (PFS) failed to successfully undertake an international transfer to a third-party bank, causing her to lose over 130USD.",25,https://www.financial-ombudsman.org.uk/decision/DRN-6186576.pdf
DRN-6025467,2026-02-27,2026-01-01,Jan 2026 – Feb 2026,Not upheld,0,Shawbrook Bank Limited,Shawbrook Bank Limited,Shawbrook Bank Limited,Other lender / payment firm,Consumer Credit,Timeshare / unfair credit (s140A),"Mr and Mrs C’s complaint is, in essence, that Shawbrook Bank Limited (the ‘Lender’) acted unfairly and unreasonably by (1) being party to an unfair credit relationship with them under Section 140A of the Consumer Credit Act 1974",38,https://www.financial-ombudsman.org.uk/decision/DRN-6025467.pdf
DRN-6160946,2026-02-27,2026-01-01,Jan 2026 – Feb 2026,Not upheld,0,MARKS AND SPENCER FINANCIAL SERVICES PLC,Marks & Spencer Financial Services plc,Marks & Spencer Financial Services plc,Other lender / payment firm,Banking and Payments,Refund claim (s75 / chargeback),Mrs C complains Marks and Spencer Financial Services Plc (“M&S”) acted unfairly by not refunding payments she made using her credit card.,22,https://www.financial-ombudsman.org.uk/decision/DRN-6160946.pdf
DRN-6069527,2026-02-27,2026-01-01,Jan 2026 – Feb 2026,Not upheld,0,Blue Motor Finance Limited,Blue Motor Finance Limited,Blue Motor Finance Limited,Car & consumer finance,Consumer Credit,Service & administration,Mr Z has complained about how Blue Motor Finance Ltd (“BMF”) have administered his Hire Purchase agreement.,17,https://www.financial-ombudsman.org.uk/decision/DRN-6069527.pdf
DRN-6014188,2026-02-27,2026-01-01,Jan 2026 – Feb 2026,Not upheld,0,American Express Services Europe Limited,American Express Services Europe Limited,American Express Services Europe Limited,Other lender / payment firm,Banking and Payments,Service & administration,Mr A’s complaint is about American Express Services Europe Limited (“AMEX”).,11,https://www.financial-ombudsman.org.uk/decision/DRN-6014188.pdf
DRN-6053114,2026-02-27,2026-01-01,Jan 2026 – Feb 2026,Upheld,1,Bank of Scotland Plc,Bank of Scotland Plc,Lloyds Banking Group,High-street bank,Banking and Payments,Service & administration,Mr S has complained about the level of customer service he received from Bank of Scotland plc (“Halifax”).,18,https://www.financial-ombudsman.org.uk/decision/DRN-6053114.pdf
DRN-6187020,2026-02-27,2026-01-01,Jan 2026 – Feb 2026,Not upheld,0,Shawbrook Bank Limited,Shawbrook Bank Limited,Shawbrook Bank Limited,Other lender / payment firm,Consumer Credit,Timeshare / unfair credit (s140A),"Miss O and Mrs R’s complaint is, in essence, that Shawbrook Bank Limited (the ‘Lender’) acted unfairly and unreasonably by (1) being party to an unfair credit relationship with them under Section 140A of the Consumer Credit Act 1974",39,https://www.financial-ombudsman.org.uk/decision/DRN-6187020.pdf
DRN-6032545,2026-02-27,2026-01-01,Jan 2026 – Feb 2026,Not upheld,0,Shawbrook Bank Limited,Shawbrook Bank Limited,Shawbrook Bank Limited,Other lender / payment firm,Consumer Credit,Timeshare / unfair credit (s140A),"Mr W’s complaint is, in essence, that Shawbrook Bank Limited (the ‘Lender’) acted unfairly and unreasonably by (1) being party to an unfair credit relationship with him under Section 140A of the Consumer Credit Act 1974",36,https://www.financial-ombudsman.org.uk/decision/DRN-6032545.pdf
DRN-5987286,2026-02-27,2026-01-01,Jan 2026 – Feb 2026,Not upheld,0,Clydesdale Bank Plc,Clydesdale Bank Plc,Virgin Money,High-street bank,Banking and Payments,Service & administration,Mr L complains that Clydesdale Bank Plc (trading as Virgin Money) reduced the credit limit on his card without giving him 30 days’ notice.,24,https://www.financial-ombudsman.org.uk/decision/DRN-5987286.pdf
DRN-5762153,2026-02-27,2026-01-01,Jan 2026 – Feb 2026,Not upheld,0,First Holiday Finance Ltd,First Holiday Finance Ltd,First Holiday Finance Ltd,Other lender / payment firm,Consumer Credit,Timeshare / unfair credit (s140A),"Mr H and Mrs P’s complaint is, in essence, that First Holiday Finance Ltd (the ‘Lender’) acted unfairly and unreasonably by (1) being party to an unfair credit relationship with them under Section 140A of the Consumer Credit Act 1974",40,https://www.financial-ombudsman.org.uk/decision/DRN-5762153.pdf
DRN-5802518,2026-02-27,2026-01-01,Jan 2026 – Feb 2026,Not upheld,0,Revolut Ltd,Revolut Ltd,Revolut,Digital bank / e-money,Banking and Payments,Scam / APP fraud,Miss Z complains that Revolut Ltd won’t refund money she lost when she was the victim of a scam.,19,https://www.financial-ombudsman.org.uk/decision/DRN-5802518.pdf
DRN-6186332,2026-02-27,2026-01-01,Jan 2026 – Feb 2026,Not upheld,0,Mitsubishi HC Capital UK Plc,Mitsubishi HC Capital UK Plc,Mitsubishi HC Capital UK Plc,Car & consumer finance,Consumer Credit,Service & administration,Ms S complained about the way Mitsubishi HC Capital UK PLC trading as Novuna Personal (Novuna) responded to a claim for flooring she bought using a fixed sum loan agreement.,30,https://www.financial-ombudsman.org.uk/decision/DRN-6186332.pdf
DRN-5995779,2026-02-27,2026-01-01,Jan 2026 – Feb 2026,Not upheld,0,Bank of Scotland Plc,Bank of Scotland Plc,Lloyds Banking Group,High-street bank,Banking and Payments,Credit file / debt / defaults,Mr L complains that Bank of Scotland plc (BOS) has refused to place a default on his account. He’s also unhappy that they’ve continued to report late payment information to the credit reference agencies.,34,https://www.financial-ombudsman.org.uk/decision/DRN-5995779.pdf
DRN-5899804,2026-02-27,2026-01-01,Jan 2026 – Feb 2026,Not upheld,0,Bank of Scotland Plc,Bank of Scotland Plc,Lloyds Banking Group,High-street bank,Banking and Payments,Refund claim (s75 / chargeback),Mrs H has complained about how Bank of Scotland trading as Halifax (Halifax) handled a refund claim she made.,19,https://www.financial-ombudsman.org.uk/decision/DRN-5899804.pdf
DRN-6185853,2026-02-27,2026-01-01,Jan 2026 – Feb 2026,Upheld,1,ZILCH TECHNOLOGY LIMITED,ZILCH TECHNOLOGY LIMITED,ZILCH TECHNOLOGY LIMITED,Other lender / payment firm,Banking and Payments,Account closure / fraud marker,Mrs W is unhappy that Zilch Technology Limited didn’t remove restrictions they’d placed on her account when she provided proof that they weren’t warranted.,24,https://www.financial-ombudsman.org.uk/decision/DRN-6185853.pdf
DRN-6186326,2026-02-27,2026-01-01,Jan 2026 – Feb 2026,Upheld,1,Clydesdale Bank Plc,Clydesdale Bank Plc,Virgin Money,High-street bank,Banking and Payments,Service & administration,Mr L complains Clydesdale Bank Plc trading as Virgin Money hasn’t calculated the interest on his ISA correctly. He’s also unhappy with delays.,23,https://www.financial-ombudsman.org.uk/decision/DRN-6186326.pdf
DRN-6112877,2026-02-27,2026-01-01,Jan 2026 – Feb 2026,Upheld,1,HSBC UK Bank Plc,HSBC UK Bank Plc,HSBC UK,High-street bank,Banking and Payments,Service & administration,Mr M complains about the treatment he received in branch from HSBC UK Bank plc (HSBC) when making a cash withdrawal.,21,https://www.financial-ombudsman.org.uk/decision/DRN-6112877.pdf
DRN-5739981,2026-02-27,2026-01-01,Jan 2026 – Feb 2026,Not upheld,0,Revolut Ltd,Revolut Ltd,Revolut,Digital bank / e-money,Banking and Payments,Scam / APP fraud,Mrs S complains that Revolut Ltd hasn’t reimbursed a payment made as part of a scam.,16,https://www.financial-ombudsman.org.uk/decision/DRN-5739981.pdf
DRN-6186434,2026-02-27,2026-01-01,Jan 2026 – Feb 2026,Not upheld,0,The Royal Bank of Scotland Plc,The Royal Bank of Scotland Plc,NatWest Group,High-street bank,Banking and Payments,Service & administration,The estate of Mrs V complains The Royal Bank of Scotland Plc hasn’t explained what happened to the money that was in the late Mrs V’s account or returned the money.,31,https://www.financial-ombudsman.org.uk/decision/DRN-6186434.pdf
DRN-6034872,2026-02-27,2026-01-01,Jan 2026 – Feb 2026,Not upheld,0,Black Horse Limited,Black Horse Limited,Lloyds Banking Group,High-street bank,Consumer Credit,Car finance - vehicle quality,Mrs B complains that a car supplied to her under a hire purchase agreement with Black Horse Limited was of unsatisfactory quality.,22,https://www.financial-ombudsman.org.uk/decision/DRN-6034872.pdf
DRN-6161740,2026-02-27,2026-01-01,Jan 2026 – Feb 2026,Not upheld,0,North Edinburgh and Castle Credit Union Limited,North Edinburgh and Castle Credit Union Limited,North Edinburgh and Castle Credit Union Limited,Other lender / payment firm,Consumer Credit,Irresponsible lending,Mr E complains North Edinburgh and Castle Credit Union Limited trading as Castle Community Bank (CCB) acted irresponsibly by providing him with a loan which was unaffordable for him.,29,https://www.financial-ombudsman.org.uk/decision/DRN-6161740.pdf
DRN-6174833,2026-02-27,2026-01-01,Jan 2026 – Feb 2026,Not upheld,0,Santander UK Plc,Santander UK Plc,Santander UK,High-street bank,Banking and Payments,Service & administration,"T, a limited company, complains about the blocks Santander UK Plc applied to its account between December 2024 and March 2025.",21,https://www.financial-ombudsman.org.uk/decision/DRN-6174833.pdf
DRN-5996689,2026-02-27,2026-01-01,Jan 2026 – Feb 2026,Upheld,1,Mitsubishi HC Capital UK Plc,Mitsubishi HC Capital UK Plc,Mitsubishi HC Capital UK Plc,Car & consumer finance,Consumer Credit,Car finance - vehicle quality,Mrs H complains that a car supplied under a hire agreement with Mitsubishi HC Capital UK PLC trading as Novuna Vehicle Solutions (Novuna) was of unsatisfactory quality.,27,https://www.financial-ombudsman.org.uk/decision/DRN-5996689.pdf
DRN-6018205,2026-02-27,2026-01-01,Jan 2026 – Feb 2026,Not upheld,0,Startline Motor Finance Limited,Startline Motor Finance Limited,Startline Motor Finance Limited,Car & consumer finance,Consumer Credit,Car finance - vehicle quality,Mr H complains about the quality of a vehicle he acquired through a hire purchase agreement financed by Startline Motor Finance Limited (SMF).,23,https://www.financial-ombudsman.org.uk/decision/DRN-6018205.pdf
DRN-5668029,2026-02-27,2026-01-01,Jan 2026 – Feb 2026,Not upheld,0,Nationwide Building Society,Nationwide Building Society,Nationwide,High-street bank,Banking and Payments,Scam / APP fraud,Mr P has complained that Nationwide Building Society (Nationwide) won’t refund money he lost to a scam.,17,https://www.financial-ombudsman.org.uk/decision/DRN-5668029.pdf
DRN-6123729,2026-02-27,2026-01-01,Jan 2026 – Feb 2026,Upheld,1,American Express Services Europe Limited,American Express Services Europe Limited,American Express Services Europe Limited,Other lender / payment firm,Banking and Payments,Credit file / debt / defaults,Mr K complains that American Express Services Europe Limited (Amex) unfairly recorded late payment markers against his credit file while he was on a payment break.,26,https://www.financial-ombudsman.org.uk/decision/DRN-6123729.pdf
DRN-5668160,2026-02-27,2026-01-01,Jan 2026 – Feb 2026,Not upheld,0,Revolut Ltd,Revolut Ltd,Revolut,Digital bank / e-money,Banking and Payments,Scam / APP fraud,Mr P fell victim to a job scam and is unhappy that Revolut Ltd (Revolut) won’t refund the money he lost to the scam.,24,https://www.financial-ombudsman.org.uk/decision/DRN-5668160.pdf
DRN-5956552,2026-02-27,2026-01-01,Jan 2026 – Feb 2026,Not upheld,0,Toyota Financial Services (UK) Plc,Toyota Financial Services (UK) Plc,Toyota Financial Services (UK) Plc,Car & consumer finance,Consumer Credit,Account closure / fraud marker,"Mr P complains about some information recorded by Toyota Financial Services (UK) PLC, on a national fraud database.",18,https://www.financial-ombudsman.org.uk/decision/DRN-5956552.pdf
DRN-5969531,2026-02-27,2026-01-01,Jan 2026 – Feb 2026,Not upheld,0,Barclays Bank UK PLC,Barclays Bank UK PLC,Barclays,High-street bank,Banking and Payments,Service & administration,Mrs P complains that Barclays Bank UK PLC trading as Tesco Bank (‘Tesco Bank’) wouldn’t accept digital proof to make changes on her account.,24,https://www.financial-ombudsman.org.uk/decision/DRN-5969531.pdf
DRN-5987244,2026-02-27,2026-01-01,Jan 2026 – Feb 2026,Not upheld,0,Lloyds Bank PLC,Lloyds Bank PLC,Lloyds Banking Group,High-street bank,Banking and Payments,Refund claim (s75 / chargeback),Miss B is unhappy with the way Lloyds Bank Plc managed her current account when she tried to claim a refund via chargeback.,23,https://www.financial-ombudsman.org.uk/decision/DRN-5987244.pdf
DRN-6063337,2026-02-27,2026-01-01,Jan 2026 – Feb 2026,Not upheld,0,American Express Services Europe Limited,American Express Services Europe Limited,American Express Services Europe Limited,Other lender / payment firm,Banking and Payments,"Mis-selling, fees & charges",Miss S says AMERICAN EXPRESS SERVICES EUROPE LIMITED (AMERICAN EXPRESS) misinformed and misled her into paying high interest on credit.,20,https://www.financial-ombudsman.org.uk/decision/DRN-6063337.pdf
DRN-5734493,2026-02-27,2026-01-01,Jan 2026 – Feb 2026,Not upheld,0,Barclays Bank UK PLC,Barclays Bank UK PLC,Barclays,High-street bank,Banking and Payments,Scam / APP fraud,Mr W is unhappy Barclays Bank UK PLC (“Barclays”) hasn’t reimbursed him after he fell victim to an investment scam.,20,https://www.financial-ombudsman.org.uk/decision/DRN-5734493.pdf
DRN-5987231,2026-02-27,2026-01-01,Jan 2026 – Feb 2026,Not upheld,0,Revolut Ltd,Revolut Ltd,Revolut,Digital bank / e-money,Banking and Payments,Refund claim (s75 / chargeback),Miss B is unhappy Revolut Ltd reserved funds from her e-money account when she tried to claim a refund via chargeback.,21,https://www.financial-ombudsman.org.uk/decision/DRN-5987231.pdf
DRN-6121328,2026-02-27,2026-01-01,Jan 2026 – Feb 2026,Not upheld,0,Clydesdale Financial Services Limited,Clydesdale Financial Services Limited,Barclays,High-street bank,Consumer Credit,Timeshare / unfair credit (s140A),"Mrs T’s complaint is, in essence, that Clydesdale Financial Services Limited trading as Barclays Partner Finance (the ‘Lender’) acted unfairly and unreasonably by (1) being party to an unfair credit relationship with them under Section 140A",36,https://www.financial-ombudsman.org.uk/decision/DRN-6121328.pdf
DRN-6186205,2026-02-27,2026-01-01,Jan 2026 – Feb 2026,Not upheld,0,First Holiday Finance Ltd,First Holiday Finance Ltd,First Holiday Finance Ltd,Other lender / payment firm,Consumer Credit,Timeshare / unfair credit (s140A),"Miss O and Mrs R’s complaint is, in essence, that First Holiday Finance Ltd (the ‘Lender’) acted unfairly and unreasonably by (1) being party to an unfair credit relationship with them under Section 140A of the Consumer Credit Act 1974",40,https://www.financial-ombudsman.org.uk/decision/DRN-6186205.pdf
DRN-6186968,2026-02-27,2026-01-01,Jan 2026 – Feb 2026,Not upheld,0,Shawbrook Bank Limited,Shawbrook Bank Limited,Shawbrook Bank Limited,Other lender / payment firm,Consumer Credit,Timeshare / unfair credit (s140A),"Mr I and Ms F’s complaint is, in essence, that Shawbrook Bank Limited (the ‘Lender’) acted unfairly and unreasonably by (1) being party to unfair credit relationships with them under Section 140A of the Consumer Credit Act 1974",38,https://www.financial-ombudsman.org.uk/decision/DRN-6186968.pdf
DRN-5843403,2026-02-27,2026-01-01,Jan 2026 – Feb 2026,Not upheld,0,Barclays Bank UK PLC,Barclays Bank UK PLC,Barclays,High-street bank,Banking and Payments,Scam / APP fraud,Mr S complains that he received a notification from Barclays Bank UK PLC trading as Barclaycard advising him that he was close to his credit limit. He’s unhappy that he couldn’t see his recent transactions on the app.,38,https://www.financial-ombudsman.org.uk/decision/DRN-5843403.pdf
DRN-6186936,2026-02-27,2026-01-01,Jan 2026 – Feb 2026,Upheld,1,American Express Services Europe Limited,American Express Services Europe Limited,American Express Services Europe Limited,Other lender / payment firm,Banking and Payments,"Mis-selling, fees & charges",Mr O complains AMERICAN EXPRESS SERVICES EUROPE LIMITED (AMERICAN EXPRESS) failed to apply a promotional offer to his credit card.,20,https://www.financial-ombudsman.org.uk/decision/DRN-6186936.pdf
DRN-6058619,2026-02-27,2026-01-01,Jan 2026 – Feb 2026,Upheld,1,EE Limited,EE Limited,EE Limited,Other lender / payment firm,Consumer Credit,Service & administration,"Mr T complains about a fixed sum loan agreement in his name with EE Limited, that was used to buy a brand new mobile telephone device.",26,https://www.financial-ombudsman.org.uk/decision/DRN-6058619.pdf
DRN-6177304,2026-02-27,2026-01-01,Jan 2026 – Feb 2026,Not upheld,0,ClearBank Limited,ClearBank Limited,ClearBank Limited,Other lender / payment firm,Banking and Payments,Account closure / fraud marker,Mr A complains that Tide Platform Limited (‘Tide’) registered a Cifas marker against him without due cause.,17,https://www.financial-ombudsman.org.uk/decision/DRN-6177304.pdf
DRN-5790785,2026-02-27,2026-01-01,Jan 2026 – Feb 2026,Not upheld,0,Shawbrook Bank Limited,Shawbrook Bank Limited,Shawbrook Bank Limited,Other lender / payment firm,Consumer Credit,Timeshare / unfair credit (s140A),Mrs C complains Shawbrook Bank Limited (the ”Lender”) has failed to honour a claim brought under Section 75 of the Consumer Credit Act 1974 (“CCA”) and participated in an unfair credit relationship with her within the meaning of Section 140A of the CCA.,43,https://www.financial-ombudsman.org.uk/decision/DRN-5790785.pdf
DRN-6188326,2026-02-27,2026-01-01,Jan 2026 – Feb 2026,Upheld,1,Santander UK Plc,Santander UK Plc,Santander UK,High-street bank,Banking and Payments,Service & administration,"Miss H has complained that money, which was accidentally paid into a Junior ISA (“JISA”), has not be returned to her.",21,https://www.financial-ombudsman.org.uk/decision/DRN-6188326.pdf
DRN-6117878,2026-02-27,2026-01-01,Jan 2026 – Feb 2026,Not upheld,0,PayPal UK Ltd,PayPal UK Ltd,PayPal UK Ltd,Other lender / payment firm,Banking and Payments,Irresponsible lending,Miss T complains that PayPal Uk Ltd (‘PayPal’) irresponsibly granted her a credit card she couldn’t afford to repay.,19,https://www.financial-ombudsman.org.uk/decision/DRN-6117878.pdf
DRN-5858972,2026-02-27,2026-01-01,Jan 2026 – Feb 2026,Not upheld,0,Brent Shrine Credit Union Limited,Brent Shrine Credit Union Limited,Brent Shrine Credit Union Limited,Other lender / payment firm,Consumer Credit,Irresponsible lending,Mrs P complains Brent Shrine Credit Union Limited trading as My Community Bank (MCB) acted irresponsibly by lending to her.,20,https://www.financial-ombudsman.org.uk/decision/DRN-5858972.pdf
DRN-6161942,2026-02-27,2026-01-01,Jan 2026 – Feb 2026,Upheld,1,The Mortgage Works (UK) Plc,The Mortgage Works (UK) Plc,Nationwide,High-street bank,Mortgages,Mortgage,Mr K complains about problems and delays by The Mortgage Works (UK) Plc regarding a part redemption of a commercial mortgage to allow him to sell part of the security property.,31,https://www.financial-ombudsman.org.uk/decision/DRN-6161942.pdf
DRN-5719687,2026-02-27,2026-01-01,Jan 2026 – Feb 2026,Upheld,1,HSBC UK Bank Plc,HSBC UK Bank Plc,HSBC UK,High-street bank,Banking and Payments,Scam / APP fraud,"Mr E complains on behalf of E, a limited company, that HSBC UK Bank Plc didn’t reimburse it after it reported falling victim to an investment scam.",27,https://www.financial-ombudsman.org.uk/decision/DRN-5719687.pdf
DRN-6096286,2026-02-27,2026-01-01,Jan 2026 – Feb 2026,Not upheld,0,BMW Financial Services (GB) Limited,BMW Financial Services (GB) Limited,BMW Financial Services (GB) Limited,Car & consumer finance,Consumer Credit,Service & administration,Ms R complains about how she’s been dealt when trying to action the end of her contract with BMW FINANCIAL SERVICES (GB) LIMITED trading as ALPHERA Financial Services (“Alphera”).,29,https://www.financial-ombudsman.org.uk/decision/DRN-6096286.pdf
DRN-6061177,2026-02-27,2026-01-01,Jan 2026 – Feb 2026,Not upheld,0,HSBC UK Bank Plc,HSBC UK Bank Plc,HSBC UK,High-street bank,Banking and Payments,"Mis-selling, fees & charges",Mr M complains about HSBC UK Bank Plc trading as ‘First Direct’. He says that First Direct mis-informed him when he made a payment to his credit card account which led to him being debited twice.,36,https://www.financial-ombudsman.org.uk/decision/DRN-6061177.pdf
DRN-6027034,2026-02-27,2026-01-01,Jan 2026 – Feb 2026,Not upheld,0,American Express Services Europe Limited,American Express Services Europe Limited,American Express Services Europe Limited,Other lender / payment firm,Banking and Payments,Service & administration,Mr B has complained about the service received from American Express Services Europe Limited (AESEL).,15,https://www.financial-ombudsman.org.uk/decision/DRN-6027034.pdf
DRN-6110916,2026-02-27,2026-01-01,Jan 2026 – Feb 2026,Not upheld,0,Shawbrook Bank Limited,Shawbrook Bank Limited,Shawbrook Bank Limited,Other lender / payment firm,Consumer Credit,Timeshare / unfair credit (s140A),"Mrs P’s complaint is, in essence, that Shawbrook Bank Limited (the ‘Lender’) acted unfairly and unreasonably by (1) being party to an unfair credit relationship with her under Section 140A of the Consumer Credit Act 1974",36,https://www.financial-ombudsman.org.uk/decision/DRN-6110916.pdf
DRN-6148606,2026-02-27,2026-01-01,Jan 2026 – Feb 2026,Upheld,1,EE Limited,EE Limited,EE Limited,Other lender / payment firm,Consumer Credit,Service & administration,Mr W complains that EE Limited did not honour an agreement he’d signed enabling him to purchase a phone on credit.,21,https://www.financial-ombudsman.org.uk/decision/DRN-6148606.pdf
DRN-6166654,2026-02-27,2026-01-01,Jan 2026 – Feb 2026,Not upheld,0,HSBC UK Bank Plc,HSBC UK Bank Plc,HSBC UK,High-street bank,Banking and Payments,Scam / APP fraud,Ms L complains HSBC UK Bank Plc didn’t protect her as it should have when she fell victim to a romance scam.,22,https://www.financial-ombudsman.org.uk/decision/DRN-6166654.pdf
DRN-6122941,2026-02-27,2026-01-01,Jan 2026 – Feb 2026,Not upheld,0,NATIONAL WESTMINSTER BANK PUBLIC LIMITED COMPANY,National Westminster Bank Plc,NatWest Group,High-street bank,Banking and Payments,Scam / APP fraud,Mr L is unhappy that National Westminster Bank Public Limited Company (“NatWest”) didn’t reimburse him after he reported falling victim to two investment scams.,24,https://www.financial-ombudsman.org.uk/decision/DRN-6122941.pdf
DRN-5944302,2026-02-27,2026-01-01,Jan 2026 – Feb 2026,Not upheld,0,Tandem Bank Limited,Tandem Bank Limited,Tandem Bank Limited,Other lender / payment firm,Consumer Credit,Timeshare / unfair credit (s140A),"Mr B’s complaint is, in essence, that Tandem Personal Loan Ltd (the ‘Lender’) acted unfairly and unreasonably by (1) being party to an unfair credit relationship with them under Section 140A of the Consumer Credit Act 1974",37,https://www.financial-ombudsman.org.uk/decision/DRN-5944302.pdf
DRN-5908628,2026-02-27,2026-01-01,Jan 2026 – Feb 2026,Not upheld,0,Revolut Ltd,Revolut Ltd,Revolut,Digital bank / e-money,Banking and Payments,Scam / APP fraud,Mr M is unhappy that Revolut Ltd failed to sufficiently intervene causing him to fall victim to what he argues was an authorised push payment (APP) investment scam.,28,https://www.financial-ombudsman.org.uk/decision/DRN-5908628.pdf
DRN-6065226,2026-02-27,2026-01-01,Jan 2026 – Feb 2026,Not upheld,0,Shawbrook Bank Limited,Shawbrook Bank Limited,Shawbrook Bank Limited,Other lender / payment firm,Consumer Credit,Timeshare / unfair credit (s140A),"Mr B and Ms W’s complaint is, in essence, that Shawbrook Bank Limited (the ‘Lender’) acted unfairly and unreasonably by (1) being party to an unfair credit relationship with them under section 140A of the Consumer Credit Act 1974",39,https://www.financial-ombudsman.org.uk/decision/DRN-6065226.pdf
DRN-5999476,2026-02-27,2026-01-01,Jan 2026 – Feb 2026,Not upheld,0,Monzo Bank Ltd,Monzo Bank Ltd,Monzo,Digital bank / e-money,Banking and Payments,Service & administration,Mr S complains that Monzo Bank Ltd (Monzo) has treated him unfairly in relation to its obligations with regard to a payment he made using his debit card.,28,https://www.financial-ombudsman.org.uk/decision/DRN-5999476.pdf
DRN-5855377,2026-02-27,2026-01-01,Jan 2026 – Feb 2026,Not upheld,0,Revolut Ltd,Revolut Ltd,Revolut,Digital bank / e-money,Banking and Payments,Scam / APP fraud,Ms M complains that Revolut Ltd won’t refund money she says she lost when she was a victim of a scam,21,https://www.financial-ombudsman.org.uk/decision/DRN-5855377.pdf
DRN-6151746,2026-02-27,2026-01-01,Jan 2026 – Feb 2026,Not upheld,0,Bank of Scotland Plc,Bank of Scotland Plc,Lloyds Banking Group,High-street bank,Banking and Payments,Scam / APP fraud,"Mr L, has complained that Bank of Scotland plc trading as Halifax (“Halifax”) failed to refund the money he lost as part of an investment scam.",26,https://www.financial-ombudsman.org.uk/decision/DRN-6151746.pdf
DRN-6187902,2026-02-27,2026-01-01,Jan 2026 – Feb 2026,Not upheld,0,Shawbrook Bank Limited,Shawbrook Bank Limited,Shawbrook Bank Limited,Other lender / payment firm,Consumer Credit,Timeshare / unfair credit (s140A),"Mr and Mrs S’s complaint is, in essence, that Shawbrook Bank Ltd (the ‘Lender’) acted unfairly and unreasonably by (1) being party to an unfair credit relationship with them under Section 140A of the Consumer Credit Act 1974",38,https://www.financial-ombudsman.org.uk/decision/DRN-6187902.pdf
DRN-6188102,2026-02-27,2026-01-01,Jan 2026 – Feb 2026,Upheld,1,Santander UK Plc,Santander UK Plc,Santander UK,High-street bank,Banking and Payments,Scam / APP fraud,Mrs P complains about Santander UK Plc. She says that she has been the victim of a scam and would like Santander to refund her loss.,26,https://www.financial-ombudsman.org.uk/decision/DRN-6188102.pdf
DRN-6045772,2026-02-27,2026-01-01,Jan 2026 – Feb 2026,Not upheld,0,Mitsubishi HC Capital UK Plc,Mitsubishi HC Capital UK Plc,Mitsubishi HC Capital UK Plc,Car & consumer finance,Consumer Credit,Timeshare / unfair credit (s140A),"Mr C’s complaint is, in essence, that Mitsubishi HC Capital UK PLC trading as Novuna Consumer Finance (the ‘Lender’) acted unfairly and unreasonably by (1) being party to an unfair credit relationship with him under Section 140A of the Consumer Credit Act 1974",43,https://www.financial-ombudsman.org.uk/decision/DRN-6045772.pdf
DRN-6018634,2026-02-27,2026-01-01,Jan 2026 – Feb 2026,Upheld,1,Blue Motor Finance Limited,Blue Motor Finance Limited,Blue Motor Finance Limited,Car & consumer finance,Consumer Credit,Car finance - vehicle quality,Miss V complains about the quality of a vehicle that was supplied through a motor finance agreement with BLUE MOTOR FINANCE LIMITED (BMF).,23,https://www.financial-ombudsman.org.uk/decision/DRN-6018634.pdf
DRN-6098188,2026-02-27,2026-01-01,Jan 2026 – Feb 2026,Not upheld,0,Volkswagen Financial Services (UK) Limited,Volkswagen Financial Services (UK) Limited,Volkswagen Financial Services (UK) Limited,Car & consumer finance,Consumer Credit,Service & administration,Mr E is unhappy with the administration of a hire purchase agreement provided by Volkswagen Financial Services (UK) Limited trading as Audi Financial Services (‘VWFS’).,25,https://www.financial-ombudsman.org.uk/decision/DRN-6098188.pdf
DRN-6069048,2026-02-27,2026-01-01,Jan 2026 – Feb 2026,Not upheld,0,Chetwood Financial Limited,Chetwood Financial Limited,Chetwood Financial Limited,Other lender / payment firm,Consumer Credit,Service & administration,Ms M complains that Chetwood Financial Limited trading as “BetterBorrow” hasn’t treated her with forbearance in relation to a loan account she has with it.,25,https://www.financial-ombudsman.org.uk/decision/DRN-6069048.pdf
DRN-6186470,2026-02-27,2026-01-01,Jan 2026 – Feb 2026,Upheld,1,Shawbrook Bank Limited,Shawbrook Bank Limited,Shawbrook Bank Limited,Other lender / payment firm,Consumer Credit,Timeshare / unfair credit (s140A),"Miss I complaint is, in essence, that Shawbrook Bank Limited (the ‘Lender’) acted unfairly and unreasonably by (1) being party to an unfair credit relationship with her under Section 140A of the Consumer Credit Act 1974",36,https://www.financial-ombudsman.org.uk/decision/DRN-6186470.pdf
DRN-6187856,2026-02-27,2026-01-01,Jan 2026 – Feb 2026,Not upheld,0,Monzo Bank Ltd,Monzo Bank Ltd,Monzo,Digital bank / e-money,Banking and Payments,Refund claim (s75 / chargeback),Mr B complains that Monzo Bank Ltd (Monzo) won’t refund the money he lost when he used a non-UK gambling site.,21,https://www.financial-ombudsman.org.uk/decision/DRN-6187856.pdf
DRN-5979607,2026-02-27,2026-01-01,Jan 2026 – Feb 2026,Not upheld,0,Santander Consumer (UK) Plc,Santander Consumer (UK) Plc,Santander UK,High-street bank,Consumer Credit,"Mis-selling, fees & charges",Mr T complains that Santander Consumer (UK) Plc trading as MG Motor Financial Services (Santander) mis-sold his motor finance agreement to him.,22,https://www.financial-ombudsman.org.uk/decision/DRN-5979607.pdf
DRN-5918836,2026-02-27,2026-01-01,Jan 2026 – Feb 2026,Not upheld,0,Lloyds Bank PLC,Lloyds Bank PLC,Lloyds Banking Group,High-street bank,Banking and Payments,Scam / APP fraud,Ms L complains about Lloyds Bank PLC. She is unhappy that Lloyds has applied a £100 excess to the refund it provided her when she was unfortunately the victim of a scam.,32,https://www.financial-ombudsman.org.uk/decision/DRN-5918836.pdf
DRN-6026839,2026-02-27,2026-01-01,Jan 2026 – Feb 2026,Upheld,1,Yorkshire Building Society,Yorkshire Building Society,Yorkshire Building Society,Other lender / payment firm,Banking and Payments,Service & administration,"Mr F complains that Yorkshire Building Society (YBS) delayed in processing his application for a cash ISA, as a result of which he was unable to invest it in time for the tax year 2024-25.",35,https://www.financial-ombudsman.org.uk/decision/DRN-6026839.pdf
DRN-6187884,2026-02-27,2026-01-01,Jan 2026 – Feb 2026,Not upheld,0,Shawbrook Bank Limited,Shawbrook Bank Limited,Shawbrook Bank Limited,Other lender / payment firm,Consumer Credit,Timeshare / unfair credit (s140A),"Mr S’s complaint is, in essence, that Shawbrook Bank Limited (the ‘Lender’) acted unfairly and unreasonably by (1) being party to an unfair credit relationship with him under Section 140A of the Consumer Credit Act 1974",36,https://www.financial-ombudsman.org.uk/decision/DRN-6187884.pdf
DRN-6026605,2026-02-27,2026-01-01,Jan 2026 – Feb 2026,Not upheld,0,Advantage Finance Ltd,Advantage Finance Limited,Advantage Finance Limited,Other lender / payment firm,Consumer Credit,Service & administration,Miss C complains that a car she acquired on a hire purchase agreement with Advantage Finance Ltd was still subject to a finance marker from another company.,27,https://www.financial-ombudsman.org.uk/decision/DRN-6026605.pdf
DRN-6188189,2026-02-27,2026-01-01,Jan 2026 – Feb 2026,Not upheld,0,Shawbrook Bank Limited,Shawbrook Bank Limited,Shawbrook Bank Limited,Other lender / payment firm,Consumer Credit,Timeshare / unfair credit (s140A),"Mr and Mrs A’s complaint is, in essence, that Shawbrook Bank Limited (the ‘Lender’) acted unfairly and unreasonably by (1) being party to an unfair credit relationship with them under Section 140A of the Consumer Credit Act 1974",38,https://www.financial-ombudsman.org.uk/decision/DRN-6188189.pdf
DRN-6105839,2026-02-27,2026-01-01,Jan 2026 – Feb 2026,Not upheld,0,Volkswagen Financial Services (UK) Limited,Volkswagen Financial Services (UK) Limited,Volkswagen Financial Services (UK) Limited,Car & consumer finance,Consumer Credit,Car finance - vehicle quality,Mr G complains about the quality of a vehicle he acquired through a hire purchase agreement financed by Volkswagen Financial Services UK Limited (VWFS).,24,https://www.financial-ombudsman.org.uk/decision/DRN-6105839.pdf
DRN-6049972,2026-02-27,2026-01-01,Jan 2026 – Feb 2026,Not upheld,0,Coventry Building Society,Coventry Building Society,Coventry Building Society,Other lender / payment firm,Banking and Payments,Service & administration,Mr G complains about the actions of Coventry Building Society (Coventry) after the maturity of a Junior Individual Savings Account (JISA).,21,https://www.financial-ombudsman.org.uk/decision/DRN-6049972.pdf
DRN-6181739,2026-02-27,2026-01-01,Jan 2026 – Feb 2026,Upheld,1,Mercedes-Benz Financial Services UK Limited,Mercedes-Benz Financial Services UK Limited,Mercedes-Benz Financial Services UK Limited,Car & consumer finance,Consumer Credit,Car finance - vehicle quality,Mr T’s complaint relates to problems he had with a car supplied to him by MBFS under a personal contract plan (PCP).,22,https://www.financial-ombudsman.org.uk/decision/DRN-6181739.pdf
DRN-5907910,2026-02-27,2026-01-01,Jan 2026 – Feb 2026,Upheld,1,Hutchison 3G UK Limited,Hutchison 3G UK Limited,Hutchison 3G UK Limited,Other lender / payment firm,Consumer Credit,Service & administration,Mr Z complained about the way Hutchison 3G UK Limited trading as Three (“Three”) administered a fixed sum loan agreement he’d taken out to buy a phone.,27,https://www.financial-ombudsman.org.uk/decision/DRN-5907910.pdf
DRN-6077587,2026-02-27,2026-01-01,Jan 2026 – Feb 2026,Not upheld,0,Revolut Ltd,Revolut Ltd,Revolut,Digital bank / e-money,Banking and Payments,Scam / APP fraud,Mr A complains that Revolut Ltd hasn’t reimbursed payments he made as part of a scam.,16,https://www.financial-ombudsman.org.uk/decision/DRN-6077587.pdf
DRN-6123052,2026-04-30,2026-03-01,Mar 2026 – Apr 2026,Upheld,1,eToro Money UK Ltd,eToro Money UK Ltd,eToro Money UK Ltd,Other lender / payment firm,Banking and Payments,Unauthorised transactions,Mrs W has complained eToro Money UK Ltd won’t refund her for two transactions she didn’t authorise.,17,https://www.financial-ombudsman.org.uk/decision/DRN-6123052.pdf
DRN-6033110,2026-04-30,2026-03-01,Mar 2026 – Apr 2026,Not upheld,0,Revolut Ltd,Revolut Ltd,Revolut,Digital bank / e-money,Banking and Payments,Scam / APP fraud,Mrs K complains Revolut Ltd (Revolut) won’t refund money she says she lost as part of an investment scam.,19,https://www.financial-ombudsman.org.uk/decision/DRN-6033110.pdf
DRN-6295017,2026-04-30,2026-03-01,Mar 2026 – Apr 2026,Not upheld,0,MONZO BANK LIMITED,Monzo Bank Ltd,Monzo,Digital bank / e-money,Banking and Payments,Refund claim (s75 / chargeback),Miss G complains about a dispute she raised with Monzo Bank Limited which wasn’t upheld.,15,https://www.financial-ombudsman.org.uk/decision/DRN-6295017.pdf
DRN-5996213,2026-04-30,2026-03-01,Mar 2026 – Apr 2026,Not upheld,0,GVS Prepaid Limited,GVS Prepaid Limited,GVS Prepaid Limited,Other lender / payment firm,Banking and Payments,"Mis-selling, fees & charges",Mr B complains that GVS Prepaid Limited (‘GVS’) failed to provide refunds on a number of gift cards he purchased and provided misleading and contradictory information about the fees it charges to combine cards.,34,https://www.financial-ombudsman.org.uk/decision/DRN-5996213.pdf
DRN-6174775,2026-04-30,2026-03-01,Mar 2026 – Apr 2026,Not upheld,0,Barclays Bank UK PLC,Barclays Bank UK PLC,Barclays,High-street bank,Banking and Payments,Account closure / fraud marker,Mrs B complains that Barclays Bank UK PLC blocked her account and didn’t allow her access to her funds. They haven’t allowed the Lasting Power of Attorney (LPA) to operate.,30,https://www.financial-ombudsman.org.uk/decision/DRN-6174775.pdf
DRN-6277983,2026-04-30,2026-03-01,Mar 2026 – Apr 2026,Not upheld,0,Secure Trust Bank Public Limited Company,Secure Trust Bank Public Limited Company,Secure Trust Bank Public Limited Company,Other lender / payment firm,Consumer Credit,Credit file / debt / defaults,Mrs F complains that SECURE TRUST BANK PUBLIC LIMITED COMPANY trading as Moneyway treated her unfairly during a period of financial difficulty with regards to a hire purchase agreement.,29,https://www.financial-ombudsman.org.uk/decision/DRN-6277983.pdf
DRN-6188871,2026-04-30,2026-03-01,Mar 2026 – Apr 2026,Not upheld,0,Nationwide Building Society,Nationwide Building Society,Nationwide,High-street bank,Banking and Payments,Credit file / debt / defaults,Mr B complains about defaults recorded on his credit file by Nationwide Building Society.,14,https://www.financial-ombudsman.org.uk/decision/DRN-6188871.pdf
DRN-6311803,2026-04-30,2026-03-01,Mar 2026 – Apr 2026,Not upheld,0,Vanquis Bank Limited,Vanquis Bank Limited,Vanquis Bank Limited,Other lender / payment firm,Banking and Payments,Service & administration,Mr M complains about a call he made to Vanquis Bank Limited.,12,https://www.financial-ombudsman.org.uk/decision/DRN-6311803.pdf
DRN-6260363,2026-04-30,2026-03-01,Mar 2026 – Apr 2026,Not upheld,0,Nationwide Building Society,Nationwide Building Society,Nationwide,High-street bank,Banking and Payments,Account closure / fraud marker,Ms M complains Nationwide Building Society unfairly restricted access to the accounts she holds with them.,16,https://www.financial-ombudsman.org.uk/decision/DRN-6260363.pdf
DRN-6154079,2026-04-30,2026-03-01,Mar 2026 – Apr 2026,Not upheld,0,Clydesdale Bank Plc,Clydesdale Bank Plc,Virgin Money,High-street bank,Banking and Payments,Account closure / fraud marker,"Mr R has complained Clydesdale Bank plc, trading as Virgin Money lodged a fraud-related marker on the industry fraud database, CIFAS, in his name.",24,https://www.financial-ombudsman.org.uk/decision/DRN-6154079.pdf
DRN-6323612,2026-04-30,2026-03-01,Mar 2026 – Apr 2026,Not upheld,0,Revolut Ltd,Revolut Ltd,Revolut,Digital bank / e-money,Banking and Payments,Scam / APP fraud,Ms W complains that Revolut Ltd won’t refund money she says she lost when she was a victim of a scam.,21,https://www.financial-ombudsman.org.uk/decision/DRN-6323612.pdf
DRN-6017570,2026-04-30,2026-03-01,Mar 2026 – Apr 2026,Not upheld,0,ZILCH TECHNOLOGY LIMITED,ZILCH TECHNOLOGY LIMITED,ZILCH TECHNOLOGY LIMITED,Other lender / payment firm,Consumer Credit,Credit file / debt / defaults,Mr S complains about information reported on his credit file by Zilch Technology Limited.,14,https://www.financial-ombudsman.org.uk/decision/DRN-6017570.pdf
DRN-6288580,2026-04-30,2026-03-01,Mar 2026 – Apr 2026,Upheld,1,Blue Motor Finance Limited,Blue Motor Finance Limited,Blue Motor Finance Limited,Car & consumer finance,Consumer Credit,Car finance - vehicle quality,Mr M complains that a used car he purchased via a hire purchase agreement with Blue Motor Finance Limited wasn’t of satisfactory quality.,23,https://www.financial-ombudsman.org.uk/decision/DRN-6288580.pdf
DRN-6248944,2026-04-30,2026-03-01,Mar 2026 – Apr 2026,Not upheld,0,Close Brothers Limited,Close Brothers Limited,Close Brothers Limited,Other lender / payment firm,Consumer Credit,Service & administration,Mr R complains that Close Brothers Limited trading as Close Brothers Motor Finance (‘Close Brothers’) have recorded a deposit was paid towards his finance agreement when that wasn’t the case.,30,https://www.financial-ombudsman.org.uk/decision/DRN-6248944.pdf
DRN-6276139,2026-04-30,2026-03-01,Mar 2026 – Apr 2026,Not upheld,0,Revolut Ltd,Revolut Ltd,Revolut,Digital bank / e-money,Banking and Payments,Scam / APP fraud,Mrs D complains that Revolut Ltd (“Revolut”) have failed to refund the money she lost as part of a scam.,20,https://www.financial-ombudsman.org.uk/decision/DRN-6276139.pdf
DRN-6273355,2026-04-30,2026-03-01,Mar 2026 – Apr 2026,Not upheld,0,Revolut Ltd,Revolut Ltd,Revolut,Digital bank / e-money,Banking and Payments,Scam / APP fraud,"Mr A, via a representative, has complained that Revolut Ltd (“Revolut”) failed to refund the money he lost as part of a scam.",23,https://www.financial-ombudsman.org.uk/decision/DRN-6273355.pdf
DRN-6222607,2026-04-30,2026-03-01,Mar 2026 – Apr 2026,Not upheld,0,Plata Finance Limited,Plata Finance Limited,Plata Finance Limited,Other lender / payment firm,Consumer Credit,Irresponsible lending,Miss K complains Plata Finance Limited irresponsibly lent to her.,10,https://www.financial-ombudsman.org.uk/decision/DRN-6222607.pdf
DRN-6205367,2026-04-30,2026-03-01,Mar 2026 – Apr 2026,Not upheld,0,J.P. Morgan Europe Limited,J.P. Morgan Europe Limited,Chase UK,Digital bank / e-money,Banking and Payments,Account closure / fraud marker,"Miss T complains that J. P. Morgan Europe Limited trading as Chase (Chase) unfairly registered a marker about her at Cifas, the national fraud database.",25,https://www.financial-ombudsman.org.uk/decision/DRN-6205367.pdf
DRN-6063779,2026-04-30,2026-03-01,Mar 2026 – Apr 2026,Not upheld,0,Santander UK Plc,Santander UK Plc,Santander UK,High-street bank,Banking and Payments,Scam / APP fraud,Miss H complains that Santander UK Plc won’t refund the money she says she lost to a scam.,18,https://www.financial-ombudsman.org.uk/decision/DRN-6063779.pdf
DRN-5919390,2026-04-30,2026-03-01,Mar 2026 – Apr 2026,Not upheld,0,Barclays Bank UK PLC,Barclays Bank UK PLC,Barclays,High-street bank,Banking and Payments,Scam / APP fraud,Mr O is unhappy that Barclays Bank UK Plc didn’t reimburse him after he reported falling victim to a romance scam.,21,https://www.financial-ombudsman.org.uk/decision/DRN-5919390.pdf
DRN-5863665,2026-04-30,2026-03-01,Mar 2026 – Apr 2026,Not upheld,0,The Enterprise Fund Limited,The Enterprise Fund Limited,The Enterprise Fund Limited,Other lender / payment firm,Banking and Payments,Irresponsible lending,"Mrs S, a sole trader, complains that The Enterprise Fund Limited trading as GC Business Finance (TEF) lent to her irresponsibly.",21,https://www.financial-ombudsman.org.uk/decision/DRN-5863665.pdf
DRN-6114469,2026-04-30,2026-03-01,Mar 2026 – Apr 2026,Not upheld,0,HSBC UK Bank Plc,HSBC UK Bank Plc,HSBC UK,High-street bank,Mortgages,Service & administration,Mr and Mrs T complain that HSBC UK Bank Plc failed to put in place the rate switch they’d requested.,20,https://www.financial-ombudsman.org.uk/decision/DRN-6114469.pdf
DRN-6276096,2026-04-30,2026-03-01,Mar 2026 – Apr 2026,Upheld,1,Barclays Bank UK PLC,Barclays Bank UK PLC,Barclays,High-street bank,Banking and Payments,Scam / APP fraud,Mr P complains about the actions taken by Barclays Bank UK PLC (“Barclays”) after he fell victim to a cryptocurrency scam.,21,https://www.financial-ombudsman.org.uk/decision/DRN-6276096.pdf
DRN-6038616,2026-04-30,2026-03-01,Mar 2026 – Apr 2026,Not upheld,0,HSBC UK Bank Plc,HSBC UK Bank Plc,HSBC UK,High-street bank,Banking and Payments,Refund claim (s75 / chargeback),"Mr R is unhappy with how HSBC UK Bank Plc, trading as first direct bank (‘first direct’) handled a dispute for a payment he made using his debit card.",29,https://www.financial-ombudsman.org.uk/decision/DRN-6038616.pdf
DRN-6240956,2026-04-30,2026-03-01,Mar 2026 – Apr 2026,Not upheld,0,TSB Bank plc,TSB Bank plc,TSB,High-street bank,Banking and Payments,Service & administration,Miss R complains that TSB Bank plc allowed a third-party to open an account in her name and paid a cheque into the account fraudulently.,25,https://www.financial-ombudsman.org.uk/decision/DRN-6240956.pdf
DRN-6296357,2026-04-30,2026-03-01,Mar 2026 – Apr 2026,Not upheld,0,Toyota Financial Services (UK) Plc,Toyota Financial Services (UK) Plc,Toyota Financial Services (UK) Plc,Car & consumer finance,Consumer Credit,Service & administration,Mr S complains about the settlement figure Toyota Financial Services (UK) PLC (who I’ll call ’TFS’) provided.,17,https://www.financial-ombudsman.org.uk/decision/DRN-6296357.pdf
DRN-6308232,2026-04-30,2026-03-01,Mar 2026 – Apr 2026,Not upheld,0,Nationwide Building Society,Nationwide Building Society,Nationwide,High-street bank,Banking and Payments,Scam / APP fraud,Mr G complains that Nationwide Building Society (“Nationwide”) won’t refund payments he made as part of a scam.,18,https://www.financial-ombudsman.org.uk/decision/DRN-6308232.pdf
DRN-6264092,2026-04-30,2026-03-01,Mar 2026 – Apr 2026,Upheld,1,Oodle Financial Services Limited,Oodle Financial Services Limited,Oodle Financial Services Limited,Car & consumer finance,Consumer Credit,Car finance - vehicle quality,Ms G is unhappy that a car supplied to her under a hire purchase agreement with Oodle Financial Services Limited was of an unsatisfactory quality.,25,https://www.financial-ombudsman.org.uk/decision/DRN-6264092.pdf
DRN-6148299,2026-04-30,2026-03-01,Mar 2026 – Apr 2026,Not upheld,0,My Finance Club Limited,My Finance Club Limited,My Finance Club Limited,Other lender / payment firm,Consumer Credit,Irresponsible lending,Miss R complains that My Finance Club Limited trading as Myfinanceclub (“MFC”) lent to her irresponsibly.,16,https://www.financial-ombudsman.org.uk/decision/DRN-6148299.pdf
DRN-6307780,2026-04-30,2026-03-01,Mar 2026 – Apr 2026,Upheld,1,ZILCH TECHNOLOGY LIMITED,ZILCH TECHNOLOGY LIMITED,ZILCH TECHNOLOGY LIMITED,Other lender / payment firm,Consumer Credit,Service & administration,Mr M complains that Zilch Technology Limited (‘Zilch’) didn’t tell him about a change to how payments are processed.,19,https://www.financial-ombudsman.org.uk/decision/DRN-6307780.pdf
DRN-6328414,2026-04-30,2026-03-01,Mar 2026 – Apr 2026,Upheld,1,Startline Motor Finance Limited,Startline Motor Finance Limited,Startline Motor Finance Limited,Car & consumer finance,Consumer Credit,Credit file / debt / defaults,Miss C says STARTLINE MOTOR FINANCE LIMITED (‘Startline’) were wrong to report a default to her credit file when they did.,21,https://www.financial-ombudsman.org.uk/decision/DRN-6328414.pdf
DRN-6272759,2026-04-30,2026-03-01,Mar 2026 – Apr 2026,Not upheld,0,Santander UK Plc,Santander UK Plc,Santander UK,High-street bank,Banking and Payments,Unauthorised transactions,Mr P complains that Santander UK Plc has refused to refund disputed payments on his account going back to 2014 and 2015.,22,https://www.financial-ombudsman.org.uk/decision/DRN-6272759.pdf
DRN-6171522,2026-04-30,2026-03-01,Mar 2026 – Apr 2026,Not upheld,0,Curve UK Limited,Curve UK Limited,Curve UK Limited,Other lender / payment firm,Banking and Payments,Service & administration,Mr B complains that Curve UK Limited did not warn him before it took a payment from him.,18,https://www.financial-ombudsman.org.uk/decision/DRN-6171522.pdf
DRN-6281501,2026-04-30,2026-03-01,Mar 2026 – Apr 2026,Upheld,1,MotoNovo Finance Limited,MotoNovo Finance Limited,MotoNovo Finance Limited,Car & consumer finance,Consumer Credit,Service & administration,Mr H complains that MotoNovo Finance Limited contacted him about a hire purchase agreement after a period of delay.,19,https://www.financial-ombudsman.org.uk/decision/DRN-6281501.pdf
DRN-6072337,2026-04-30,2026-03-01,Mar 2026 – Apr 2026,Not upheld,0,Capital One (Europe) plc,Capital One (Europe) plc,Capital One (Europe) plc,Other lender / payment firm,Banking and Payments,Service & administration,Mr K complains about the service he received from Capital One (Europe) plc.,13,https://www.financial-ombudsman.org.uk/decision/DRN-6072337.pdf
DRN-6144438,2026-04-30,2026-03-01,Mar 2026 – Apr 2026,Not upheld,0,Starling Bank Limited,Starling Bank Limited,Starling,Digital bank / e-money,Banking and Payments,Scam / APP fraud,Miss C complains that Starling Bank Limited hasn’t refunded all the money she’s lost to scams.,16,https://www.financial-ombudsman.org.uk/decision/DRN-6144438.pdf
DRN-6308399,2026-04-30,2026-03-01,Mar 2026 – Apr 2026,Not upheld,0,Oakbrook Finance Limited,Oakbrook Finance Limited,Oakbrook Finance Limited,Other lender / payment firm,Consumer Credit,Irresponsible lending,"Oakbrook Finance Limited, trading as Finio Loans, provided Mr W with a loan in 2024. Mr W says the loan was provided irresponsibly.",23,https://www.financial-ombudsman.org.uk/decision/DRN-6308399.pdf
DRN-6327088,2026-04-30,2026-03-01,Mar 2026 – Apr 2026,Not upheld,0,Barclays Bank UK PLC,Barclays Bank UK PLC,Barclays,High-street bank,Banking and Payments,Refund claim (s75 / chargeback),"Mr N is unhappy with how Barclays Bank UK PLC, trading as Tesco Bank (‘Tesco’) have handled a chargeback and claim under Section 75 of the Consumer Credit Act 1974 (‘S75’).",31,https://www.financial-ombudsman.org.uk/decision/DRN-6327088.pdf
DRN-6328596,2026-04-30,2026-03-01,Mar 2026 – Apr 2026,Upheld,1,Nationwide Building Society,Nationwide Building Society,Nationwide,High-street bank,Banking and Payments,Refund claim (s75 / chargeback),Mr R complains Nationwide Building Society (NBS) lost an overseas payment he made and won’t refund him the loss he incurred due to exchange rate changes when he finally got a refund from NBS.,34,https://www.financial-ombudsman.org.uk/decision/DRN-6328596.pdf
DRN-6290778,2026-04-30,2026-03-01,Mar 2026 – Apr 2026,Upheld,1,Revolut Ltd,Revolut Ltd,Revolut,Digital bank / e-money,Banking and Payments,Scam / APP fraud,Ms M complains that Revolut Ltd (“Revolut”) has not refunded all the money she lost to an impersonation scam.,19,https://www.financial-ombudsman.org.uk/decision/DRN-6290778.pdf
DRN-6196469,2026-04-30,2026-03-01,Mar 2026 – Apr 2026,Not upheld,0,MONZO BANK LIMITED,Monzo Bank Ltd,Monzo,Digital bank / e-money,Banking and Payments,Account closure / fraud marker,"Mr A has complained Monzo Bank Limited lodged a fraud-related marker on the industry fraud database, CIFAS, in his name.",20,https://www.financial-ombudsman.org.uk/decision/DRN-6196469.pdf
DRN-6203795,2026-04-30,2026-03-01,Mar 2026 – Apr 2026,Not upheld,0,HSBC UK Bank Plc,HSBC UK Bank Plc,HSBC UK,High-street bank,Banking and Payments,Account closure / fraud marker,"Mr U has complained HSBC UK Bank plc lodged a fraud-related marker on the industry fraud database, CIFAS, in his name.",21,https://www.financial-ombudsman.org.uk/decision/DRN-6203795.pdf
DRN-6218045,2026-04-30,2026-03-01,Mar 2026 – Apr 2026,Not upheld,0,BMW Financial Services (GB) Limited,BMW Financial Services (GB) Limited,BMW Financial Services (GB) Limited,Car & consumer finance,Consumer Credit,Car finance - vehicle quality,Mr I complains that a car acquired under a hire purchase agreement with BMW Financial Services (GB) Limited (“BMWFS”) is no longer fit for purpose.,25,https://www.financial-ombudsman.org.uk/decision/DRN-6218045.pdf
DRN-6330876,2026-04-30,2026-03-01,Mar 2026 – Apr 2026,Not upheld,0,Metro Bank PLC,Metro Bank PLC,Metro Bank,High-street bank,Banking and Payments,Unauthorised transactions,Mrs M and Mr L complain that Metro Bank PLC hasn’t refunded transactions which they reported as unauthorised.,18,https://www.financial-ombudsman.org.uk/decision/DRN-6330876.pdf
DRN-6268990,2026-04-30,2026-03-01,Mar 2026 – Apr 2026,Upheld,1,Capital One (Europe) plc,Capital One (Europe) plc,Capital One (Europe) plc,Other lender / payment firm,Banking and Payments,Credit file / debt / defaults,Mr C complains about the delays to the removal of a default marker on his credit file in relation to a credit card account with Capital One (Europe) plc (Capital).,30,https://www.financial-ombudsman.org.uk/decision/DRN-6268990.pdf
DRN-6269984,2026-04-30,2026-03-01,Mar 2026 – Apr 2026,Upheld,1,Lendable Ltd,Lendable Ltd,Lendable Ltd,Other lender / payment firm,Consumer Credit,Car finance - vehicle quality,Miss G complains that a car supplied to her under a hire purchase agreement with Lendable Ltd trading as Autolend was of unsatisfactory quality.,24,https://www.financial-ombudsman.org.uk/decision/DRN-6269984.pdf
DRN-6281902,2026-04-30,2026-03-01,Mar 2026 – Apr 2026,Not upheld,0,NewDay Ltd,NewDay Ltd,NewDay Ltd,Other lender / payment firm,Banking and Payments,Account closure / fraud marker,Mrs S complains NewDay Ltd trading as Aqua (‘ND’) won’t un-suspend her credit card account.,15,https://www.financial-ombudsman.org.uk/decision/DRN-6281902.pdf
DRN-6279582,2026-04-30,2026-03-01,Mar 2026 – Apr 2026,Not upheld,0,Paratus AMC Limited,Paratus AMC Limited,Paratus AMC Limited,Other lender / payment firm,Mortgages,Account closure / fraud marker,Mrs G and Mr S complain that Paratus AMC Limited trading as Foundation Home Loans reported them to a fraud prevention database in connection with a mortgage application.,28,https://www.financial-ombudsman.org.uk/decision/DRN-6279582.pdf
DRN-6156871,2026-04-30,2026-03-01,Mar 2026 – Apr 2026,Not upheld,0,MONEYBARN NO.1 LIMITED,Moneybarn No. 1 Limited,Moneybarn No. 1 Limited,Car & consumer finance,Consumer Credit,Car finance - vehicle quality,Mrs G complains that a car that was supplied to her under a conditional sale agreement with Moneybarn No.1 Limited wasn’t of satisfactory quality.,24,https://www.financial-ombudsman.org.uk/decision/DRN-6156871.pdf
DRN-6256155,2026-04-30,2026-03-01,Mar 2026 – Apr 2026,Not upheld,0,JAJA FINANCE LTD,JAJA FINANCE LTD,JAJA FINANCE LTD,Other lender / payment firm,Banking and Payments,Refund claim (s75 / chargeback),Ms B is unhappy JAJA FINANCE LTD trading as Asda Money Credit Card (“Asda Money”) hasn’t refunded her for a clutch she paid for using her credit card.,28,https://www.financial-ombudsman.org.uk/decision/DRN-6256155.pdf
DRN-5723219,2026-04-30,2026-03-01,Mar 2026 – Apr 2026,Not upheld,0,Nationwide Building Society,Nationwide Building Society,Nationwide,High-street bank,Banking and Payments,Scam / APP fraud,Mr L has complained about Nationwide Building Society not refunding money he lost to a scam.,16,https://www.financial-ombudsman.org.uk/decision/DRN-5723219.pdf
DRN-6046545,2026-04-30,2026-03-01,Mar 2026 – Apr 2026,Upheld,1,BMW Financial Services (GB) Limited,BMW Financial Services (GB) Limited,BMW Financial Services (GB) Limited,Car & consumer finance,Consumer Credit,Car finance - vehicle quality,Mr J is unhappy that a car supplied to him under a hire purchase agreement with BMW Financial Services (GB) Limited trading as Alphera Financial Services (‘BMWFS’) was of an unsatisfactory quality.,32,https://www.financial-ombudsman.org.uk/decision/DRN-6046545.pdf
DRN-6331198,2026-04-30,2026-03-01,Mar 2026 – Apr 2026,Not upheld,0,Clydesdale Financial Services Limited,Clydesdale Financial Services Limited,Barclays,High-street bank,Consumer Credit,Timeshare / unfair credit (s140A),Mr K complains Clydesdale Financial Services Limited (the “Lender”) has failed to honour a claim under Section 75 of the Consumer Credit Act 1974 (the “CCA”) and has participated in an unfair credit relationship with him under Section 140A of the CCA.,42,https://www.financial-ombudsman.org.uk/decision/DRN-6331198.pdf
DRN-5924296,2026-04-30,2026-03-01,Mar 2026 – Apr 2026,Upheld,1,Vanquis Bank Limited,Vanquis Bank Limited,Vanquis Bank Limited,Other lender / payment firm,Banking and Payments,Service & administration,Mr K complains about how interest has been applied to his credit card by Vanquis Bank Limited (“Vanquis”).,18,https://www.financial-ombudsman.org.uk/decision/DRN-5924296.pdf
DRN-6324899,2026-04-30,2026-03-01,Mar 2026 – Apr 2026,Not upheld,0,Starling Bank Limited,Starling Bank Limited,Starling,Digital bank / e-money,Banking and Payments,Scam / APP fraud,Miss D complains about Starling Bank Limited. She says that she has been the victim of a scam and would like Starling to refund her the money she has lost as a result.,33,https://www.financial-ombudsman.org.uk/decision/DRN-6324899.pdf
DRN-6318710,2026-04-30,2026-03-01,Mar 2026 – Apr 2026,Upheld,1,CA AUTO FINANCE UK LTD,CA AUTO FINANCE UK LTD,CA AUTO FINANCE UK LTD,Car & consumer finance,Consumer Credit,Car finance - vehicle quality,Mr H complains that a van that was supplied to him under a finance agreement with CA Auto Finance UK Limited wasn’t of satisfactory quality.,25,https://www.financial-ombudsman.org.uk/decision/DRN-6318710.pdf
DRN-6275686,2026-04-30,2026-03-01,Mar 2026 – Apr 2026,Not upheld,0,Creation Consumer Finance Limited,Creation Consumer Finance Limited,Creation Consumer Finance Limited,Other lender / payment firm,Consumer Credit,Irresponsible lending,Mrs C complains that Creation Consumer Finance Limited (Creation) acted irresponsibly when they agreed to lend to her.,18,https://www.financial-ombudsman.org.uk/decision/DRN-6275686.pdf
DRN-6243858,2026-04-30,2026-03-01,Mar 2026 – Apr 2026,Not upheld,0,Bank of Scotland Plc,Bank of Scotland Plc,Lloyds Banking Group,High-street bank,Banking and Payments,Unauthorised transactions,"Mr H complains that Bank of Scotland plc, trading as ‘Halifax’ will not refund him a £678.32 payment which he says he did not authorise.",25,https://www.financial-ombudsman.org.uk/decision/DRN-6243858.pdf
DRN-6257559,2026-04-30,2026-03-01,Mar 2026 – Apr 2026,Not upheld,0,Black Horse Limited,Black Horse Limited,Lloyds Banking Group,High-street bank,Consumer Credit,Car finance - vehicle quality,Miss D complains about the quality of a car supplied to her by Black Horse Limited trading as Land Rover Financial Services (“Black Horse”).,24,https://www.financial-ombudsman.org.uk/decision/DRN-6257559.pdf
DRN-6318728,2026-04-30,2026-03-01,Mar 2026 – Apr 2026,Not upheld,0,ZILCH TECHNOLOGY LIMITED,ZILCH TECHNOLOGY LIMITED,ZILCH TECHNOLOGY LIMITED,Other lender / payment firm,Banking and Payments,Irresponsible lending,Miss T complains that ZILCH TECHNOLOGY LIMITED lent to her irresponsibly.,11,https://www.financial-ombudsman.org.uk/decision/DRN-6318728.pdf
DRN-6275584,2026-04-30,2026-03-01,Mar 2026 – Apr 2026,Upheld,1,ZILCH TECHNOLOGY LIMITED,ZILCH TECHNOLOGY LIMITED,ZILCH TECHNOLOGY LIMITED,Other lender / payment firm,Banking and Payments,Service & administration,Mr D complains about the way in which Zilch Technology Limited handled his account.,14,https://www.financial-ombudsman.org.uk/decision/DRN-6275584.pdf
DRN-6195928,2026-04-30,2026-03-01,Mar 2026 – Apr 2026,Not upheld,0,Northern Bank Limited,Northern Bank Limited,Northern Bank Limited,Other lender / payment firm,Banking and Payments,Service & administration,Mr Y is unhappy with the service Northern Bank Limited trading as Danske Bank (Danske) provided when he switched his account via the current account switching service.,27,https://www.financial-ombudsman.org.uk/decision/DRN-6195928.pdf
DRN-6207070,2026-04-30,2026-03-01,Mar 2026 – Apr 2026,Not upheld,0,Revolut Ltd,Revolut Ltd,Revolut,Digital bank / e-money,Banking and Payments,Account closure / fraud marker,Mr S complains Revolut Ltd recorded a marker against him on a national fraud database.,15,https://www.financial-ombudsman.org.uk/decision/DRN-6207070.pdf
DRN-6160134,2026-04-30,2026-03-01,Mar 2026 – Apr 2026,Not upheld,0,Starling Bank Limited,Starling Bank Limited,Starling,Digital bank / e-money,Banking and Payments,Account closure / fraud marker,Mr O complains Starling Bank Limited has recorded his personal details with Cifas – a fraud prevention database - and won’t remove them.,23,https://www.financial-ombudsman.org.uk/decision/DRN-6160134.pdf
DRN-6040206,2026-04-30,2026-03-01,Mar 2026 – Apr 2026,Not upheld,0,Revolut Ltd,Revolut Ltd,Revolut,Digital bank / e-money,Banking and Payments,Scam / APP fraud,Mrs A is unhappy that Revolut won’t reimburse her fully after she was the victim of a scam.,18,https://www.financial-ombudsman.org.uk/decision/DRN-6040206.pdf
DRN-6220112,2026-04-30,2026-03-01,Mar 2026 – Apr 2026,Not upheld,0,Lendable Ltd,Lendable Ltd,Lendable Ltd,Other lender / payment firm,Consumer Credit,Irresponsible lending,Mr D complains that Lendable Limited (Lendable) lent to him irresponsibly by failing to make adequate affordability checks when granting him a loan.,23,https://www.financial-ombudsman.org.uk/decision/DRN-6220112.pdf
DRN-5882806,2026-04-30,2026-03-01,Mar 2026 – Apr 2026,Not upheld,0,Revolut Ltd,Revolut Ltd,Revolut,Digital bank / e-money,Banking and Payments,Service & administration,Mr B says Revolut Ltd unfairly handled his account and provided poor service.,13,https://www.financial-ombudsman.org.uk/decision/DRN-5882806.pdf
DRN-6169471,2026-04-30,2026-03-01,Mar 2026 – Apr 2026,Upheld,1,Santander UK Plc,Santander UK Plc,Santander UK,High-street bank,Banking and Payments,Service & administration,"Mr R complains that Santander UK Plc should pay more compensation than it has offered so far, after failing to provide a bank statement it said would be sent in time.",31,https://www.financial-ombudsman.org.uk/decision/DRN-6169471.pdf
DRN-6207300,2026-04-30,2026-03-01,Mar 2026 – Apr 2026,Not upheld,0,Lloyds Bank PLC,Lloyds Bank PLC,Lloyds Banking Group,High-street bank,Banking and Payments,Scam / APP fraud,Mr T has complained about Lloyds Bank PLC not refunding several payments he says he made and lost to a scam.,21,https://www.financial-ombudsman.org.uk/decision/DRN-6207300.pdf
DRN-6116153,2026-04-30,2026-03-01,Mar 2026 – Apr 2026,Not upheld,0,Brent Shrine Credit Union Limited,Brent Shrine Credit Union Limited,Brent Shrine Credit Union Limited,Other lender / payment firm,Consumer Credit,Irresponsible lending,"Mr S complains Brent Shrine Credit Union Limited trading as My Community Bank (MCB) acted irresponsibly by failing to request supporting documentation, such as bank account statements, before lending to him.",31,https://www.financial-ombudsman.org.uk/decision/DRN-6116153.pdf
DRN-6144540,2026-04-30,2026-03-01,Mar 2026 – Apr 2026,Upheld,1,Oodle Financial Services Limited,Oodle Financial Services Limited,Oodle Financial Services Limited,Car & consumer finance,Consumer Credit,Car finance - vehicle quality,Miss R complains about a car supplied to her using a hire purchase agreement taken out with Oodle Financial Services Limited (“Oodle”).,22,https://www.financial-ombudsman.org.uk/decision/DRN-6144540.pdf
DRN-6290866,2026-04-30,2026-03-01,Mar 2026 – Apr 2026,Not upheld,0,Barclays Bank UK PLC,Barclays Bank UK PLC,Barclays,High-street bank,Banking and Payments,Scam / APP fraud,Ms M complains that Barclays Bank UK PLC (“Barclays”) will not refund the money she lost to an impersonation scam.,20,https://www.financial-ombudsman.org.uk/decision/DRN-6290866.pdf
DRN-6242379,2026-04-30,2026-03-01,Mar 2026 – Apr 2026,Not upheld,0,Vanquis Bank Limited,Vanquis Bank Limited,Vanquis Bank Limited,Other lender / payment firm,Banking and Payments,Credit file / debt / defaults,Mrs A complains that Vanquis Bank Limited recorded a default on her credit file.,14,https://www.financial-ombudsman.org.uk/decision/DRN-6242379.pdf
DRN-6328845,2026-04-30,2026-03-01,Mar 2026 – Apr 2026,Not upheld,0,Santander UK Plc,Santander UK Plc,Santander UK,High-street bank,Banking and Payments,Scam / APP fraud,Mr I is unhappy that Santander UK Plc won’t refund a payment he says was made as part of a scam.,21,https://www.financial-ombudsman.org.uk/decision/DRN-6328845.pdf
DRN-6325541,2026-04-30,2026-03-01,Mar 2026 – Apr 2026,Not upheld,0,HSBC UK Bank Plc,HSBC UK Bank Plc,HSBC UK,High-street bank,Banking and Payments,Scam / APP fraud,Mr I is unhappy that HSBC UK Bank Plc trading as first direct won’t refund a payment he says was made as part of a scam.,26,https://www.financial-ombudsman.org.uk/decision/DRN-6325541.pdf
DRN-6297373,2026-04-30,2026-03-01,Mar 2026 – Apr 2026,Upheld,1,Santander UK Plc,Santander UK Plc,Santander UK,High-street bank,Banking and Payments,Service & administration,"Ms S is unhappy with Santander UK Plc. Ms S is unhappy with the handling of her account. A Power of Attorney (POA) was accepted and then declined, there were delays and poor communication.",34,https://www.financial-ombudsman.org.uk/decision/DRN-6297373.pdf
DRN-5277260,2026-04-30,2026-03-01,Mar 2026 – Apr 2026,Not upheld,0,Clydesdale Financial Services Limited,Clydesdale Financial Services Limited,Barclays,High-street bank,Consumer Credit,Timeshare / unfair credit (s140A),"Mr S’ complaint is, in essence, that Clydesdale Financial Services Limited, trading as Barclays Partner Finance (the ‘Lender’), acted unfairly and unreasonably by (1) being party to unfair credit relationships with him under Section 140A",35,https://www.financial-ombudsman.org.uk/decision/DRN-5277260.pdf
DRN-6313984,2026-04-30,2026-03-01,Mar 2026 – Apr 2026,Upheld,1,American Express Services Europe Limited,American Express Services Europe Limited,American Express Services Europe Limited,Other lender / payment firm,Banking and Payments,Refund claim (s75 / chargeback),Mr G complains American Express Services Europe Limited (“Amex”) acted unfairly by not refunding a payment he made using his credit card.,22,https://www.financial-ombudsman.org.uk/decision/DRN-6313984.pdf
DRN-6318881,2026-04-30,2026-03-01,Mar 2026 – Apr 2026,Not upheld,0,Shawbrook Bank Limited,Shawbrook Bank Limited,Shawbrook Bank Limited,Other lender / payment firm,Consumer Credit,Timeshare / unfair credit (s140A),"Mr and Mrs K complaint is, in essence, that Shawbrook Bank Limited (the ‘Lender’) acted unfairly and unreasonably by (1) being party to an unfair credit relationship with them under Section 140A of the Consumer Credit Act 1974",38,https://www.financial-ombudsman.org.uk/decision/DRN-6318881.pdf
DRN-5654802,2026-04-30,2026-03-01,Mar 2026 – Apr 2026,Not upheld,0,MONZO BANK LIMITED,Monzo Bank Ltd,Monzo,Digital bank / e-money,Banking and Payments,Unauthorised transactions,Mr and Mrs S are unhappy Monzo Bank Limited (Monzo) won’t refund transactions made on their account which they say they did not make.,24,https://www.financial-ombudsman.org.uk/decision/DRN-5654802.pdf
DRN-6462774,2026-06-30,2026-05-01,May 2026 – Jun 2026,Upheld,1,Revolut Ltd,Revolut Ltd,Revolut,Digital bank / e-money,Banking and Payments,Scam / APP fraud,Mr K complains that Revolut Ltd won’t refund all the money he lost to a scam.,16,https://www.financial-ombudsman.org.uk/decision/DRN-6462774.pdf
DRN-6442167,2026-06-30,2026-05-01,May 2026 – Jun 2026,Not upheld,0,Lloyds Bank PLC,Lloyds Bank PLC,Lloyds Banking Group,High-street bank,Banking and Payments,Service & administration,"A company, which I will refer to as K, complains about Lloyds Bank Plc’s handling of a Coronavirus Business Interruption Loan Scheme (CBILS) facility.",24,https://www.financial-ombudsman.org.uk/decision/DRN-6442167.pdf
DRN-6207233,2026-06-30,2026-05-01,May 2026 – Jun 2026,Upheld,1,Barclays Bank UK PLC,Barclays Bank UK PLC,Barclays,High-street bank,Banking and Payments,Credit file / debt / defaults,Mr F is unhappy that Barclays Bank UK PLC defaulted his Bounce Back Loan and transferred it to recoveries despite him paying the arrears set out in the default notice within the required timeframe.,34,https://www.financial-ombudsman.org.uk/decision/DRN-6207233.pdf
DRN-5954568,2026-06-30,2026-05-01,May 2026 – Jun 2026,Upheld,1,Ikano Bank AB (publ),Ikano Bank AB (publ),Ikano Bank AB (publ),Other lender / payment firm,Consumer Credit,Refund claim (s75 / chargeback),Ms S complains about the outcome of a claim she made under s.75 of the Consumer Credit Act 1974 (CCA) to Ikano Bank AB (publ) (“Ikano”).,26,https://www.financial-ombudsman.org.uk/decision/DRN-5954568.pdf
DRN-6381624,2026-06-30,2026-05-01,May 2026 – Jun 2026,Not upheld,0,Startline Motor Finance Limited,Startline Motor Finance Limited,Startline Motor Finance Limited,Car & consumer finance,Consumer Credit,Irresponsible lending,Mr L complains that Startline Motor Finance Limited (“SMF”) unfairly entered into a hire- purchase agreement with him. He’s said he shouldn’t have been lent to given his previous credit history.,31,https://www.financial-ombudsman.org.uk/decision/DRN-6381624.pdf
DRN-6221596,2026-06-30,2026-05-01,May 2026 – Jun 2026,Upheld,1,BMW Financial Services (GB) Limited,BMW Financial Services (GB) Limited,BMW Financial Services (GB) Limited,Car & consumer finance,Consumer Credit,Car finance - vehicle quality,Mr M complains about the quality of a vehicle he acquired through a hire purchase agreement financed by BMW Financial Services (GB) Limited trading as MINI Financial Services (BMWFS).,29,https://www.financial-ombudsman.org.uk/decision/DRN-6221596.pdf
DRN-6265816,2026-06-30,2026-05-01,May 2026 – Jun 2026,Not upheld,0,Barclays Bank UK PLC,Barclays Bank UK PLC,Barclays,High-street bank,Banking and Payments,Unauthorised transactions,Mr B has complained that Barclays Bank UK PLC has declined to refund payments he says he didn’t make.,19,https://www.financial-ombudsman.org.uk/decision/DRN-6265816.pdf
DRN-6402978,2026-06-30,2026-05-01,May 2026 – Jun 2026,Not upheld,0,NATIONAL WESTMINSTER BANK PUBLIC LIMITED COMPANY,National Westminster Bank Plc,NatWest Group,High-street bank,Consumer Credit,Unauthorised transactions,Mr H complains that NATIONAL WESTMINSTER BANK PUBLIC LIMITED COMPANY is holding him liable for three loans which were taken out in his name without his knowledge or consent.,29,https://www.financial-ombudsman.org.uk/decision/DRN-6402978.pdf
DRN-6228786,2026-06-30,2026-05-01,May 2026 – Jun 2026,Not upheld,0,Vanquis Bank Limited,Vanquis Bank Limited,Vanquis Bank Limited,Other lender / payment firm,Banking and Payments,Credit file / debt / defaults,Mr D complains that Vanquis Bank Limited unfairly registered a default on his credit card account and later failed to remove it after telling him it would.,27,https://www.financial-ombudsman.org.uk/decision/DRN-6228786.pdf
DRN-6462083,2026-06-30,2026-05-01,May 2026 – Jun 2026,Not upheld,0,Revolut Ltd,Revolut Ltd,Revolut,Digital bank / e-money,Banking and Payments,Service & administration,"C, a company, complains that it was denied access to its account with Revolut Ltd for 24 days.",18,https://www.financial-ombudsman.org.uk/decision/DRN-6462083.pdf
DRN-6405803,2026-06-30,2026-05-01,May 2026 – Jun 2026,Not upheld,0,Santander UK Plc,Santander UK Plc,Santander UK,High-street bank,Banking and Payments,Unauthorised transactions,Miss K and Mrs K complain that Santander UK Plc is holding them liable for transactions on the account which they say are unauthorised.,24,https://www.financial-ombudsman.org.uk/decision/DRN-6405803.pdf
DRN-6268082,2026-06-30,2026-05-01,May 2026 – Jun 2026,Not upheld,0,Revolut Ltd,Revolut Ltd,Revolut,Digital bank / e-money,Banking and Payments,Scam / APP fraud,Miss N is unhappy with the support provided by Revolut Ltd (Revolut) when she was unable to login to her mobile app.,22,https://www.financial-ombudsman.org.uk/decision/DRN-6268082.pdf
DRN-6331232,2026-06-30,2026-05-01,May 2026 – Jun 2026,Not upheld,0,HSBC UK Bank Plc,HSBC UK Bank Plc,HSBC UK,High-street bank,Banking and Payments,Service & administration,Mr B complains that HSBC UK Bank Plc (HSBC) didn’t automatically upgrade his savings account to a Premier savings account despite him being eligible for one.,26,https://www.financial-ombudsman.org.uk/decision/DRN-6331232.pdf
DRN-6189122,2026-06-30,2026-05-01,May 2026 – Jun 2026,Not upheld,0,Experian Limited,Experian Limited,Experian Limited,Other lender / payment firm,Consumer Credit,Service & administration,Mr K complains that Experian Limited have failed to explain to him the sudden decrease in his credit score following them rolling out a new scoring system.,27,https://www.financial-ombudsman.org.uk/decision/DRN-6189122.pdf
DRN-6419007,2026-06-30,2026-05-01,May 2026 – Jun 2026,Not upheld,0,Lloyds Bank PLC,Lloyds Bank PLC,Lloyds Banking Group,High-street bank,Banking and Payments,Scam / APP fraud,Ms Y complains Lloyds Bank PLC (“Lloyds”) hasn’t reimbursed the money she believes she lost to a scam.,18,https://www.financial-ombudsman.org.uk/decision/DRN-6419007.pdf
DRN-6443998,2026-06-30,2026-05-01,May 2026 – Jun 2026,Not upheld,0,American Express Services Europe Limited,American Express Services Europe Limited,American Express Services Europe Limited,Other lender / payment firm,Banking and Payments,Refund claim (s75 / chargeback),Mr H has complained about how American Express Services Europe Limited (AESEL) responded to a claim for money back in relation to a purchase made on his credit card.,29,https://www.financial-ombudsman.org.uk/decision/DRN-6443998.pdf
DRN-6320744,2026-06-30,2026-05-01,May 2026 – Jun 2026,Not upheld,0,Revolut Ltd,Revolut Ltd,Revolut,Digital bank / e-money,Banking and Payments,Scam / APP fraud,Ms B is complaining that Revolut Ltd hasn’t refunded transactions that were carried out on her account after she fell victim to an impersonation scam.,25,https://www.financial-ombudsman.org.uk/decision/DRN-6320744.pdf
DRN-6462185,2026-06-30,2026-05-01,May 2026 – Jun 2026,Not upheld,0,Revolut Ltd,Revolut Ltd,Revolut,Digital bank / e-money,Banking and Payments,Scam / APP fraud,Mr M complains that Revolut Ltd hasn’t refunded the losses he’s incurred when falling victim to a safe account scam.,20,https://www.financial-ombudsman.org.uk/decision/DRN-6462185.pdf
DRN-6459495,2026-06-30,2026-05-01,May 2026 – Jun 2026,Not upheld,0,Mitsubishi HC Capital UK Plc,Mitsubishi HC Capital UK Plc,Mitsubishi HC Capital UK Plc,Car & consumer finance,Consumer Credit,Timeshare / unfair credit (s140A),"Ms M’s complaint is, in essence, that Mitsubishi HC Capital UK PLC trading as Novuna Personal Finance (the ‘Lender’) acted unfairly and unreasonably by (1) being party to an unfair credit relationship with them under Section 140A of the Consumer Credit Act 1974",43,https://www.financial-ombudsman.org.uk/decision/DRN-6459495.pdf
DRN-6463917,2026-06-30,2026-05-01,May 2026 – Jun 2026,Not upheld,0,AutoMoney Trust Limited,AutoMoney Trust Limited,AutoMoney Trust Limited,Car & consumer finance,Consumer Credit,Irresponsible lending,Ms S complains about the checks AutoMoney Trust Limited (AutoMoney) conducted prior to approving her for finance.,17,https://www.financial-ombudsman.org.uk/decision/DRN-6463917.pdf
DRN-6107167,2026-06-30,2026-05-01,May 2026 – Jun 2026,Not upheld,0,Bank of Scotland Plc,Bank of Scotland Plc,Lloyds Banking Group,High-street bank,Banking and Payments,Service & administration,Ms K complains Bank of Scotland plc trading as Halifax failed to protect her from gambling harm over the years.,20,https://www.financial-ombudsman.org.uk/decision/DRN-6107167.pdf
DRN-6137588,2026-06-30,2026-05-01,May 2026 – Jun 2026,Not upheld,0,MotoNovo Finance Limited,MotoNovo Finance Limited,MotoNovo Finance Limited,Car & consumer finance,Consumer Credit,Car finance - vehicle quality,Mr O complains that a car supplied to him under a hire purchase agreement with MotoNovo Finance Limited (MFL) is of unsatisfactory quality.,23,https://www.financial-ombudsman.org.uk/decision/DRN-6137588.pdf
DRN-6382309,2026-06-30,2026-05-01,May 2026 – Jun 2026,Upheld,1,Telefonica UK Limited,Telefonica UK Limited,Telefonica UK Limited,Other lender / payment firm,Consumer Credit,Service & administration,"Mr L complains about a delay caused by Telefonica UK Limited trading as O2, when he decided to end a fixed sum loan agreement.",24,https://www.financial-ombudsman.org.uk/decision/DRN-6382309.pdf
DRN-6463548,2026-06-30,2026-05-01,May 2026 – Jun 2026,Not upheld,0,Nationwide Building Society,Nationwide Building Society,Nationwide,High-street bank,Banking and Payments,Scam / APP fraud,Miss C complains that Nationwide Building Society (‘Nationwide’) hasn’t refunded the money she believes she lost to an authorised push payment (‘APP’) scam.,23,https://www.financial-ombudsman.org.uk/decision/DRN-6463548.pdf
DRN-6463282,2026-06-30,2026-05-01,May 2026 – Jun 2026,Upheld,1,Lendable Ltd,Lendable Ltd,Lendable Ltd,Other lender / payment firm,Consumer Credit,Car finance - vehicle quality,Miss A complains that a used car she acquired through a hire purchase agreement financed by Lendable Ltd trading as Autolend (‘Autolend’) is of unsatisfactory quality.,26,https://www.financial-ombudsman.org.uk/decision/DRN-6463282.pdf
DRN-5754851,2026-06-30,2026-05-01,May 2026 – Jun 2026,Not upheld,0,Barclays Bank UK PLC,Barclays Bank UK PLC,Barclays,High-street bank,Banking and Payments,Credit file / debt / defaults,Mr R is a sole trader. He complains that Barclays Bank UK Plc behaved unreasonably when he made it aware he was in financial difficulty.,25,https://www.financial-ombudsman.org.uk/decision/DRN-5754851.pdf
DRN-6273503,2026-06-30,2026-05-01,May 2026 – Jun 2026,Not upheld,0,Nationwide Building Society,Nationwide Building Society,Nationwide,High-street bank,Banking and Payments,Refund claim (s75 / chargeback),Mr M has complained about the way Nationwide Building Society (‘Nationwide’) dealt with his claim for money back.,18,https://www.financial-ombudsman.org.uk/decision/DRN-6273503.pdf
DRN-6444530,2026-06-30,2026-05-01,May 2026 – Jun 2026,Not upheld,0,PayPal UK Ltd,PayPal UK Ltd,PayPal UK Ltd,Other lender / payment firm,Banking and Payments,Unauthorised transactions,Miss C complains that PayPal UK Ltd (“PayPal”) is holding her responsible for a transaction that she says she didn’t authorise.,21,https://www.financial-ombudsman.org.uk/decision/DRN-6444530.pdf
DRN-6443354,2026-06-30,2026-05-01,May 2026 – Jun 2026,Not upheld,0,Paynetics UK Limited,Paynetics UK Limited,Paynetics UK Limited,Other lender / payment firm,Banking and Payments,Unauthorised transactions,Ms M has complained that Paynetics UK Limited wont refund transactions that she says were carried out by an unauthorised individual.,21,https://www.financial-ombudsman.org.uk/decision/DRN-6443354.pdf
DRN-6304372,2026-06-30,2026-05-01,May 2026 – Jun 2026,Upheld,1,RCI Financial Services Limited,RCI Financial Services Limited,RCI Financial Services Limited,Car & consumer finance,Consumer Credit,Service & administration,Mrs K complains that RCI Financial Services Limited (RCI) provided poor service and incorrect information about her credit agreements that caused significant impact on Mrs K at a very vulnerable time for her.,33,https://www.financial-ombudsman.org.uk/decision/DRN-6304372.pdf
DRN-6341773,2026-06-30,2026-05-01,May 2026 – Jun 2026,Not upheld,0,Volkswagen Financial Services (UK) Limited,Volkswagen Financial Services (UK) Limited,Volkswagen Financial Services (UK) Limited,Car & consumer finance,Consumer Credit,Service & administration,"In June 2024, Miss B entered into a 24-month hire agreement with VWFS for a new car.",17,https://www.financial-ombudsman.org.uk/decision/DRN-6341773.pdf
DRN-6331669,2026-06-30,2026-05-01,May 2026 – Jun 2026,Not upheld,0,Frasers Group Financial Services Limited,Frasers Group Financial Services Limited,Frasers Group Financial Services Limited,Other lender / payment firm,Consumer Credit,Credit file / debt / defaults,Ms K is complaining that Frasers Group Financial Services Limited (Frasers) are unfairly reporting a missed payment marker to the credit reference agencies (CRA).,24,https://www.financial-ombudsman.org.uk/decision/DRN-6331669.pdf
DRN-6445261,2026-06-30,2026-05-01,May 2026 – Jun 2026,Not upheld,0,NATIONAL WESTMINSTER BANK PUBLIC LIMITED COMPANY,National Westminster Bank Plc,NatWest Group,High-street bank,Banking and Payments,Irresponsible lending,Mrs B complains that Sainsbury’s Bank lent to her irresponsibly by failing to make adequate affordability checks before issuing her a credit card and subsequently increasing the credit limit.,29,https://www.financial-ombudsman.org.uk/decision/DRN-6445261.pdf
DRN-6451328,2026-06-30,2026-05-01,May 2026 – Jun 2026,Not upheld,0,MONEYBARN NO.1 LIMITED,Moneybarn No. 1 Limited,Moneybarn No. 1 Limited,Car & consumer finance,Consumer Credit,Service & administration,Mr B complains that Moneybarn No.1 Limited (“Moneybarn”) failed to act fairly and reasonably towards him when entering into a conditional sale agreement with him. He’s said that that Moneybarn failed to disclose the commission that it paid to the credit broker.,42,https://www.financial-ombudsman.org.uk/decision/DRN-6451328.pdf
DRN-6459134,2026-06-30,2026-05-01,May 2026 – Jun 2026,Upheld,1,Wise Payments Limited,Wise Payments Limited,Wise Payments Limited,Other lender / payment firm,Banking and Payments,Unauthorised transactions,Mr A has complained that Wise Payments Limited has declined to refund disputed transactions that debited his account.,18,https://www.financial-ombudsman.org.uk/decision/DRN-6459134.pdf
DRN-6131647,2026-06-30,2026-05-01,May 2026 – Jun 2026,Not upheld,0,Tandem Bank Limited,Tandem Bank Limited,Tandem Bank Limited,Other lender / payment firm,Consumer Credit,Timeshare / unfair credit (s140A),"Mr A’s complaint is that Tandem Bank Limited, trading as Oplo (the ‘Lender’) acted unfairly and unreasonably by not cancelling a loan he took out to purchase membership of a Timeshare.",31,https://www.financial-ombudsman.org.uk/decision/DRN-6131647.pdf
DRN-5912682,2026-06-30,2026-05-01,May 2026 – Jun 2026,Not upheld,0,Bank of Scotland Plc,Bank of Scotland Plc,Lloyds Banking Group,High-street bank,Banking and Payments,Account closure / fraud marker,Mr Z complains Bank of Scotland plc trading as Halifax unfairly closed his accounts and provided him with poor service.,20,https://www.financial-ombudsman.org.uk/decision/DRN-5912682.pdf
DRN-6355588,2026-06-30,2026-05-01,May 2026 – Jun 2026,Not upheld,0,Virgin Media Mobile Finance Limited,Virgin Media Mobile Finance Limited,Virgin Media Mobile Finance Limited,Other lender / payment firm,Consumer Credit,Service & administration,Ms H complains Virgin Media Mobile Finance Limited (“Virgin Media”) is holding her liable for a finance agreement she says has been settled.,23,https://www.financial-ombudsman.org.uk/decision/DRN-6355588.pdf
DRN-6453668,2026-06-30,2026-05-01,May 2026 – Jun 2026,Not upheld,0,Bank of Scotland Plc,Bank of Scotland Plc,Lloyds Banking Group,High-street bank,Banking and Payments,Irresponsible lending,"Miss N complains that Bank of Scotland plc, trading as Halifax, (‘Halifax’) acted irresponsibly by providing her with an overdraft facility she couldn’t sustainably afford to repay.",27,https://www.financial-ombudsman.org.uk/decision/DRN-6453668.pdf
DRN-6352060,2026-06-30,2026-05-01,May 2026 – Jun 2026,Upheld,1,OPOS Limited,OPOS Limited,OPOS Limited,Other lender / payment firm,Consumer Credit,Credit file / debt / defaults,Mr F is complaining about Opos Limited’s (Opos) actions when dealing with him regarding a debt he owes.,18,https://www.financial-ombudsman.org.uk/decision/DRN-6352060.pdf
DRN-6020113,2026-06-30,2026-05-01,May 2026 – Jun 2026,Not upheld,0,Lowell Portfolio I Ltd,Lowell Portfolio I Ltd,Lowell Portfolio I Ltd,Other lender / payment firm,Consumer Credit,Refund claim (s75 / chargeback),"Mr S complains that Lowell Portfolio I Ltd (Lowell) continued to pursue him for debts that were taken out fraudulently in his name, even after he had disputed them.",29,https://www.financial-ombudsman.org.uk/decision/DRN-6020113.pdf
DRN-6414029,2026-06-30,2026-05-01,May 2026 – Jun 2026,Not upheld,0,Nationwide Building Society,Nationwide Building Society,Nationwide,High-street bank,Banking and Payments,Service & administration,"Mr S has complained that Nationwide Building Society allowed a regular payment to be made into his savings account, even though he’d asked Nationwide to cancel it.",27,https://www.financial-ombudsman.org.uk/decision/DRN-6414029.pdf
DRN-6401481,2026-06-30,2026-05-01,May 2026 – Jun 2026,Upheld,1,MotoNovo Finance Limited,MotoNovo Finance Limited,MotoNovo Finance Limited,Car & consumer finance,Consumer Credit,Car finance - vehicle quality,Mrs W complains that the car she acquired with a hire purchase agreement with MotoNovo Finance Limited (‘MotoNovo’) was of unsatisfactory quality. She also said it was misrepresented as having a full-service history.,33,https://www.financial-ombudsman.org.uk/decision/DRN-6401481.pdf
DRN-6459387,2026-06-30,2026-05-01,May 2026 – Jun 2026,Not upheld,0,Shawbrook Bank Limited,Shawbrook Bank Limited,Shawbrook Bank Limited,Other lender / payment firm,Consumer Credit,Timeshare / unfair credit (s140A),"Mr R’s complaint is, in essence, that Shawbrook Bank Limited – (“Shawbrook”) (the ‘Lender’) acted unfairly and unreasonably by (1) being party to an unfair credit relationship with them under Section 140A of the Consumer Credit Act 1974",38,https://www.financial-ombudsman.org.uk/decision/DRN-6459387.pdf
DRN-6464356,2026-06-30,2026-05-01,May 2026 – Jun 2026,Not upheld,0,North Edinburgh and Castle Credit Union Limited,North Edinburgh and Castle Credit Union Limited,North Edinburgh and Castle Credit Union Limited,Other lender / payment firm,Consumer Credit,Credit file / debt / defaults,Mr P complains to North Edinburgh and Castle Credit Union Limited (NE and CCU) about their handling of an agreement which defaulted and the default balance he was asked to pay.,31,https://www.financial-ombudsman.org.uk/decision/DRN-6464356.pdf
DRN-6461535,2026-06-30,2026-05-01,May 2026 – Jun 2026,Not upheld,0,Shawbrook Bank Limited,Shawbrook Bank Limited,Shawbrook Bank Limited,Other lender / payment firm,Consumer Credit,Timeshare / unfair credit (s140A),"Mrs A and Mr A’s complaint is, in essence, that Shawbrook Bank Limited (“Shawbrook”) - (the ‘Lender’) acted unfairly and unreasonably by (1) being party to an unfair credit relationship with them under Section 140A of the Consumer Credit Act 1974",41,https://www.financial-ombudsman.org.uk/decision/DRN-6461535.pdf
DRN-6464939,2026-06-30,2026-05-01,May 2026 – Jun 2026,Not upheld,0,Mitsubishi HC Capital UK Plc,Mitsubishi HC Capital UK Plc,Mitsubishi HC Capital UK Plc,Car & consumer finance,Consumer Credit,Timeshare / unfair credit (s140A),"Mr O’s complaint is, in essence, that Mitsubishi HC Capital UK Plc trading as Novuna Personal Finance (the ‘Lender’) acted unfairly and unreasonably by (1) being party to an unfair credit relationship with him under Section 140A of the Consumer Credit Act 1974",43,https://www.financial-ombudsman.org.uk/decision/DRN-6464939.pdf
DRN-6249500,2026-06-30,2026-05-01,May 2026 – Jun 2026,Not upheld,0,Plata Finance Limited,Plata Finance Limited,Plata Finance Limited,Other lender / payment firm,Consumer Credit,Irresponsible lending,Mr M complains Plata Finance Limited irresponsibly lent to him when it provided him with two loans.,17,https://www.financial-ombudsman.org.uk/decision/DRN-6249500.pdf
DRN-6463536,2026-06-30,2026-05-01,May 2026 – Jun 2026,Upheld,1,Mitsubishi HC Capital UK Plc,Mitsubishi HC Capital UK Plc,Mitsubishi HC Capital UK Plc,Car & consumer finance,Consumer Credit,Timeshare / unfair credit (s140A),"Mr K’s complaint is, in essence, that Mitsubishi HC Capital UK PLC trading as Novuna Personal Finance (the ‘Lender’) acted unfairly and unreasonably by (1) being party to an unfair credit relationship with him under Section 140A of the Consumer Credit Act 1974",43,https://www.financial-ombudsman.org.uk/decision/DRN-6463536.pdf
DRN-6311553,2026-06-30,2026-05-01,May 2026 – Jun 2026,Not upheld,0,MONZO BANK LIMITED,Monzo Bank Ltd,Monzo,Digital bank / e-money,Banking and Payments,Unauthorised transactions,"Mr N complains that MONZO BANK LIMITED (‘Monzo’) would not reimburse transactions which were debited from his account, which he says he did not make or otherwise authorise.",28,https://www.financial-ombudsman.org.uk/decision/DRN-6311553.pdf
DRN-6320476,2026-06-30,2026-05-01,May 2026 – Jun 2026,Not upheld,0,Barclays Bank UK PLC,Barclays Bank UK PLC,Barclays,High-street bank,Banking and Payments,Service & administration,Miss M complains that Barclays Bank UK PLC (Barclays) haven’t processed her Direct Debit Indemnity (DDI) claim correctly.,18,https://www.financial-ombudsman.org.uk/decision/DRN-6320476.pdf
DRN-6402272,2026-06-30,2026-05-01,May 2026 – Jun 2026,Not upheld,0,Advantage Finance Limited,Advantage Finance Limited,Advantage Finance Limited,Other lender / payment firm,Consumer Credit,Car finance - vehicle quality,Mr A is unhappy that a car supplied to him under a hire purchase agreement with Advantage Finance Limited (Advantage) was of an unsatisfactory quality.,25,https://www.financial-ombudsman.org.uk/decision/DRN-6402272.pdf
DRN-6403676,2026-06-30,2026-05-01,May 2026 – Jun 2026,Not upheld,0,NewDay Ltd,NewDay Ltd,NewDay Ltd,Other lender / payment firm,Banking and Payments,Irresponsible lending,Miss C complains that NewDay Ltd (“NewDay”) irresponsibly lent to her.,11,https://www.financial-ombudsman.org.uk/decision/DRN-6403676.pdf
DRN-6456330,2026-06-30,2026-05-01,May 2026 – Jun 2026,Not upheld,0,NATIONAL WESTMINSTER BANK PUBLIC LIMITED COMPANY,National Westminster Bank Plc,NatWest Group,High-street bank,Banking and Payments,Service & administration,Mr C has complained that NATIONAL WESTMINSTER BANK PUBLIC LIMITED COMPANY (“NatWest”) refused to process a Direct Debit Guarantee indemnity claim for him.,23,https://www.financial-ombudsman.org.uk/decision/DRN-6456330.pdf
DRN-6447520,2026-06-30,2026-05-01,May 2026 – Jun 2026,Upheld,1,ClearBank Limited,ClearBank Limited,ClearBank Limited,Other lender / payment firm,Banking and Payments,Scam / APP fraud,"A company, which I’ll refer to as C complains that ClearBank Limited has declined to reimburse payments made as part of a scam.",23,https://www.financial-ombudsman.org.uk/decision/DRN-6447520.pdf
DRN-6465194,2026-06-30,2026-05-01,May 2026 – Jun 2026,Not upheld,0,Clydesdale Financial Services Limited,Clydesdale Financial Services Limited,Barclays,High-street bank,Consumer Credit,Timeshare / unfair credit (s140A),"Mrs G’s complaint is, in essence, that Clydesdale Financial Services Limited trading as Barclays Partner Finance (the ‘Lender’) acted unfairly and unreasonably by (1) being party to an unfair credit relationship with them under Section 140A",36,https://www.financial-ombudsman.org.uk/decision/DRN-6465194.pdf
DRN-6465120,2026-06-30,2026-05-01,May 2026 – Jun 2026,Not upheld,0,Shawbrook Bank Limited,Shawbrook Bank Limited,Shawbrook Bank Limited,Other lender / payment firm,Consumer Credit,Timeshare / unfair credit (s140A),"Mr and Mrs S’ complaint is, in essence, that Shawbrook Bank Limited (the ‘Lender’) acted unfairly and unreasonably by (1) being party to an unfair credit relationship with them under Section 140A of the Consumer Credit Act 1974",38,https://www.financial-ombudsman.org.uk/decision/DRN-6465120.pdf
DRN-6411929,2026-06-30,2026-05-01,May 2026 – Jun 2026,Upheld,1,Shawbrook Bank Limited,Shawbrook Bank Limited,Shawbrook Bank Limited,Other lender / payment firm,Consumer Credit,Timeshare / unfair credit (s140A),Mr and Mrs G say Shawbrook Bank Limited (‘Shawbrook’) has unfairly declined their claim under section 75 of the Consumer Credit Act 1974 (‘CCA’). And they say their creditor- debtor relationship with Shawbrook was unfair to them under section 140A of the CCA.,43,https://www.financial-ombudsman.org.uk/decision/DRN-6411929.pdf
DRN-6273895,2026-06-30,2026-05-01,May 2026 – Jun 2026,Not upheld,0,Revolut Ltd,Revolut Ltd,Revolut,Digital bank / e-money,Banking and Payments,Service & administration,Miss S complains Revolut Ltd didn’t do enough to protect her from gambling related harm.,15,https://www.financial-ombudsman.org.uk/decision/DRN-6273895.pdf
DRN-6295043,2026-06-30,2026-05-01,May 2026 – Jun 2026,Not upheld,0,Hutchison 3G UK Limited,Hutchison 3G UK Limited,Hutchison 3G UK Limited,Other lender / payment firm,Consumer Credit,Service & administration,"Mr H complains about the information given to him by Hutchison 3G UK Limited trading as Three, before he took out a fixed sum loan to pay for a mobile telephone handset.",32,https://www.financial-ombudsman.org.uk/decision/DRN-6295043.pdf
DRN-6282172,2026-06-30,2026-05-01,May 2026 – Jun 2026,Not upheld,0,MONZO BANK LIMITED,Monzo Bank Ltd,Monzo,Digital bank / e-money,Banking and Payments,Refund claim (s75 / chargeback),Mrs D complains that MONZO BANK LIMITED unfairly declined to raise a chargeback in relation to a card payment.,19,https://www.financial-ombudsman.org.uk/decision/DRN-6282172.pdf
DRN-6220140,2026-06-30,2026-05-01,May 2026 – Jun 2026,Not upheld,0,Oakbrook Finance Limited,Oakbrook Finance Limited,Oakbrook Finance Limited,Other lender / payment firm,Consumer Credit,Credit file / debt / defaults,Mr F complains about how Oakbrook Finance Limited trading as Finio Loans (‘Oakbrook’) handled his personal unsecured loan account. Mr F seeks further compensation and would like the default on his credit file to be removed.,36,https://www.financial-ombudsman.org.uk/decision/DRN-6220140.pdf
DRN-6436477,2026-06-30,2026-05-01,May 2026 – Jun 2026,Not upheld,0,Santander UK Plc,Santander UK Plc,Santander UK,High-street bank,Banking and Payments,Service & administration,Mr and Mrs N have complained about Santander UK Plc. They are not happy that a transaction to a different bank in relation to a credit card payment didn’t arrive and was returned to their bank account.,37,https://www.financial-ombudsman.org.uk/decision/DRN-6436477.pdf
DRN-6317088,2026-06-30,2026-05-01,May 2026 – Jun 2026,Upheld,1,Barclays Bank UK PLC,Barclays Bank UK PLC,Barclays,High-street bank,Banking and Payments,Credit file / debt / defaults,Mr K complains that Barclays Bank UK PLC trading as Barclaycard are refusing to write off his outstanding debts despite his inability to ever be able to pay them back.,30,https://www.financial-ombudsman.org.uk/decision/DRN-6317088.pdf
DRN-6320752,2026-06-30,2026-05-01,May 2026 – Jun 2026,Not upheld,0,American Express Services Europe Limited,American Express Services Europe Limited,American Express Services Europe Limited,Other lender / payment firm,Banking and Payments,Scam / APP fraud,Ms B is complaining that AMERICAN EXPRESS SERVICES EUROPE LIMITED hasn’t refunded transactions that were carried out when she fell victim to a scam.,24,https://www.financial-ombudsman.org.uk/decision/DRN-6320752.pdf
DRN-6462636,2026-06-30,2026-05-01,May 2026 – Jun 2026,Upheld,1,MONEYBARN NO.1 LIMITED,Moneybarn No. 1 Limited,Moneybarn No. 1 Limited,Car & consumer finance,Consumer Credit,Car finance - vehicle quality,Mr W complains that the car he was supplied by MONEYBARN NO.1 LIMITED (“Moneybarn”) was misrepresented to him and not of satisfactory quality.,23,https://www.financial-ombudsman.org.uk/decision/DRN-6462636.pdf
DRN-6323461,2026-06-30,2026-05-01,May 2026 – Jun 2026,Not upheld,0,MotoNovo Finance Limited,MotoNovo Finance Limited,MotoNovo Finance Limited,Car & consumer finance,Consumer Credit,Irresponsible lending,Mr P complains MotoNovo Finance Limited (MotoNovo) irresponsibly lent when it entered into a car finance agreement with him.,19,https://www.financial-ombudsman.org.uk/decision/DRN-6323461.pdf
DRN-6410012,2026-06-30,2026-05-01,May 2026 – Jun 2026,Not upheld,0,Santander UK Plc,Santander UK Plc,Santander UK,High-street bank,Banking and Payments,Unauthorised transactions,The estate of Mr M complains that Santander UK Plc is holding it liable for transactions on the account which it says were unauthorised.,24,https://www.financial-ombudsman.org.uk/decision/DRN-6410012.pdf
DRN-6294768,2026-06-30,2026-05-01,May 2026 – Jun 2026,Not upheld,0,AO Retail Limited,AO Retail Limited,AO Retail Limited,Other lender / payment firm,Consumer Credit,"Mis-selling, fees & charges",Mr S complains that AO Retail Limited (‘AO’) mis-sold him a credit agreement.,13,https://www.financial-ombudsman.org.uk/decision/DRN-6294768.pdf
DRN-5972648,2026-06-30,2026-05-01,May 2026 – Jun 2026,Upheld,1,Foundation for Credit Counselling,Foundation for Credit Counselling,Foundation for Credit Counselling,Other lender / payment firm,Consumer Credit,Credit file / debt / defaults,Mr T complains that Foundation for Credit Counselling trading as Stepchange Debt Charity (Stepchange) gave him the wrong advice about entering into a debt management plan (DMP) causing him further financial harm.,32,https://www.financial-ombudsman.org.uk/decision/DRN-5972648.pdf
DRN-6268261,2026-06-30,2026-05-01,May 2026 – Jun 2026,Not upheld,0,Wise Payments Limited,Wise Payments Limited,Wise Payments Limited,Other lender / payment firm,Banking and Payments,Scam / APP fraud,Mr D complains that Wise Payments Limited didn’t do enough to protect him from financial harm when he fell victim to an impersonation scam.,24,https://www.financial-ombudsman.org.uk/decision/DRN-6268261.pdf
DRN-6252530,2026-06-30,2026-05-01,May 2026 – Jun 2026,Not upheld,0,TSB Bank plc,TSB Bank plc,TSB,High-street bank,Banking and Payments,Scam / APP fraud,Mr F is unhappy that TSB Bank plc won’t refund the money he lost to a what he believes was an authorised push payment (‘APP’) scam.,26,https://www.financial-ombudsman.org.uk/decision/DRN-6252530.pdf
DRN-6370365,2026-06-30,2026-05-01,May 2026 – Jun 2026,Not upheld,0,HSBC UK Bank Plc,HSBC UK Bank Plc,HSBC UK,High-street bank,Banking and Payments,Scam / APP fraud,Ms Y complains HSBC UK Bank PLC (“HSBC”) hasn’t reimbursed the money she believes she lost to a scam.,19,https://www.financial-ombudsman.org.uk/decision/DRN-6370365.pdf
DRN-6464787,2026-06-30,2026-05-01,May 2026 – Jun 2026,Not upheld,0,Nationwide Building Society,Nationwide Building Society,Nationwide,High-street bank,Banking and Payments,Service & administration,Ms E complains that Nationwide Building Society didn’t credit a cheque made payable to her for £90 into her account. She says it misplaced the cheque.,26,https://www.financial-ombudsman.org.uk/decision/DRN-6464787.pdf
DRN-6464824,2026-06-30,2026-05-01,May 2026 – Jun 2026,Not upheld,0,Santander UK Plc,Santander UK Plc,Santander UK,High-street bank,Banking and Payments,Scam / APP fraud,Mr C is being represented by solicitors. He’s complaining about Santander UK Plc because it declined to refund money he lost as a result of fraud.,26,https://www.financial-ombudsman.org.uk/decision/DRN-6464824.pdf
DRN-6022238,2026-06-30,2026-05-01,May 2026 – Jun 2026,Upheld,1,NewDay Ltd,NewDay Ltd,NewDay Ltd,Other lender / payment firm,Banking and Payments,Irresponsible lending,Mr P complains that NewDay Ltd provided him with two credit cards and increased his credit limits when they were unaffordable.,21,https://www.financial-ombudsman.org.uk/decision/DRN-6022238.pdf
DRN-5870543,2026-06-30,2026-05-01,May 2026 – Jun 2026,Not upheld,0,Shawbrook Bank Limited,Shawbrook Bank Limited,Shawbrook Bank Limited,Other lender / payment firm,Consumer Credit,Timeshare / unfair credit (s140A),"Mr and Mrs P’s complaint is, in essence, that Shawbrook Bank Limited (the ‘Lender’) acted unfairly and unreasonably by (1) being party to an unfair credit relationship with them under Section 140A of the Consumer Credit Act 1974",38,https://www.financial-ombudsman.org.uk/decision/DRN-5870543.pdf
DRN-6459541,2026-06-30,2026-05-01,May 2026 – Jun 2026,Not upheld,0,Santander UK Plc,Santander UK Plc,Santander UK,High-street bank,Banking and Payments,"Mis-selling, fees & charges","Mr N is a sole trader. He complains Santander UK Plc (Santander) gave notice in July 2025 that it planned to migrate his account, which is free from fees to an account which incurs a monthly fee.",37,https://www.financial-ombudsman.org.uk/decision/DRN-6459541.pdf
DRN-6257529,2026-06-30,2026-05-01,May 2026 – Jun 2026,Not upheld,0,American Express Services Europe Limited,American Express Services Europe Limited,American Express Services Europe Limited,Other lender / payment firm,Banking and Payments,Refund claim (s75 / chargeback),Ms K has complained about the way American Express Services Europe Limited (‘Amex’) dealt with her claim for money back. This was in relation to services she paid for on her credit card.,33,https://www.financial-ombudsman.org.uk/decision/DRN-6257529.pdf
DRN-6320883,2026-06-30,2026-05-01,May 2026 – Jun 2026,Not upheld,0,NATIONAL WESTMINSTER BANK PUBLIC LIMITED COMPANY,National Westminster Bank Plc,NatWest Group,High-street bank,Banking and Payments,Scam / APP fraud,Mrs K is unhappy NATIONAL WESTMINSTER BANK PUBLIC LIMITED COMPANY (NatWest) have declined to refund payments which she believes were lost to a scam.,24,https://www.financial-ombudsman.org.uk/decision/DRN-6320883.pdf
DRN-6471964,2026-08-10,2026-07-01,Jul 2026 – Aug 2026,Not upheld,0,Nationwide Building Society,Nationwide Building Society,Nationwide,High-street bank,Banking and Payments,Account closure / fraud marker,Mr B and Mrs B complain Nationwide Building Society (the society) unfairly closed their accounts.,15,https://www.financial-ombudsman.org.uk/decision/DRN-6471964.pdf
DRN-6546364,2026-08-10,2026-07-01,Jul 2026 – Aug 2026,Not upheld,0,AUTOMOTIVE COMPLIANCE LIMITED,AUTOMOTIVE COMPLIANCE LIMITED,AUTOMOTIVE COMPLIANCE LIMITED,Car & consumer finance,Consumer Credit,"Mis-selling, fees & charges","Miss R complains that her hire purchase agreement for a car, brokered for her by a dealer working under the banner of Automotive Compliance Limited (“ACL”) was mis-sold to her.",30,https://www.financial-ombudsman.org.uk/decision/DRN-6546364.pdf
DRN-6444840,2026-08-10,2026-07-01,Jul 2026 – Aug 2026,Not upheld,0,Barclays Bank UK PLC,Barclays Bank UK PLC,Barclays,High-street bank,Banking and Payments,Service & administration,Mr I complains that Barclays Bank UK PLC closed his credit card account in March 2025 and applied interest from March 2025 onwards whilst he was in breathing space.,29,https://www.financial-ombudsman.org.uk/decision/DRN-6444840.pdf
DRN-6543519,2026-08-10,2026-07-01,Jul 2026 – Aug 2026,Not upheld,0,Vanquis Bank Limited,Vanquis Bank Limited,Vanquis Bank Limited,Other lender / payment firm,Banking and Payments,Irresponsible lending,Miss B complains that Vanquis Bank Limited (Vanquis) acted irresponsibly when they agreed to lend to her.,17,https://www.financial-ombudsman.org.uk/decision/DRN-6543519.pdf
DRN-6509861,2026-08-10,2026-07-01,Jul 2026 – Aug 2026,Not upheld,0,MotoNovo Finance Limited,MotoNovo Finance Limited,MotoNovo Finance Limited,Car & consumer finance,Consumer Credit,Car finance - vehicle quality,"Mr V complains that a car that was supplied to him under a credit agreement with MotoNovo Finance Limited, trading as MotoNovo Finance, wasn’t of satisfactory quality.",27,https://www.financial-ombudsman.org.uk/decision/DRN-6509861.pdf
DRN-6512515,2026-08-10,2026-07-01,Jul 2026 – Aug 2026,Upheld,1,Vanquis Bank Limited,Vanquis Bank Limited,Vanquis Bank Limited,Other lender / payment firm,Banking and Payments,Unauthorised transactions,"Mr C complains that Vanquis Bank Limited did not make reasonable adjustments, even though he’d been requesting them since 2024, and managers didn’t call him back when requested.",28,https://www.financial-ombudsman.org.uk/decision/DRN-6512515.pdf
DRN-6550061,2026-08-11,2026-07-01,Jul 2026 – Aug 2026,Not upheld,0,MONZO BANK LIMITED,Monzo Bank Ltd,Monzo,Digital bank / e-money,Banking and Payments,Scam / APP fraud,Mr M complains that MONZO BANK LIMITED will not reimburse funds he says he lost to a scam.,18,https://www.financial-ombudsman.org.uk/decision/DRN-6550061.pdf
DRN-6547065,2026-08-11,2026-07-01,Jul 2026 – Aug 2026,Not upheld,0,Lendable Ltd,Lendable Ltd,Lendable Ltd,Other lender / payment firm,Consumer Credit,Irresponsible lending,Miss O complains that Lendable Ltd trading as Lendable (Lendable) irresponsibly entered into a fixed sum loan agreement with her.,20,https://www.financial-ombudsman.org.uk/decision/DRN-6547065.pdf
DRN-6546691,2026-08-11,2026-07-01,Jul 2026 – Aug 2026,Upheld,1,ZILCH TECHNOLOGY LIMITED,ZILCH TECHNOLOGY LIMITED,ZILCH TECHNOLOGY LIMITED,Other lender / payment firm,Consumer Credit,Service & administration,"Mr B complains about the way Zilch Technology Limited has administered his account, specifically in relation to an outstanding balance he owed.",22,https://www.financial-ombudsman.org.uk/decision/DRN-6546691.pdf
DRN-6478756,2026-08-11,2026-07-01,Jul 2026 – Aug 2026,Upheld,1,Amazon Payments UK Limited,Amazon Payments UK Limited,Amazon Payments UK Limited,Other lender / payment firm,Banking and Payments,Account closure / fraud marker,"A company, which I’ll refer to as L, complains that Amazon Payments UK Ltd (“APUK”) wrongly suspended its account and withheld its funds.",23,https://www.financial-ombudsman.org.uk/decision/DRN-6478756.pdf
DRN-6468539,2026-08-11,2026-07-01,Jul 2026 – Aug 2026,Not upheld,0,Barclays Bank UK PLC,Barclays Bank UK PLC,Barclays,High-street bank,Banking and Payments,Refund claim (s75 / chargeback),Mrs W complains that Barclays Bank UK PLC trading as Tesco Bank has declined to refund the difference for a disputed transaction when she was charged far more than she was expecting.,32,https://www.financial-ombudsman.org.uk/decision/DRN-6468539.pdf
DRN-6413513,2026-08-11,2026-07-01,Jul 2026 – Aug 2026,Not upheld,0,HSBC UK Bank Plc,HSBC UK Bank Plc,HSBC UK,High-street bank,Banking and Payments,Service & administration,Mr S complains that HSBC UK Bank Plc trading as first direct provided him with poor customer service.,18,https://www.financial-ombudsman.org.uk/decision/DRN-6413513.pdf
DRN-6312020,2026-08-11,2026-07-01,Jul 2026 – Aug 2026,Not upheld,0,MONZO BANK LIMITED,Monzo Bank Ltd,Monzo,Digital bank / e-money,Banking and Payments,Account closure / fraud marker,Ms S is unhappy Monzo Bank Limited (Monzo) blocked and closed her account.,13,https://www.financial-ombudsman.org.uk/decision/DRN-6312020.pdf
DRN-6512763,2026-08-11,2026-07-01,Jul 2026 – Aug 2026,Not upheld,0,NewDay Ltd,NewDay Ltd,NewDay Ltd,Other lender / payment firm,Banking and Payments,Refund claim (s75 / chargeback),Mr K is unhappy NewDay Ltd trading as Aqua has rejected his refund claim for money paid towards car repairs using his credit card.,24,https://www.financial-ombudsman.org.uk/decision/DRN-6512763.pdf
DRN-6362095,2026-08-11,2026-07-01,Jul 2026 – Aug 2026,Not upheld,0,Nationwide Building Society,Nationwide Building Society,Nationwide,High-street bank,Banking and Payments,Refund claim (s75 / chargeback),Mrs S complains Nationwide Building Society has acted unfairly by not refunding a payment she made using her debit card.,20,https://www.financial-ombudsman.org.uk/decision/DRN-6362095.pdf
DRN-6546653,2026-08-11,2026-07-01,Jul 2026 – Aug 2026,Upheld,1,Barclays Bank UK PLC,Barclays Bank UK PLC,Barclays,High-street bank,Banking and Payments,Scam / APP fraud,"Mr H complains that Barclays Bank UK PLC won’t refund the money he lost to a flight scam. Also, about the level of service provided.",25,https://www.financial-ombudsman.org.uk/decision/DRN-6546653.pdf
DRN-6382118,2026-08-11,2026-07-01,Jul 2026 – Aug 2026,Not upheld,0,TSB Bank plc,TSB Bank plc,TSB,High-street bank,Banking and Payments,Service & administration,Miss Z complains TSB Bank plc failed to clearly communicate they had withdrawn an account switch offer.,17,https://www.financial-ombudsman.org.uk/decision/DRN-6382118.pdf
DRN-6500712,2026-08-11,2026-07-01,Jul 2026 – Aug 2026,Not upheld,0,Skrill Limited,Skrill Limited,Skrill Limited,Other lender / payment firm,Banking and Payments,Account closure / fraud marker,Mr M complains Skrill Limited unfairly closed his account and provided limited options to Mr M to withdraw his closing balance.,21,https://www.financial-ombudsman.org.uk/decision/DRN-6500712.pdf
DRN-6391456,2026-08-11,2026-07-01,Jul 2026 – Aug 2026,Upheld,1,Lloyds Bank PLC,Lloyds Bank PLC,Lloyds Banking Group,High-street bank,Banking and Payments,Service & administration,Mr J complains about the actions of Lloyds Bank Plc when his account was compromised.,15,https://www.financial-ombudsman.org.uk/decision/DRN-6391456.pdf
DRN-6531319,2026-08-11,2026-07-01,Jul 2026 – Aug 2026,Not upheld,0,HSBC UK Bank Plc,HSBC UK Bank Plc,HSBC UK,High-street bank,Banking and Payments,Irresponsible lending,HSBC UK Bank Plc trading as M&S Bank (M&S Bank) accepted Mrs P’s application for a credit card in October 2024. Mrs P says the credit card was provided irresponsibly.,30,https://www.financial-ombudsman.org.uk/decision/DRN-6531319.pdf
DRN-6416233,2026-08-11,2026-07-01,Jul 2026 – Aug 2026,Not upheld,0,Zempler Bank Limited,Zempler Bank Limited,Zempler Bank Limited,Other lender / payment firm,Banking and Payments,Service & administration,"Mr B complains that, following a review, Zempler Bank Limited unfairly returned certain payments he received.",16,https://www.financial-ombudsman.org.uk/decision/DRN-6416233.pdf
DRN-6546229,2026-08-11,2026-07-01,Jul 2026 – Aug 2026,Not upheld,0,Barclays Bank UK PLC,Barclays Bank UK PLC,Barclays,High-street bank,Banking and Payments,Service & administration,Mr S complains that Barclays Bank UK PLC have threatened to close his account due to complaints he’s made to them.,21,https://www.financial-ombudsman.org.uk/decision/DRN-6546229.pdf
DRN-6103837,2026-08-11,2026-07-01,Jul 2026 – Aug 2026,Upheld,1,Stripe Payments UK Limited,Stripe Payments UK Limited,Stripe Payments UK Limited,Other lender / payment firm,Banking and Payments,Refund claim (s75 / chargeback),"A company, which I will refer to as D, complains that Stripe Payments UK Limited failed to properly escalate a chargeback dispute.",22,https://www.financial-ombudsman.org.uk/decision/DRN-6103837.pdf
DRN-6395099,2026-08-11,2026-07-01,Jul 2026 – Aug 2026,Not upheld,0,NATIONAL WESTMINSTER BANK PUBLIC LIMITED COMPANY,National Westminster Bank Plc,NatWest Group,High-street bank,Banking and Payments,Refund claim (s75 / chargeback),"A company, which I’ll refer to as D, complains National Westminster Bank Public Limited Company (NatWest) declined a disputed transaction claim.",21,https://www.financial-ombudsman.org.uk/decision/DRN-6395099.pdf
DRN-6547002,2026-08-11,2026-07-01,Jul 2026 – Aug 2026,Upheld,1,Volkswagen Financial Services (UK) Limited,Volkswagen Financial Services (UK) Limited,Volkswagen Financial Services (UK) Limited,Car & consumer finance,Consumer Credit,Car finance - vehicle quality,Mr T complains the used car he acquired under an agreement with Volkswagen Financial Services (UK) Limited trading as Skoda Financial Services (VWFS) was mis-represented to him.,27,https://www.financial-ombudsman.org.uk/decision/DRN-6547002.pdf
DRN-6391658,2026-08-11,2026-07-01,Jul 2026 – Aug 2026,Upheld,1,BMW Financial Services (GB) Limited,BMW Financial Services (GB) Limited,BMW Financial Services (GB) Limited,Car & consumer finance,Consumer Credit,Car finance - vehicle quality,"Mr K complains about a car he acquired with credit provided by BMW Financial Services (GB) Limited, trading as Alphera Financial Services.",22,https://www.financial-ombudsman.org.uk/decision/DRN-6391658.pdf
DRN-6550220,2026-08-11,2026-07-01,Jul 2026 – Aug 2026,Not upheld,0,Wise Payments Limited,Wise Payments Limited,Wise Payments Limited,Other lender / payment firm,Banking and Payments,Scam / APP fraud,Mr C complains that Wise Payments Limited (Wise) won’t refund the money he lost to an investment scam.,18,https://www.financial-ombudsman.org.uk/decision/DRN-6550220.pdf
DRN-6518228,2026-08-11,2026-07-01,Jul 2026 – Aug 2026,Not upheld,0,State Bank Of India (UK) Limited,State Bank Of India (UK) Limited,State Bank Of India (UK) Limited,Other lender / payment firm,Banking and Payments,Scam / APP fraud,Mr L complains that State Bank of India (UK) Limited (“SBI”) won’t refund the money he lost after falling victim to a scam.,23,https://www.financial-ombudsman.org.uk/decision/DRN-6518228.pdf
DRN-6456471,2026-08-11,2026-07-01,Jul 2026 – Aug 2026,Not upheld,0,PayPal UK Ltd,PayPal UK Ltd,PayPal UK Ltd,Other lender / payment firm,Banking and Payments,Service & administration,Mr H complains PayPal UK Ltd gave him a goodwill credit and then took it back.,16,https://www.financial-ombudsman.org.uk/decision/DRN-6456471.pdf
DRN-6143824,2026-08-11,2026-07-01,Jul 2026 – Aug 2026,Not upheld,0,Barclays Bank UK PLC,Barclays Bank UK PLC,Barclays,High-street bank,Banking and Payments,Scam / APP fraud,Mr R complains that Barclays Bank UK Plc (as the recipient bank) didn’t do enough to prevent him from losing money to a scam.,24,https://www.financial-ombudsman.org.uk/decision/DRN-6143824.pdf
DRN-6277316,2026-08-11,2026-07-01,Jul 2026 – Aug 2026,Not upheld,0,BMW Financial Services (GB) Limited,BMW Financial Services (GB) Limited,BMW Financial Services (GB) Limited,Car & consumer finance,Consumer Credit,Service & administration,Mrs H complains about the administration of a hire purchase agreement she has with BMW FINANCIAL SERVICES (GB) LIMITED trading as ALPHERA Financial Services (Alphera).,25,https://www.financial-ombudsman.org.uk/decision/DRN-6277316.pdf
DRN-6130392,2026-08-11,2026-07-01,Jul 2026 – Aug 2026,Not upheld,0,Lendable Ltd,Lendable Ltd,Lendable Ltd,Other lender / payment firm,Banking and Payments,Refund claim (s75 / chargeback),Mr D is unhappy with how Lendable Ltd trading as Zable (Zable) handled a refund claim he made.,18,https://www.financial-ombudsman.org.uk/decision/DRN-6130392.pdf
DRN-6512818,2026-08-11,2026-07-01,Jul 2026 – Aug 2026,Not upheld,0,RCI Financial Services Limited,RCI Financial Services Limited,RCI Financial Services Limited,Car & consumer finance,Consumer Credit,"Mis-selling, fees & charges","Mr P complains about charges RCI Financial Services Limited, trading as Mobilize Financial Services (who I’ll call ‘RCI’) asked him to pay after he returned a car he was financing through an agreement with them.",35,https://www.financial-ombudsman.org.uk/decision/DRN-6512818.pdf
DRN-6418117,2026-08-11,2026-07-01,Jul 2026 – Aug 2026,Not upheld,0,Santander UK Plc,Santander UK Plc,Santander UK,High-street bank,Banking and Payments,Service & administration,Miss U complains about the way Santander UK Plc treated her and her family when she visited a branch to open a new bank account.,25,https://www.financial-ombudsman.org.uk/decision/DRN-6418117.pdf
DRN-6517418,2026-08-11,2026-07-01,Jul 2026 – Aug 2026,Not upheld,0,HSBC UK Bank Plc,HSBC UK Bank Plc,HSBC UK,High-street bank,Banking and Payments,Service & administration,Mrs R complains that HSBC UK Bank Plc trading as M&S Bank (M&S) has charged interest for a balance transfer she paid off in 2011.,25,https://www.financial-ombudsman.org.uk/decision/DRN-6517418.pdf
DRN-6192524,2026-08-11,2026-07-01,Jul 2026 – Aug 2026,Not upheld,0,Clydesdale Financial Services Limited,Clydesdale Financial Services Limited,Barclays,High-street bank,Consumer Credit,Refund claim (s75 / chargeback),Mr G complains that Clydesdale Financial Services Limited trading as Barclays Partner Finance (BPF) rejected his claim under section 75 Consumer Credit Act 1974 (s.75).,25,https://www.financial-ombudsman.org.uk/decision/DRN-6192524.pdf
DRN-6546075,2026-08-11,2026-07-01,Jul 2026 – Aug 2026,Upheld,1,American Express Services Europe Limited,American Express Services Europe Limited,American Express Services Europe Limited,Other lender / payment firm,Banking and Payments,Refund claim (s75 / chargeback),Mr G complains about the way American Express Services Europe Limited (‘Amex’) handled his claim for a refund.,18,https://www.financial-ombudsman.org.uk/decision/DRN-6546075.pdf
DRN-6546702,2026-08-11,2026-07-01,Jul 2026 – Aug 2026,Upheld,1,Barclays Bank UK PLC,Barclays Bank UK PLC,Barclays,High-street bank,Banking and Payments,Scam / APP fraud,Mr R complains that Barclays Bank UK PLC (‘Barclays’) hasn’t refunded the money he lost to a scam.,18,https://www.financial-ombudsman.org.uk/decision/DRN-6546702.pdf
DRN-6546994,2026-08-11,2026-07-01,Jul 2026 – Aug 2026,Upheld,1,Aldermore Bank Plc,Aldermore Bank Plc,Aldermore Bank Plc,Other lender / payment firm,Banking and Payments,Service & administration,"Mrs A complains Aldermore Bank Plc didn’t correctly complete her ISA transfer, which resulted in an incorrect amount being transferred and caused distress and inconvenience.",25,https://www.financial-ombudsman.org.uk/decision/DRN-6546994.pdf
DRN-6520134,2026-08-11,2026-07-01,Jul 2026 – Aug 2026,Not upheld,0,Barclays Bank UK PLC,Barclays Bank UK PLC,Barclays,High-street bank,Banking and Payments,Refund claim (s75 / chargeback),Miss C complains that Barclays Bank UK PLC trading as Tesco Bank failed to obtain a refund for faulty goods she bought online.,23,https://www.financial-ombudsman.org.uk/decision/DRN-6520134.pdf
DRN-6549778,2026-08-11,2026-07-01,Jul 2026 – Aug 2026,Not upheld,0,Mitsubishi HC Capital UK Plc,Mitsubishi HC Capital UK Plc,Mitsubishi HC Capital UK Plc,Car & consumer finance,Consumer Credit,Timeshare / unfair credit (s140A),"Mr L’s complaint is, in essence, that Mitsubishi HC Capital UK Plc (the ‘Lender’) acted unfairly and unreasonably by (1) being party to an unfair credit relationship with him under Section 140A of the Consumer Credit Act 1974",38,https://www.financial-ombudsman.org.uk/decision/DRN-6549778.pdf
DRN-6537562,2026-08-11,2026-07-01,Jul 2026 – Aug 2026,Not upheld,0,Fairscore Ltd,Fairscore Ltd,Fairscore Ltd,Other lender / payment firm,Consumer Credit,Irresponsible lending,Mr K complains that Fairscore Limited t/a Updraft (“Fairscore”) provided credit to him irresponsibly and this credit was unaffordable.,19,https://www.financial-ombudsman.org.uk/decision/DRN-6537562.pdf
DRN-6398335,2026-08-11,2026-07-01,Jul 2026 – Aug 2026,Not upheld,0,American Express Services Europe Limited,American Express Services Europe Limited,American Express Services Europe Limited,Other lender / payment firm,Banking and Payments,"Mis-selling, fees & charges",Mrs T complains about the way American Express Services Europe Limited (American Express) dealt with her section 75 claim in relation to additional charges for a holiday booked with a travel agent.,32,https://www.financial-ombudsman.org.uk/decision/DRN-6398335.pdf
DRN-6517449,2026-08-11,2026-07-01,Jul 2026 – Aug 2026,Not upheld,0,MBNA Limited,MBNA Limited,Lloyds Banking Group,High-street bank,Banking and Payments,Scam / APP fraud,Mr W complains that MBNA Limited won’t refund the money he lost to an investment scam.,16,https://www.financial-ombudsman.org.uk/decision/DRN-6517449.pdf
DRN-6506580,2026-08-11,2026-07-01,Jul 2026 – Aug 2026,Not upheld,0,Santander UK Plc,Santander UK Plc,Santander UK,High-street bank,Banking and Payments,Service & administration,"Mr R complains on behalf of the estate of Ms W, that Santander UK PLC won’t release funds associated with a rediscovered passbook from 1987, or provide evidence the account was closed.",32,https://www.financial-ombudsman.org.uk/decision/DRN-6506580.pdf
DRN-6262046,2026-08-11,2026-07-01,Jul 2026 – Aug 2026,Not upheld,0,MONZO BANK LIMITED,Monzo Bank Ltd,Monzo,Digital bank / e-money,Banking and Payments,Account closure / fraud marker,Miss L complains MONZO BANK LIMITED (“Monzo”) closed her accounts after telling her to raise a dispute using Chargeback - which she did in good faith.,26,https://www.financial-ombudsman.org.uk/decision/DRN-6262046.pdf
DRN-6363251,2026-08-11,2026-07-01,Jul 2026 – Aug 2026,Not upheld,0,Nationwide Building Society,Nationwide Building Society,Nationwide,High-street bank,Banking and Payments,Unauthorised transactions,Mr S has complained that Nationwide Building Society (Nationwide) has refused to refund transactions which he didn’t request or authorise.,20,https://www.financial-ombudsman.org.uk/decision/DRN-6363251.pdf
DRN-6477287,2026-08-11,2026-07-01,Jul 2026 – Aug 2026,Not upheld,0,Bank of Scotland Plc,Bank of Scotland Plc,Lloyds Banking Group,High-street bank,Banking and Payments,Irresponsible lending,Miss S complains that Bank of Scotland plc trading as Halifax (“Halifax”) acted irresponsibly when it provided her with two overdrafts which she couldn’t afford.,25,https://www.financial-ombudsman.org.uk/decision/DRN-6477287.pdf
DRN-6537468,2026-08-11,2026-07-01,Jul 2026 – Aug 2026,Not upheld,0,MONZO BANK LIMITED,Monzo Bank Ltd,Monzo,Digital bank / e-money,Banking and Payments,Unauthorised transactions,Mr J has complained that MONZO BANK LIMITED won’t refund transactions which he doesn’t recognise.,15,https://www.financial-ombudsman.org.uk/decision/DRN-6537468.pdf
DRN-6416323,2026-08-11,2026-07-01,Jul 2026 – Aug 2026,Upheld,1,MONZO BANK LIMITED,Monzo Bank Ltd,Monzo,Digital bank / e-money,Consumer Credit,Service & administration,Miss J complains that Monzo Bank Limited would not reallocate her loan payment towards her contractual repayment.,17,https://www.financial-ombudsman.org.uk/decision/DRN-6416323.pdf
DRN-6238755,2026-08-11,2026-07-01,Jul 2026 – Aug 2026,Not upheld,0,Santander UK Plc,Santander UK Plc,Santander UK,High-street bank,Banking and Payments,Unauthorised transactions,Mr E complains that Santander UK PLC (‘Santander’) removed a payee that was set up on his bank account without his knowledge or permission.,24,https://www.financial-ombudsman.org.uk/decision/DRN-6238755.pdf
DRN-6433209,2026-08-11,2026-07-01,Jul 2026 – Aug 2026,Not upheld,0,Mercedes-Benz Financial Services UK Limited,Mercedes-Benz Financial Services UK Limited,Mercedes-Benz Financial Services UK Limited,Car & consumer finance,Consumer Credit,"Mis-selling, fees & charges",Mr P complains about charges Mercedes-Benz Financial Services UK Limited trading as Mercedes-Benz Financial Services (MBF) applied when he returned a car at the end of his contract hire agreement.,30,https://www.financial-ombudsman.org.uk/decision/DRN-6433209.pdf
DRN-6529777,2026-08-11,2026-07-01,Jul 2026 – Aug 2026,Upheld,1,Santander Consumer (UK) Plc,Santander Consumer (UK) Plc,Santander UK,High-street bank,Consumer Credit,Car finance - vehicle quality,Mrs M complains about the quality of a car that was supplied through a Conditional Sale agreement with Santander Consumer (UK) Plc trading as MG Motor Financial Services (Santander).,29,https://www.financial-ombudsman.org.uk/decision/DRN-6529777.pdf
DRN-6533554,2026-08-11,2026-07-01,Jul 2026 – Aug 2026,Not upheld,0,Loans 2 Go Limited,Loans 2 Go Limited,Loans 2 Go Limited,Other lender / payment firm,Consumer Credit,Irresponsible lending,Loans 2 Go Limited provided Mr C with a £250 loan in September 2025. Mr C says the credit was provided irresponsibly.,22,https://www.financial-ombudsman.org.uk/decision/DRN-6533554.pdf
DRN-6547494,2026-08-11,2026-07-01,Jul 2026 – Aug 2026,Upheld,1,N.I.I.B. Group Limited,N.I.I.B. Group Limited,N.I.I.B. Group Limited,Car & consumer finance,Consumer Credit,Car finance - vehicle quality,Mrs H complains that the car she was supplied by N.I.I.B. Group limited trading as Northridge Finance (“Northridge”) is of unsatisfactory quality.,22,https://www.financial-ombudsman.org.uk/decision/DRN-6547494.pdf
DRN-6448010,2026-08-11,2026-07-01,Jul 2026 – Aug 2026,Not upheld,0,Santander UK Plc,Santander UK Plc,Santander UK,High-street bank,Banking and Payments,Refund claim (s75 / chargeback),"Mr G complains that Santander UK Plc (Santander) didn’t handle his chargeback dispute claim correctly, closing it without fully considering all his evidence.",23,https://www.financial-ombudsman.org.uk/decision/DRN-6448010.pdf
DRN-6395640,2026-08-11,2026-07-01,Jul 2026 – Aug 2026,Upheld,1,Think Money Limited,Think Money Limited,Think Money Limited,Other lender / payment firm,Banking and Payments,Service & administration,"Mr C complains that Think Money Limited unfairly closed his bank account without providing a proper explanation, which caused him a lot of problems.",24,https://www.financial-ombudsman.org.uk/decision/DRN-6395640.pdf
DRN-6232840,2026-08-11,2026-07-01,Jul 2026 – Aug 2026,Not upheld,0,Arval UK Limited,Arval UK Limited,Arval UK Limited,Car & consumer finance,Consumer Credit,Car finance - vehicle quality,Mr B complains that the car he acquired through Arval UK Limited (“Arval”) wasn’t of satisfactory quality. He wants to reject the car and cancel the credit agreement.,28,https://www.financial-ombudsman.org.uk/decision/DRN-6232840.pdf
DRN-6488528,2026-08-11,2026-07-01,Jul 2026 – Aug 2026,Upheld,1,Volvo Car Financial Services UK Limited,Volvo Car Financial Services UK Limited,Volvo Car Financial Services UK Limited,Car & consumer finance,Consumer Credit,Car finance - vehicle quality,Mr A complains that a car supplied to him on finance with Volvo Car Financial Services UK Limited (‘Volvo’) was of unsatisfactory quality.,23,https://www.financial-ombudsman.org.uk/decision/DRN-6488528.pdf
DRN-6312040,2026-08-11,2026-07-01,Jul 2026 – Aug 2026,Not upheld,0,Nationwide Building Society,Nationwide Building Society,Nationwide,High-street bank,Banking and Payments,Unauthorised transactions,Mr C complains that Nationwide Building Society (“Nationwide”) won’t refund payments on his credit card he says he didn’t make or agree to.,23,https://www.financial-ombudsman.org.uk/decision/DRN-6312040.pdf
DRN-6473408,2026-08-11,2026-07-01,Jul 2026 – Aug 2026,Not upheld,0,HSBC UK Bank Plc,HSBC UK Bank Plc,HSBC UK,High-street bank,Banking and Payments,Service & administration,Mr H complains that HSBC Bank Plc wrongly turned him down for a basic bank account.,16,https://www.financial-ombudsman.org.uk/decision/DRN-6473408.pdf
DRN-6380093,2026-08-11,2026-07-01,Jul 2026 – Aug 2026,Not upheld,0,MONZO BANK LIMITED,Monzo Bank Ltd,Monzo,Digital bank / e-money,Banking and Payments,Account closure / fraud marker,Mr S complains that Monzo Bank Limited unfairly loaded a marker about him at Cifas the national fraud database and closed his account.,23,https://www.financial-ombudsman.org.uk/decision/DRN-6380093.pdf
DRN-6362279,2026-08-11,2026-07-01,Jul 2026 – Aug 2026,Not upheld,0,Revolut Ltd,Revolut Ltd,Revolut,Digital bank / e-money,Banking and Payments,Account closure / fraud marker,Mr K is unhappy Revolut Ltd (Revolut) closed his account and haven’t provided an adequate explanation.,16,https://www.financial-ombudsman.org.uk/decision/DRN-6362279.pdf
DRN-6518838,2026-08-11,2026-07-01,Jul 2026 – Aug 2026,Not upheld,0,Starling Bank Limited,Starling Bank Limited,Starling,Digital bank / e-money,Banking and Payments,Scam / APP fraud,"Mr A, on behalf of company “B”, complains that Starling Bank Limited (“Starling”) won’t refund money that he believes has been lost to an Authorised Push Payment (“APP”) scam.",29,https://www.financial-ombudsman.org.uk/decision/DRN-6518838.pdf
DRN-6525370,2026-08-11,2026-07-01,Jul 2026 – Aug 2026,Upheld,1,MONZO BANK LIMITED,Monzo Bank Ltd,Monzo,Digital bank / e-money,Consumer Credit,Credit file / debt / defaults,Mr T complains about Monzo Bank Limited’s decision to close his loan and record a default on his credit file.,20,https://www.financial-ombudsman.org.uk/decision/DRN-6525370.pdf
DRN-6227774,2026-08-11,2026-07-01,Jul 2026 – Aug 2026,Not upheld,0,PayPal UK Ltd,PayPal UK Ltd,PayPal UK Ltd,Other lender / payment firm,Banking and Payments,Credit file / debt / defaults,Mr H complains that PayPal UK Ltd (“PayPal”) unfairly recorded a default to his credit file because he didn’t receive a default notice and feels that it was recorded prematurely.,30,https://www.financial-ombudsman.org.uk/decision/DRN-6227774.pdf
DRN-6431538,2026-08-11,2026-07-01,Jul 2026 – Aug 2026,Not upheld,0,MotoNovo Finance Limited,MotoNovo Finance Limited,MotoNovo Finance Limited,Car & consumer finance,Consumer Credit,Car finance - vehicle quality,Mrs W complains that a car supplied to her on finance with MotoNovo Finance Limited (‘MotoNovo’) was of unsatisfactory quality.,20,https://www.financial-ombudsman.org.uk/decision/DRN-6431538.pdf
DRN-6270550,2026-08-11,2026-07-01,Jul 2026 – Aug 2026,Not upheld,0,Lendable Ltd,Lendable Ltd,Lendable Ltd,Other lender / payment firm,Banking and Payments,Unauthorised transactions,Mr C complains that Lendable Ltd trading as Zable has declined to refund him for transactions made on his account that he says he did not authorise.,27,https://www.financial-ombudsman.org.uk/decision/DRN-6270550.pdf
DRN-6482651,2026-08-11,2026-07-01,Jul 2026 – Aug 2026,Upheld,1,Barclays Bank UK PLC,Barclays Bank UK PLC,Barclays,High-street bank,Banking and Payments,Service & administration,Ms H complains that Barclays Bank UK Plc delayed sending an international payment resulting in a financial loss due to exchange rate changes. She further complains about the service she received.,31,https://www.financial-ombudsman.org.uk/decision/DRN-6482651.pdf
DRN-6321202,2026-08-11,2026-07-01,Jul 2026 – Aug 2026,Not upheld,0,Equifax Limited,Equifax Limited,Equifax Limited,Other lender / payment firm,Consumer Credit,Credit file / debt / defaults,Mr S complains that EQUIFAX LIMITED hasn’t removed a missed payment marker from his credit file.,16,https://www.financial-ombudsman.org.uk/decision/DRN-6321202.pdf
DRN-6370035,2026-08-11,2026-07-01,Jul 2026 – Aug 2026,Not upheld,0,BMW Financial Services (GB) Limited,BMW Financial Services (GB) Limited,BMW Financial Services (GB) Limited,Car & consumer finance,Consumer Credit,Credit file / debt / defaults,Mr A complains BMW FINANCIAL SERVICES (GB) LIMITED (‘BMWFS’) won’t write off a loan he took out with it.,19,https://www.financial-ombudsman.org.uk/decision/DRN-6370035.pdf
DRN-6354274,2026-08-11,2026-07-01,Jul 2026 – Aug 2026,Not upheld,0,Kroo Bank Ltd,Kroo Bank Ltd,Kroo,Digital bank / e-money,Banking and Payments,Account closure / fraud marker,Mr B complains that Kroo Bank Ltd closed his account and reported adverse information about the closure to the Cifas national fraud database.,23,https://www.financial-ombudsman.org.uk/decision/DRN-6354274.pdf
DRN-6375242,2026-08-11,2026-07-01,Jul 2026 – Aug 2026,Not upheld,0,TSB Bank plc,TSB Bank plc,TSB,High-street bank,Banking and Payments,Account closure / fraud marker,Mr B complains that TSB bank closed his account and delayed the return of his funds.,16,https://www.financial-ombudsman.org.uk/decision/DRN-6375242.pdf
DRN-6287177,2026-08-11,2026-07-01,Jul 2026 – Aug 2026,Upheld,1,Oodle Financial Services Limited,Oodle Financial Services Limited,Oodle Financial Services Limited,Car & consumer finance,Consumer Credit,Service & administration,"Mr G is unhappy with how Oodle Financial Services Limited, trading as Oodle Car Finance, dealt with the termination of a hire purchase agreement he had with them.",28,https://www.financial-ombudsman.org.uk/decision/DRN-6287177.pdf
DRN-6476839,2026-08-11,2026-07-01,Jul 2026 – Aug 2026,Not upheld,0,Loans 2 Go Limited,Loans 2 Go Limited,Loans 2 Go Limited,Other lender / payment firm,Consumer Credit,Irresponsible lending,Mr M complains that Loans 2 Go Limited (L2G) was irresponsible in its lending to him on two occasions and that he was not adequately assessed for the credit.,29,https://www.financial-ombudsman.org.uk/decision/DRN-6476839.pdf
DRN-6322437,2026-08-11,2026-07-01,Jul 2026 – Aug 2026,Upheld,1,Clydesdale Bank Plc,Clydesdale Bank Plc,Virgin Money,High-street bank,Banking and Payments,Irresponsible lending,"Mrs M has complained that Clydesdale Bank Plc, trading as Virgin Money, was irresponsible when providing her with a credit card.",21,https://www.financial-ombudsman.org.uk/decision/DRN-6322437.pdf
DRN-6445649,2026-08-11,2026-07-01,Jul 2026 – Aug 2026,Not upheld,0,HSBC UK Bank Plc,HSBC UK Bank Plc,HSBC UK,High-street bank,Banking and Payments,Refund claim (s75 / chargeback),Mr B complains HSBC UK Bank Plc acted unfairly by not refunding a payment he made.,16,https://www.financial-ombudsman.org.uk/decision/DRN-6445649.pdf
DRN-6549254,2026-08-11,2026-07-01,Jul 2026 – Aug 2026,Not upheld,0,Black Horse Limited,Black Horse Limited,Lloyds Banking Group,High-street bank,Consumer Credit,Service & administration,Mrs E complains that information wasn’t disclosed to her during the sales process when she acquired a car under a Hire Purchase Agreement (“agreement”) with Black Horse Limited (“Black Horse”).,30,https://www.financial-ombudsman.org.uk/decision/DRN-6549254.pdf
DRN-6549688,2026-08-11,2026-07-01,Jul 2026 – Aug 2026,Not upheld,0,Barclays Bank UK PLC,Barclays Bank UK PLC,Barclays,High-street bank,Banking and Payments,Unauthorised transactions,Mr S complains that Barclays Bank UK PLC won’t refund disputed transactions he doesn’t recognise on his account.,18,https://www.financial-ombudsman.org.uk/decision/DRN-6549688.pdf
DRN-6479777,2026-08-12,2026-07-01,Jul 2026 – Aug 2026,Not upheld,0,Barclays Bank UK PLC,Barclays Bank UK PLC,Barclays,High-street bank,Consumer Credit,"Mis-selling, fees & charges","Mr M is unhappy with the way that Barclays Bank UK PLC trading as Tesco Bank (“Tesco”) have handled his application for a loan, including pre- approving, changing the interest rate offered and later declining the application.",37,https://www.financial-ombudsman.org.uk/decision/DRN-6479777.pdf
